phylum,class,order,family,genus,species,study sample sex,study sample size,body mass (kg),metabolic rate (W),mass-specific metabolic rate (W/kg),brain size (kg),brain size - method
Chordata,Amphibia,Anura,Hylidae,Hyla,Hyla versicolor,,1,0.01315,,,4.225844e-05,histological reconstruction
Chordata,Amphibia,Anura,Hylidae,Pseudacris,Pseudacris triseriata,,3,1e-04,,,2.25848e-06,histological reconstruction
Chordata,Amphibia,Anura,Hylidae,Acris,Acris crepitans,,3,3e-04,,,4.43408e-06,histological reconstruction
Chordata,Amphibia,Anura,Ceratobatrachidae,Platymantis,Platymantis vitiensis,,1,3e-04,,,4.93136e-06,histological reconstruction
Chordata,Amphibia,Anura,Ranidae,Rana,Rana sylvatica,,3,0.00037,,,8.56772e-06,histological reconstruction
Chordata,Amphibia,Anura,Ranidae,Rana,Rana pipiens,,3,0.0011,,,2.03574e-05,histological reconstruction
Chordata,Amphibia,Anura,Ranidae,Rana,Rana clamitans,,3,0.00362,,,3.915044e-05,histological reconstruction
Chordata,Amphibia,Anura,Pipidae,Xenopus,Xenopus laevis,,1,0.03237,,,5.137524e-05,histological reconstruction
Chordata,Amphibia,Anura,Rhionphrynidae,Rhinophrynus,Rhinophrynus dorsalis,,1,0.01657,,,3.292408e-05,histological reconstruction
Arthropoda,Arachnida,Araneae,Ctenidae,Cupiennius,Cupiennius salei,,5,,,,2.50712e-07,histological reconstruction
Arthropoda,Arachnida,Araneae,Araneidae,Nephila,Nephila clavipes,,5,,,,6.30924e-08,histological reconstruction
Arthropoda,Arachnida,Araneae,Theraphosidae,Ephebopus,Ephebopus sp.,,3,,,,3.82284e-07,histological reconstruction
Arthropoda,Arachnida,Araneae,Salticidae,Phidippus,Phidippus regius,,3,,,,2.7454e-07,histological reconstruction
Arthropoda,Arachnida,Araneae,Araneidae,Zygiella,Zygiella x-notata,,20,3.9e-05,,,1.22248e-06,histological reconstruction
Arthropoda,Arachnida,Araneae,Araneidae,Zygiella,Zygiella x-notata,,13,2.9e-05,,,1.35716e-06,histological reconstruction
Arthropoda,Arachnida,Araneae,Mysmenidae,Mysmena,Mysmena sp.,female,1,1e-07,,,4.0404e-09,histological reconstruction
Arthropoda,Arachnida,Araneae,Mysmenidae,Mysmenopsis,Mysmenopsis tengellacompa,female,1,3e-07,,,1.87516e-08,histological reconstruction
Arthropoda,Arachnida,Araneae,Anapidae,Anapisona,Anapisona simoni,female,1,8e-07,,,1.31572e-08,histological reconstruction
Arthropoda,Arachnida,Araneae,Anapidae,Anapisona,Anapisona simoni,male,1,8e-07,,,1.20176e-08,histological reconstruction
Arthropoda,Arachnida,Araneae,Theridiidae,Faiditus,Faiditus elevatus,female,1,3e-06,,,3.39808e-08,histological reconstruction
Arthropoda,Arachnida,Araneae,Theridiidae,Faiditus,Faiditus elevatus,male,1,2.4e-06,,,5.51152e-08,histological reconstruction
Arthropoda,Arachnida,Araneae,Theridiidae,Faiditus,Faiditus sp.,male,1,2.7e-06,,,5.57368e-08,histological reconstruction
Arthropoda,Arachnida,Araneae,Araneidae,Eustala,Eustala illicita,male,1,1.4e-05,,,,
Arthropoda,Arachnida,Araneae,Tetragnathidae,Leucauge,Leucauge mariana,female,1,6e-05,,,1.580936e-07,histological reconstruction
Arthropoda,Arachnida,Araneae,Tetragnathidae,Leucauge,Leucauge mariana,male,1,2e-05,,,1.34162e-07,histological reconstruction
Arthropoda,Arachnida,Araneae,Araneidae,Argiope,Argiope argentata,female,1,0.00025,,,3.451952e-07,histological reconstruction
Arthropoda,Arachnida,Araneae,Araneidae,Nephila,Nephila clavipes,female,1,0.002,,,6.6304e-07,histological reconstruction
Arthropoda,Arachnida,Araneae,Araneidae,Nephila,Nephila clavipes,male,1,1.12e-05,,,1.615124e-07,histological reconstruction
Arthropoda,Arachnida,Araneae,Agelenidae,Eratigena,Eratigena atrica,,10,,,,1.37788e-07,histological reconstruction
Arthropoda,Arachnida,Araneae,Deinopidae,Deinopis,Deinopis spinosa,male,1,,,,2.4503462158e-08,micro-CT
Arthropoda,Arachnida,Araneae,Deinopidae,Deinopis,Deinopis spinosa,female,1,,,,2.20232955628e-08,micro-CT
Arthropoda,Arachnida,Araneae,Deinopidae,Deinopis,Deinopis spinosa,male,1,,,,2.4336333084e-08,micro-CT
Arthropoda,Arachnida,Araneae,Deinopidae,Deinopis,Deinopis spinosa,female,1,,,,2.29617674552e-08,micro-CT
Arthropoda,Arachnida,Araneae,Deinopidae,Deinopis,Deinopis spinosa,male,1,,,,2.94616373604e-08,micro-CT
Arthropoda,Arachnida,Araneae,Deinopidae,Deinopis,Deinopis spinosa,male,1,,,,2.43684882448e-08,micro-CT
Arthropoda,Arachnida,Araneae,Deinopidae,Deinopis,Deinopis spinosa,female,1,,,,2.11184038492e-08,micro-CT
Arthropoda,Arachnida,Araneae,Deinopidae,Deinopis,Deinopis spinosa,female,1,,,,3.49649815592e-08,micro-CT
Arthropoda,Arachnida,Araneae,Deinopidae,Deinopis,Deinopis spinosa,female,1,,,,4.01069884348e-08,micro-CT
Arthropoda,Arachnida,Araneae,Deinopidae,Deinopis,Deinopis spinosa,female,1,,,,2.5316848032e-08,micro-CT
Arthropoda,Arachnida,Araneae,Deinopidae,Deinopis,Deinopis spinosa,male,1,,,,3.87650902688e-08,micro-CT
Arthropoda,Arachnida,Araneae,Deinopidae,Deinopis,Deinopis spinosa,female,1,,,,2.90785670364e-08,micro-CT
Arthropoda,Arachnida,Araneae,Deinopidae,Deinopis,Deinopis spinosa,female,1,,,,3.75635258656e-08,micro-CT
Arthropoda,Arachnida,Araneae,Deinopidae,Deinopis,Deinopis spinosa,male,1,,,,3.7893214632e-08,micro-CT
Arthropoda,Arachnida,Araneae,Deinopidae,Deinopis,Deinopis spinosa,male,1,,,,3.91118186452e-08,micro-CT
Arthropoda,Arachnida,Araneae,Deinopidae,Deinopis,Deinopis spinosa,female,1,,,,4.37845336824e-08,micro-CT
Arthropoda,Arachnida,Araneae,Deinopidae,Deinopis,Deinopis spinosa,male,1,,,,4.33228244316e-08,micro-CT
Arthropoda,Arachnida,Araneae,Deinopidae,Deinopis,Deinopis spinosa,female,1,,,,4.5013875732e-08,micro-CT
Arthropoda,Arachnida,Araneae,Deinopidae,Deinopis,Deinopis spinosa,male,1,,,,3.95865503124e-08,micro-CT
Arthropoda,Arachnida,Araneae,Deinopidae,Deinopis,Deinopis spinosa,male,1,,,,3.50068612376e-08,micro-CT
Chordata,Aves,Casuariiformes,Casuariidae,Casuarius,Casuarius casuarius,,1,43.85,,,0.0376586,skull filling
Chordata,Aves,Casuariiformes,Casuariidae,Dromaius,Dromaius novaehollandiae,,1,36.5,,,0.02991968,skull filling
Chordata,Aves,Galliformes,Megapodiidae,Alectura,Alectura lathami,,1,2.3,,,0.00588448,skull filling
Chordata,Aves,Galliformes,Megapodiidae,Leipoa,Leipoa ocellata,,1,2,,,0.004662,skull filling
Chordata,Aves,Galliformes,Phasianidae,Coturnix,Coturnix pectoralis,,1,0.105,,,0.00099456,skull filling
Chordata,Aves,Galliformes,Phasianidae,Excalfactoria,Excalfactoria chinensis,,1,0.0375,,,0.00058016,skull filling
Chordata,Aves,Anseriformes,Anseranatidae,Anseranas,Anseranas semipalmata,,1,2.4,,,0.0091168,skull filling
Chordata,Aves,Anseriformes,Anatidae,Dendrocygna,Dendrocygna eytoni,,1,1,,,0.00472416,skull filling
Chordata,Aves,Anseriformes,Anatidae,Dendrocygna,Dendrocygna arcuata,,1,0.8,,,0.00467236,skull filling
Chordata,Aves,Anseriformes,Anatidae,Biziura,Biziura lobata,,1,1.975,,,0.00903392,skull filling
Chordata,Aves,Anseriformes,Anatidae,Stictonetta,Stictonetta naevosa,,1,0.91,,,0.00456876,skull filling
Chordata,Aves,Anseriformes,Anatidae,Cereopsis,Cereopsis novaehollandiae,,1,5,,,0.00914788,skull filling
Chordata,Aves,Anseriformes,Anatidae,Cygnus,Cygnus atratus,,1,6.1,,,0.0125874,skull filling
Chordata,Aves,Anseriformes,Anatidae,Tadorna,Tadorna radjah,,1,0.885,,,0.00536648,skull filling
Chordata,Aves,Anseriformes,Anatidae,Tadorna,Tadorna tadornoides,,1,1.45,,,0.00603988,skull filling
Chordata,Aves,Anseriformes,Anatidae,Chenonetta,Chenonetta jubata,,1,0.8,,,0.00422688,skull filling
Chordata,Aves,Anseriformes,Anatidae,Malacorhynchus,Malacorhynchus membranaceus,,1,0.375,,,0.0029526,skull filling
Chordata,Aves,Anseriformes,Anatidae,Nettapus,Nettapus pulchellus,,1,0.28,,,0.00277648,skull filling
Chordata,Aves,Anseriformes,Anatidae,Anas,Anas rhynchotis,,1,0.65,,,0.00366744,skull filling
Chordata,Aves,Anseriformes,Anatidae,Anas,Anas gracilis,,1,0.4965,,,0.00364672,skull filling
Chordata,Aves,Anseriformes,Anatidae,Anas,Anas castanea,,1,0.65,,,0.00386428,skull filling
Chordata,Aves,Anseriformes,Anatidae,Anas,Anas superciliosa,,1,1,,,0.00552188,skull filling
Chordata,Aves,Anseriformes,Anatidae,Aythya,Aythya australis,,1,0.85,,,0.00506604,skull filling
Chordata,Aves,Anseriformes,Anatidae,Oxyura,Oxyura australis,,1,0.85,,,0.00416472,skull filling
Chordata,Aves,Phaethontiformes,Phaethontidae,Phaethon,Phaethon rubricauda,,1,0.8,,,0.00468272,skull filling
Chordata,Aves,Podicipediformes,Podicipedidae,Tachybaptus,Tachybaptus novaehollandiae,,1,0.165,,,0.00171976,skull filling
Chordata,Aves,Podicipediformes,Podicipedidae,Poliocephalus,Poliocephalus poliocephalus,,1,0.24,,,0.00178192,skull filling
Chordata,Aves,Podicipediformes,Podicipedidae,Podiceps,Podiceps cristatus,,1,1.1,,,0.00322196,skull filling
Chordata,Aves,Columbiformes,Columbidae,Columba,Columba leucomela,,1,0.42,,,0.00237244,skull filling
Chordata,Aves,Columbiformes,Columbidae,Macropygia,Macropygia amboinensis,,1,0.2,,,0.00154364,skull filling
Chordata,Aves,Columbiformes,Columbidae,Chalcophaps,Chalcophaps indica,,1,0.135,,,0.001295,skull filling
Chordata,Aves,Columbiformes,Columbidae,Phaps,Phaps chalcoptera,,1,0.335,,,0.00184408,skull filling
Chordata,Aves,Columbiformes,Columbidae,Phaps,Phaps elegans,,1,0.205,,,0.0017094,skull filling
Chordata,Aves,Columbiformes,Columbidae,Phaps,Phaps histrionica,,1,0.3,,,0.0017094,skull filling
Chordata,Aves,Columbiformes,Columbidae,Ocyphaps,Ocyphaps lophotes,,1,0.19,,,0.0017612,skull filling
Chordata,Aves,Columbiformes,Columbidae,Geophaps,Geophaps plumifera,,1,0.095,,,0.00122248,skull filling
Chordata,Aves,Columbiformes,Columbidae,Geophaps,Geophaps smithii,,1,0.205,,,0.00144004,skull filling
Chordata,Aves,Columbiformes,Columbidae,Petrophassa,Petrophassa albipennis,,1,0.125,,,0.0011396,skull filling
Chordata,Aves,Columbiformes,Columbidae,Geopelia,Geopelia cuneata,,1,0.033,,,0.00080808,skull filling
Chordata,Aves,Columbiformes,Columbidae,Geopelia,Geopelia striata,,1,0.0485,,,0.00081844,skull filling
Chordata,Aves,Columbiformes,Columbidae,Geopelia,Geopelia humeralis,,1,0.13,,,0.00130536,skull filling
Chordata,Aves,Columbiformes,Columbidae,Leucosarcia,Leucosarcia melanoleuca,,1,0.415,,,0.00249676,skull filling
Chordata,Aves,Columbiformes,Columbidae,Ptilinopus,Ptilinopus magnificus,,1,0.335,,,0.00224812,skull filling
Chordata,Aves,Columbiformes,Columbidae,Ptilinopus,Ptilinopus superbus,,1,0.107,,,0.00112924,skull filling
Chordata,Aves,Columbiformes,Columbidae,Ptilinopus,Ptilinopus regina,,1,0.095,,,0.00125356,skull filling
Chordata,Aves,Columbiformes,Columbidae,Lopholaimus,Lopholaimus antarcticus,,1,0.575,,,0.00280756,skull filling
Chordata,Aves,Caprimulgiformes,Podargidae,Podargus,Podargus strigoides,,1,0.285,,,0.00503496,skull filling
Chordata,Aves,Caprimulgiformes,Caprimulgidae,Eurostopodus,Eurostopodus mystacalis,,1,0.13,,,0.00137788,skull filling
Chordata,Aves,Caprimulgiformes,Caprimulgidae,Eurostopodus,Eurostopodus argus,,1,0.0975,,,0.00128464,skull filling
Chordata,Aves,Caprimulgiformes,Caprimulgidae,Caprimulgus,Caprimulgus macrurus,,1,0.0675,,,0.00104636,skull filling
Chordata,Aves,Apodiformes,Aegothelidae,Aegotheles,Aegotheles cristatus,,1,0.045,,,0.00147112,skull filling
Chordata,Aves,Apodiformes,Apodidae,Aerodramus,Aerodramus terraereginae,,1,0.0125,,,0.00024864,skull filling
Chordata,Aves,Apodiformes,Apodidae,Hirundapus,Hirundapus caudacutus,,1,0.1175,,,0.00133644,skull filling
Chordata,Aves,Procellariiformes,Oceanitidae,Oceanites,Oceanites oceanicus,,1,0.035,,,0.00073556,skull filling
Chordata,Aves,Procellariiformes,Oceanitidae,Pelagodroma,Pelagodroma marina,,1,0.055,,,0.00100492,skull filling
Chordata,Aves,Procellariiformes,Diomedeidae,Diomedea,Diomedea exulans,,1,8.59,,,0.029267,skull filling
Chordata,Aves,Procellariiformes,Diomedeidae,Thalassarche,Thalassarche cauta,,1,4.025,,,0.02003624,skull filling
Chordata,Aves,Procellariiformes,Diomedeidae,Thalassarche,Thalassarche chrysostoma,,1,3.41,,,0.0198394,skull filling
Chordata,Aves,Procellariiformes,Diomedeidae,Phoebetria,Phoebetria palpebrata,,1,2.8,,,0.01754984,skull filling
Chordata,Aves,Procellariiformes,Procellariidae,Macronectes,Macronectes giganteus,,1,4.34,,,0.01858584,skull filling
Chordata,Aves,Procellariiformes,Procellariidae,Fulmarus,Fulmarus glacialoides,,1,0.8,,,0.00772856,skull filling
Chordata,Aves,Procellariiformes,Procellariidae,Daption,Daption capense,,1,0.44,,,0.00520072,skull filling
Chordata,Aves,Procellariiformes,Procellariidae,Halobaena,Halobaena caerulea,,1,0.201,,,0.00286972,skull filling
Chordata,Aves,Procellariiformes,Procellariidae,Pachyptila,Pachyptila salvini,,1,0.162,,,0.00213416,skull filling
Chordata,Aves,Procellariiformes,Procellariidae,Pachyptila,Pachyptila desolata,,1,0.152,,,0.0021756,skull filling
Chordata,Aves,Procellariiformes,Procellariidae,Pachyptila,Pachyptila belcheri,,1,0.149,,,0.002072,skull filling
Chordata,Aves,Procellariiformes,Procellariidae,Pachyptila,Pachyptila turtur,,1,0.1279,,,0.002072,skull filling
Chordata,Aves,Procellariiformes,Procellariidae,Procellaria,Procellaria aequinoctialis,,1,1.369,,,0.00931364,skull filling
Chordata,Aves,Procellariiformes,Procellariidae,Procellaria,Procellaria cinerea,,1,1.032,,,0.00879564,skull filling
Chordata,Aves,Procellariiformes,Procellariidae,Ardenna,Ardenna pacifica,,1,0.465,,,0.00411292,skull filling
Chordata,Aves,Procellariiformes,Procellariidae,Ardenna,Ardenna grisea,,1,0.8,,,0.00550116,skull filling
Chordata,Aves,Procellariiformes,Procellariidae,Ardenna,Ardenna tenuirostris,,1,0.585,,,0.004662,skull filling
Chordata,Aves,Procellariiformes,Procellariidae,Puffinus,Puffinus gavia,,1,0.266,,,0.00302512,skull filling
Chordata,Aves,Procellariiformes,Procellariidae,Lugensa,Lugensa brevirostris,,1,0.357,,,0.00441336,skull filling
Chordata,Aves,Procellariiformes,Procellariidae,Pterodroma,Pterodroma lessonii,,1,0.692,,,0.00608132,skull filling
Chordata,Aves,Procellariiformes,Procellariidae,Pterodroma,Pterodroma macroptera,,1,0.58,,,0.00505568,skull filling
Chordata,Aves,Procellariiformes,Procellariidae,Pterodroma,Pterodroma leucoptera,,1,0.18,,,0.00256928,skull filling
Chordata,Aves,Procellariiformes,Procellariidae,Pelecanoides,Pelecanoides urinatrix,,1,0.15,,,0.00175084,skull filling
Chordata,Aves,Sphenisciformes,Spheniscidae,Eudyptula,Eudyptula minor,,1,1.1,,,0.00762496,skull filling
Chordata,Aves,Suliformes,Fregatidae,Fregata,Fregata minor,,1,1.44,,,0.00956228,skull filling
Chordata,Aves,Suliformes,Sulidae,Sula,Sula leucogaster,,1,2.05,,,0.00936544,skull filling
Chordata,Aves,Suliformes,Anhingidae,Anhinga,Anhinga novaehollandiae,,1,1.5,,,0.00472416,skull filling
Chordata,Aves,Pelecaniformes,Phalacrocoracidae,Microcarbo,Microcarbo melanoleucos,,1,0.65,,,0.00553224,skull filling
Chordata,Aves,Suliformes,Phalacrocoracidae,Phalacrocorax,Phalacrocorax carbo,,1,2.15,,,0.0108262,skull filling
Chordata,Aves,Suliformes,Phalacrocoracidae,Phalacrocorax,Phalacrocorax sulcirostris,,1,1,,,0.00584304,skull filling
Chordata,Aves,Suliformes,Phalacrocoracidae,Phalacrocorax,Phalacrocorax varius,,1,2.2,,,0.00954156,skull filling
Chordata,Aves,Suliformes,Phalacrocoracidae,Phalacrocorax,Phalacrocorax fuscescens,,1,1.515,,,0.00921004,skull filling
Chordata,Aves,Pelecaniformes,Pelecanidae,Pelecanus,Pelecanus conspicillatus,,1,5.4,,,0.02577568,skull filling
Chordata,Aves,Pelecaniformes,Ardeidae,Botaurus,Botaurus poiciloptilus,,1,1.16,,,0.0060088,skull filling
Chordata,Aves,Pelecaniformes,Ardeidae,Ixobrychus,Ixobrychus dubius,,1,0.0895,,,0.0017094,skull filling
Chordata,Aves,Pelecaniformes,Ardeidae,Ixobrychus,Ixobrychus flavicollis,,1,0.3665,,,0.0026936,skull filling
Chordata,Aves,Pelecaniformes,Ardeidae,Ardea,Ardea pacifica,,1,0.91,,,0.00534576,skull filling
Chordata,Aves,Pelecaniformes,Ardeidae,Ardea,Ardea modesta,,1,1.1615,,,0.00522144,skull filling
Chordata,Aves,Pelecaniformes,Ardeidae,Ardea,Ardea intermedia intermedia,,1,0.403,,,0.0042994,skull filling
Chordata,Aves,Pelecaniformes,Ardeidae,Ardea,Ardea sumatrana,,1,1.95,,,0.00904428,skull filling
Chordata,Aves,Pelecaniformes,Ardeidae,Ardea,Ardea ibis,,1,0.363,,,0.00394716,skull filling
Chordata,Aves,Pelecaniformes,Ardeidae,Butorides,Butorides striata,,1,0.225,,,0.00256928,skull filling
Chordata,Aves,Pelecaniformes,Ardeidae,Egretta,Egretta novaehollandiae,,1,0.58,,,0.00405076,skull filling
Chordata,Aves,Pelecaniformes,Ardeidae,Nycticorax,Nycticorax caledonicus,,1,0.725,,,0.0057498,skull filling
Chordata,Aves,Pelecaniformes,Threskiornithidae,Plegadis,Plegadis falcinellus,,1,0.5325,,,0.00530432,skull filling
Chordata,Aves,Pelecaniformes,Threskiornithidae,Threskiornis,Threskiornis molucca,,1,1.825,,,0.0102564,skull filling
Chordata,Aves,Pelecaniformes,Threskiornithidae,Threskiornis,Threskiornis spinicollis,,1,1.36,,,0.00871276,skull filling
Chordata,Aves,Pelecaniformes,Threskiornithidae,Platalea,Platalea regia,,1,1.735,,,0.0118104,skull filling
Chordata,Aves,Pelecaniformes,Threskiornithidae,Platalea,Platalea flavipes,,1,1.871,,,0.01152032,skull filling
Chordata,Aves,Accipitriformes,Pandionidae,Pandion,Pandion cristatus,,1,1.415,,,0.00971768,skull filling
Chordata,Aves,Accipitriformes,Accipitridae,Elanus,Elanus axillaris,,1,0.2605,,,0.00349132,skull filling
Chordata,Aves,Accipitriformes,Accipitridae,Lophoictinia,Lophoictinia isura,,1,0.5675,,,0.006734,skull filling
Chordata,Aves,Accipitriformes,Accipitridae,Hamirostra,Hamirostra melanosternon,,1,1.3,,,0.0107226,skull filling
Chordata,Aves,Accipitriformes,Accipitridae,Aviceda,Aviceda subcristata,,1,0.3535,,,0.0048692,skull filling
Chordata,Aves,Accipitriformes,Accipitridae,Haliaeetus,Haliaeetus leucogaster,,1,3.35,,,0.01308468,skull filling
Chordata,Aves,Accipitriformes,Accipitridae,Haliastur,Haliastur sphenurus,,1,0.775,,,0.00684796,skull filling
Chordata,Aves,Accipitriformes,Accipitridae,Haliastur,Haliastur indus,,1,0.5835,,,0.0064232,skull filling
Chordata,Aves,Accipitriformes,Accipitridae,Milvus,Milvus migrans,,1,0.587,,,0.00602952,skull filling
Chordata,Aves,Accipitriformes,Accipitridae,Accipiter,Accipiter fasciatus,,1,0.403,,,0.004662,skull filling
Chordata,Aves,Accipitriformes,Accipitridae,Accipiter,Accipiter cirrocephalus,,1,0.1825,,,0.00247604,skull filling
Chordata,Aves,Accipitriformes,Accipitridae,Accipiter,Accipiter novaehollandiae,,1,0.515,,,0.00491064,skull filling
Chordata,Aves,Accipitriformes,Accipitridae,Circus,Circus approximans,,1,0.74,,,0.00567728,skull filling
Chordata,Aves,Accipitriformes,Accipitridae,Aquila,Aquila audax,,1,3.814,,,0.01682464,skull filling
Chordata,Aves,Accipitriformes,Accipitridae,Hieraaetus,Hieraaetus morphnoides,,1,0.815,,,0.00809116,skull filling
Chordata,Aves,Falconiformes,Falconidae,Falco,Falco cenchroides,,1,0.185,,,0.00324268,skull filling
Chordata,Aves,Falconiformes,Falconidae,Falco,Falco berigora,,1,0.5475,,,0.00646464,skull filling
Chordata,Aves,Falconiformes,Falconidae,Falco,Falco longipennis,,1,0.2485,,,0.0034706,skull filling
Chordata,Aves,Falconiformes,Falconidae,Falco,Falco subniger,,1,0.765,,,0.006734,skull filling
Chordata,Aves,Falconiformes,Falconidae,Falco,Falco peregrinus,,1,0.715,,,0.00641284,skull filling
Chordata,Aves,Gruiformes,Gruidae,Grus,Grus antigone,,1,5.75,,,0.02078216,skull filling
Chordata,Aves,Gruiformes,Gruidae,Grus,Grus rubicunda,,1,6.2,,,0.01832684,skull filling
Chordata,Aves,Gruiformes,Rallidae,Porphyrio,Porphyrio porphyrio,,1,0.9945,,,0.0048692,skull filling
Chordata,Aves,Gruiformes,Rallidae,Lewinia,Lewinia pectoralis,,1,0.0875,,,0.00138824,skull filling
Chordata,Aves,Gruiformes,Rallidae,Gallirallus,Gallirallus philippensis,,1,0.1815,,,0.00204092,skull filling
Chordata,Aves,Gruiformes,Rallidae,Porzana,Porzana pusilla,,1,0.037,,,0.000777,skull filling
Chordata,Aves,Gruiformes,Rallidae,Porzana,Porzana fluminea,,1,0.06,,,0.00106708,skull filling
Chordata,Aves,Gruiformes,Rallidae,Amaurornis,Amaurornis moluccana,,1,0.1685,,,0.00220668,skull filling
Chordata,Aves,Gruiformes,Rallidae,Tribonyx,Tribonyx ventralis,,1,0.39,,,0.00286972,skull filling
Chordata,Aves,Gruiformes,Rallidae,Gallinula,Gallinula tenebrosa,,1,0.528,,,0.00280756,skull filling
Chordata,Aves,Gruiformes,Rallidae,Fulica,Fulica atra,,1,0.568,,,0.0029526,skull filling
Chordata,Aves,Otidiformes,Otididae,Ardeotis,Ardeotis australis,,1,5.5,,,0.0120694,skull filling
Chordata,Aves,Charadriiformes,Burhinidae,Burhinus,Burhinus grallarius,,1,0.695,,,0.00446516,skull filling
Chordata,Aves,Charadriiformes,Burhinidae,Esacus,Esacus magnirostris,,1,1,,,0.0055426,skull filling
Chordata,Aves,Charadriiformes,Haematopodidae,Haematopus,Haematopus longirostris,,1,0.596,,,0.004403,skull filling
Chordata,Aves,Charadriiformes,Recurvirostridae,Recurvirostra,Recurvirostra novaehollandiae,,1,0.33,,,0.00206164,skull filling
Chordata,Aves,Charadriiformes,Recurvirostridae,Cladorhynchus,Cladorhynchus leucocephalus,,1,0.24,,,0.00166796,skull filling
Chordata,Aves,Charadriiformes,Charadriidae,Pluvialis,Pluvialis fulva,,1,0.1475,,,0.00183372,skull filling
Chordata,Aves,Charadriiformes,Charadriidae,Pluvialis,Pluvialis squatarola,,1,0.25,,,0.00265216,skull filling
Chordata,Aves,Charadriiformes,Charadriidae,Charadrius,Charadrius ruficapillus,,1,0.0405,,,0.00084952,skull filling
Chordata,Aves,Charadriiformes,Charadriidae,Charadrius,Charadrius bicinctus,,1,0.07,,,0.00114996,skull filling
Chordata,Aves,Charadriiformes,Charadriidae,Charadrius,Charadrius mongolus,,1,0.0635,,,0.00117068,skull filling
Chordata,Aves,Charadriiformes,Charadriidae,Charadrius,Charadrius leschenaultii,,1,0.0875,,,0.00130536,skull filling
Chordata,Aves,Charadriiformes,Charadriidae,Charadrius,Charadrius australis,,1,0.084,,,0.0011914,skull filling
Chordata,Aves,Charadriiformes,Charadriidae,Elseyornis,Elseyornis melanops,,1,0.0325,,,0.00087024,skull filling
Chordata,Aves,Charadriiformes,Charadriidae,Erythrogonys,Erythrogonys cinctus,,1,0.0475,,,0.0010878,skull filling
Chordata,Aves,Charadriiformes,Charadriidae,Vanellus,Vanellus tricolor,,1,0.184,,,0.00247604,skull filling
Chordata,Aves,Charadriiformes,Charadriidae,Vanellus,Vanellus miles,,1,0.31,,,0.0029526,skull filling
Chordata,Aves,Charadriiformes,Pedionomidae,Pedionomus,Pedionomus torquatus,,1,0.0675,,,0.00079772,skull filling
Chordata,Aves,Charadriiformes,Jacanidae,Irediparra,Irediparra gallinacea,,1,0.108,,,0.00117068,skull filling
Chordata,Aves,Charadriiformes,Rostratulidae,Rostratula,Rostratula australis,,1,0.1255,,,0.00147112,skull filling
Chordata,Aves,Charadriiformes,Scolopacidae,Gallinago,Gallinago hardwickii,,1,0.19,,,0.00206164,skull filling
Chordata,Aves,Charadriiformes,Scolopacidae,Limosa,Limosa lapponica,,1,0.316,,,0.00286972,skull filling
Chordata,Aves,Charadriiformes,Scolopacidae,Numenius,Numenius phaeopus,,1,0.35,,,0.00324268,skull filling
Chordata,Aves,Charadriiformes,Scolopacidae,Numenius,Numenius madagascariensis,,1,0.9,,,0.0048692,skull filling
Chordata,Aves,Charadriiformes,Scolopacidae,Xenus,Xenus cinereus,,1,0.075,,,0.00106708,skull filling
Chordata,Aves,Charadriiformes,Scolopacidae,Actitis,Actitis hypoleucos,,1,0.048,,,0.00089096,skull filling
Chordata,Aves,Charadriiformes,Scolopacidae,Tringa,Tringa brevipes,,1,0.125,,,0.00138824,skull filling
Chordata,Aves,Charadriiformes,Scolopacidae,Tringa,Tringa incana,,1,0.11,,,0.00133644,skull filling
Chordata,Aves,Charadriiformes,Scolopacidae,Tringa,Tringa nebularia,,1,0.17,,,0.0020202,skull filling
Chordata,Aves,Charadriiformes,Scolopacidae,Tringa,Tringa stagnatilis,,1,0.07,,,0.0020202,skull filling
Chordata,Aves,Charadriiformes,Scolopacidae,Tringa,Tringa glareola,,1,0.055,,,0.00105672,skull filling
Chordata,Aves,Charadriiformes,Scolopacidae,Arenaria,Arenaria interpres,,1,0.115,,,0.00107744,skull filling
Chordata,Aves,Charadriiformes,Scolopacidae,Calidris,Calidris tenuirostris,,1,0.155,,,0.00159544,skull filling
Chordata,Aves,Charadriiformes,Scolopacidae,Calidris,Calidris canutus,,1,0.12,,,0.00136752,skull filling
Chordata,Aves,Charadriiformes,Scolopacidae,Calidris,Calidris alba,,1,0.06,,,0.00104636,skull filling
Chordata,Aves,Charadriiformes,Scolopacidae,Calidris,Calidris ruficollis,,1,0.025,,,0.00068376,skull filling
Chordata,Aves,Charadriiformes,Scolopacidae,Calidris,Calidris subminuta,,1,0.025,,,0.00061124,skull filling
Chordata,Aves,Charadriiformes,Scolopacidae,Calidris,Calidris melanotos,,1,0.06,,,0.00105672,skull filling
Chordata,Aves,Charadriiformes,Scolopacidae,Calidris,Calidris acuminata,,1,0.065,,,0.00102564,skull filling
Chordata,Aves,Charadriiformes,Scolopacidae,Calidris,Calidris ferruginea,,1,0.057,,,0.00102564,skull filling
Chordata,Aves,Charadriiformes,Scolopacidae,Limicola,Limicola falcinellus,,1,0.04,,,0.00074592,skull filling
Chordata,Aves,Charadriiformes,Scolopacidae,Phalaropus,Phalaropus lobatus,,1,0.034,,,0.0004662,skull filling
Chordata,Aves,Charadriiformes,Turnicidae,Turnix,Turnix melanogaster,,1,0.0825,,,0.00109816,skull filling
Chordata,Aves,Charadriiformes,Turnicidae,Turnix,Turnix varius,,1,0.08,,,0.00107744,skull filling
Chordata,Aves,Charadriiformes,Turnicidae,Turnix,Turnix pyrrhothorax,,1,0.0515,,,0.00059052,skull filling
Chordata,Aves,Charadriiformes,Turnicidae,Turnix,Turnix velox,,1,0.046,,,0.00069412,skull filling
Chordata,Aves,Charadriiformes,Glareolidae,Stiltia,Stiltia isabella,,1,0.0545,,,0.0010878,skull filling
Chordata,Aves,Charadriiformes,Stercorariidae,Stercorarius,Stercorarius pomarinus,,1,0.7,,,0.00496244,skull filling
Chordata,Aves,Charadriiformes,Stercorariidae,Stercorarius,Stercorarius parasiticus,,1,0.465,,,0.00403004,skull filling
Chordata,Aves,Charadriiformes,Stercorariidae,Stercorarius,Stercorarius longicaudus,,1,0.295,,,0.00306656,skull filling
Chordata,Aves,Charadriiformes,Laridae,Anous,Anous stolidus,,1,0.185,,,0.00231028,skull filling
Chordata,Aves,Charadriiformes,Laridae,Anous,Anous minutus,,1,0.11,,,0.00156436,skull filling
Chordata,Aves,Charadriiformes,Laridae,Onychoprion,Onychoprion fuscata,,1,0.176,,,0.00240352,skull filling
Chordata,Aves,Charadriiformes,Laridae,Sternula,Sternula albifrons,,1,0.0475,,,0.00106708,skull filling
Chordata,Aves,Charadriiformes,Laridae,Hydroprogne,Hydroprogne caspia,,1,0.5655,,,0.00485884,skull filling
Chordata,Aves,Charadriiformes,Laridae,Chlidonias,Chlidonias hybrida,,1,0.085,,,0.00153328,skull filling
Chordata,Aves,Charadriiformes,Laridae,Sterna,Sterna dougallii,,1,0.095,,,0.00158508,skull filling
Chordata,Aves,Charadriiformes,Laridae,Sterna,Sterna sumatrana,,1,0.09,,,0.00135716,skull filling
Chordata,Aves,Charadriiformes,Laridae,Sterna,Sterna hirundo,,1,0.12,,,0.00194768,skull filling
Chordata,Aves,Charadriiformes,Laridae,Sterna,Sterna vittata,,1,0.15,,,0.00208236,skull filling
Chordata,Aves,Charadriiformes,Laridae,Thalasseus,Thalasseus bergii,,1,0.31,,,0.00348096,skull filling
Chordata,Aves,Charadriiformes,Laridae,Larus,Larus pacificus,,1,1.187,,,0.0070448,skull filling
Chordata,Aves,Charadriiformes,Laridae,Larus,Larus dominicanus,,1,0.94,,,0.00684796,skull filling
Chordata,Aves,Charadriiformes,Laridae,Chroicocephalus,Chroicocephalus novaehollandiae,,1,0.3125,,,0.00323232,skull filling
Chordata,Aves,Psittaciformes,Cacatuidae,Probosciger,Probosciger aterrimus,,1,0.806,,,0.021238,skull filling
Chordata,Aves,Psittaciformes,Cacatuidae,Calyptorhynchus,Calyptorhynchus banksii,,1,0.67,,,0.0123802,skull filling
Chordata,Aves,Psittaciformes,Cacatuidae,Calyptorhynchus,Calyptorhynchus lathami,,1,0.463,,,0.01013208,skull filling
Chordata,Aves,Psittaciformes,Cacatuidae,Calyptorhynchus,Calyptorhynchus funereus,,1,0.66,,,0.01562288,skull filling
Chordata,Aves,Psittaciformes,Cacatuidae,Calyptorhynchus,Calyptorhynchus latirostris,,1,0.65,,,0.014763,skull filling
Chordata,Aves,Psittaciformes,Cacatuidae,Calyptorhynchus,Calyptorhynchus baudinii,,1,0.66,,,0.01515668,skull filling
Chordata,Aves,Psittaciformes,Cacatuidae,Callocephalon,Callocephalon fimbriatum,,1,0.25,,,0.00774928,skull filling
Chordata,Aves,Psittaciformes,Cacatuidae,Lophochroa,Lophochroa leadbeateri,,1,0.387,,,0.00877492,skull filling
Chordata,Aves,Psittaciformes,Cacatuidae,Eolophus,Eolophus roseicapillus,,1,0.312,,,0.00666148,skull filling
Chordata,Aves,Psittaciformes,Cacatuidae,Cacatua,Cacatua tenuirostris,,1,0.565,,,0.01102304,skull filling
Chordata,Aves,Psittaciformes,Cacatuidae,Cacatua,Cacatua pastinator,,1,0.765,,,0.01138564,skull filling
Chordata,Aves,Psittaciformes,Cacatuidae,Cacatua,Cacatua sanguinea,,1,0.472,,,0.00923076,skull filling
Chordata,Aves,Psittaciformes,Cacatuidae,Cacatua,Cacatua galerita,,1,0.728,,,0.01475264,skull filling
Chordata,Aves,Psittaciformes,Cacatuidae,Nymphicus,Nymphicus hollandicus,,1,0.08815,,,0.00247604,skull filling
Chordata,Aves,Psittaciformes,Psittaculidae,Trichoglossus,Trichoglossus haematodus,,1,0.125,,,0.00379176,skull filling
Chordata,Aves,Psittaciformes,Psittaculidae,Trichoglossus,Trichoglossus chlorolepidotus,,1,0.0869,,,0.0031598,skull filling
Chordata,Aves,Psittaciformes,Psittacidae,Psitteuteles,Psitteuteles versicolor,,1,0.0536,,,0.002072,skull filling
Chordata,Aves,Psittaciformes,Psittaculidae,Glossopsitta,Glossopsitta concinna,,1,0.07,,,0.00297332,skull filling
Chordata,Aves,Psittaciformes,Psittaculidae,Glossopsitta,Glossopsitta pusilla,,1,0.0415,,,0.00164724,skull filling
Chordata,Aves,Psittaciformes,Psittaculidae,Glossopsitta,Glossopsitta porphyrocephala,,1,0.045,,,0.00195804,skull filling
Chordata,Aves,Psittaciformes,Psittaculidae,Cyclopsitta,Cyclopsitta diophthalma,,1,0.0366,,,0.0017612,skull filling
Chordata,Aves,Psittaciformes,Psittacidae,Eclectus,Eclectus roratus,,1,0.507,,,0.00762496,skull filling
Chordata,Aves,Psittaciformes,Psittacidae,Geoffroyus,Geoffroyus geoffroyi,,1,0.152,,,0.00441336,skull filling
Chordata,Aves,Psittaciformes,Psittaculidae,Alisterus,Alisterus scapularis,,1,0.207,,,0.00464128,skull filling
Chordata,Aves,Psittaciformes,Psittaculidae,Aprosmictus,Aprosmictus erythropterus,,1,0.155,,,0.0039886,skull filling
Chordata,Aves,Psittaciformes,Psittaculidae,Polytelis,Polytelis swainsonii,,1,0.145,,,0.0034706,skull filling
Chordata,Aves,Psittaciformes,Psittaculidae,Polytelis,Polytelis anthopeplus,,1,0.175,,,0.0039886,skull filling
Chordata,Aves,Psittaciformes,Psittaculidae,Polytelis,Polytelis alexandrae,,1,0.105,,,0.00267288,skull filling
Chordata,Aves,Psittaciformes,Psittaculidae,Platycercus,Platycercus caledonicus,,1,0.128,,,0.00376068,skull filling
Chordata,Aves,Psittaciformes,Psittaculidae,Platycercus,Platycercus elegans,,1,0.124,,,0.00391608,skull filling
Chordata,Aves,Psittaciformes,Psittaculidae,Platycercus,Platycercus eximius,,1,0.105,,,0.00311836,skull filling
Chordata,Aves,Psittaciformes,Psittaculidae,Platycercus,Platycercus adscitus,,1,0.1035,,,0.00317016,skull filling
Chordata,Aves,Psittaciformes,Psittaculidae,Platycercus,Platycercus venustus,,1,0.0925,,,0.00265216,skull filling
Chordata,Aves,Psittaciformes,Psittaculidae,Platycercus,Platycercus icterotis,,1,0.065,,,0.00246568,skull filling
Chordata,Aves,Psittaciformes,Psittaculidae,Barnardius,Barnardius zonarius,,1,0.1416,,,0.00405076,skull filling
Chordata,Aves,Psittaciformes,Psittaculidae,Purpureicephalus,Purpureicephalus spurius,,1,0.115,,,0.00361564,skull filling
Chordata,Aves,Psittaciformes,Psittaculidae,Northiella,Northiella haematogaster,,1,0.078,,,0.0024864,skull filling
Chordata,Aves,Psittaciformes,Psittaculidae,Lathamus,Lathamus discolor,,1,0.065,,,0.00245532,skull filling
Chordata,Aves,Psittaciformes,Psittaculidae,Psephotus,Psephotus haematonotus,,1,0.0625,,,0.00204092,skull filling
Chordata,Aves,Psittaciformes,Psittaculidae,Psephotus,Psephotus varius,,1,0.055,,,0.00185444,skull filling
Chordata,Aves,Psittaciformes,Psittaculidae,Psephotus,Psephotus chrysopterygius,,1,0.04115,,,0.0014504,skull filling
Chordata,Aves,Psittaciformes,Psittaculidae,Psephotus,Psephotus dissimilis,,1,0.0475,,,0.00180264,skull filling
Chordata,Aves,Psittaciformes,Psittaculidae,Melopsittacus,Melopsittacus undulatus,,1,0.026,,,0.001554,skull filling
Chordata,Aves,Psittaciformes,Psittaculidae,Neopsephotus,Neopsephotus bourkii,,1,0.045,,,0.001295,skull filling
Chordata,Aves,Psittaciformes,Psittaculidae,Neophema,Neophema chrysostoma,,1,0.055,,,0.00159544,skull filling
Chordata,Aves,Psittaciformes,Psittaculidae,Neophema,Neophema elegans,,1,0.0425,,,0.00132608,skull filling
Chordata,Aves,Psittaciformes,Psittaculidae,Neophema,Neophema petrophila,,1,0.055,,,0.0017612,skull filling
Chordata,Aves,Psittaciformes,Psittaculidae,Neophema,Neophema pulchella,,1,0.04,,,0.00133644,skull filling
Chordata,Aves,Psittaciformes,Psittaculidae,Neophema,Neophema splendida,,1,0.0385,,,0.00132608,skull filling
Chordata,Aves,Psittaciformes,Psittaculidae,Pezoporus,Pezoporus wallicus,,1,0.0775,,,0.00275576,skull filling
Chordata,Aves,Cuculiformes,Cuculidae,Centropus,Centropus phasianinus,,1,0.377,,,0.00426832,skull filling
Chordata,Aves,Cuculiformes,Cuculidae,Eudynamys,Eudynamys orientalis,,1,0.243,,,0.00254856,skull filling
Chordata,Aves,Cuculiformes,Cuculidae,Scythrops,Scythrops novaehollandiae,,1,0.7475,,,0.0055426,skull filling
Chordata,Aves,Cuculiformes,Cuculidae,Chrysococcyx,Chrysococcyx basalis,,1,0.0245,,,0.00064232,skull filling
Chordata,Aves,Cuculiformes,Cuculidae,Chrysococcyx,Chrysococcyx osculans,,1,0.032,,,0.00075628,skull filling
Chordata,Aves,Cuculiformes,Cuculidae,Chrysococcyx,Chrysococcyx lucidus,,1,0.025,,,0.00071484,skull filling
Chordata,Aves,Cuculiformes,Cuculidae,Chrysococcyx,Chrysococcyx minutillus,,1,0.017,,,0.00060088,skull filling
Chordata,Aves,Cuculiformes,Cuculidae,Cacomantis,Cacomantis castaneiventris,,1,0.03,,,0.0009842,skull filling
Chordata,Aves,Cuculiformes,Cuculidae,Cacomantis,Cacomantis flabelliformis,,1,0.0538,,,0.00112924,skull filling
Chordata,Aves,Cuculiformes,Cuculidae,Cacomantis,Cacomantis variolosus,,1,0.038,,,0.00100492,skull filling
Chordata,Aves,Cuculiformes,Cuculidae,Cacomantis,Cacomantis pallidus,,1,0.0905,,,0.00148148,skull filling
Chordata,Aves,Strigiformes,Strigidae,Ninox,Ninox strenua,,1,1.35,,,0.01185184,skull filling
Chordata,Aves,Strigiformes,Strigidae,Ninox,Ninox rufa,,1,0.82,,,0.00873348,skull filling
Chordata,Aves,Strigiformes,Strigidae,Ninox,Ninox connivens,,1,0.522,,,0.0066304,skull filling
Chordata,Aves,Strigiformes,Strigidae,Ninox,Ninox novaeseelandiae,,1,0.234,,,0.00572908,skull filling
Chordata,Aves,Strigiformes,Tytonidae,Tyto,Tyto tenebricosa,,1,0.585,,,0.0131572,skull filling
Chordata,Aves,Strigiformes,Tytonidae,Tyto,Tyto novaehollandiae,,1,0.593,,,0.00877492,skull filling
Chordata,Aves,Strigiformes,Tytonidae,Tyto,Tyto javanica,,1,0.36,,,0.00674436,skull filling
Chordata,Aves,Strigiformes,Tytonidae,Tyto,Tyto longimembris,,1,0.3715,,,0.00541828,skull filling
Chordata,Aves,Coraciiformes,Alcedinidae,Ceyx,Ceyx azureus,,1,0.035,,,0.00101528,skull filling
Chordata,Aves,Coraciiformes,Alcedinidae,Tanysiptera,Tanysiptera sylvia,,1,0.047,,,0.00118104,skull filling
Chordata,Aves,Coraciiformes,Alcedinidae,Dacelo,Dacelo novaeguineae,,1,0.281,,,0.00446516,skull filling
Chordata,Aves,Coraciiformes,Alcedinidae,Dacelo,Dacelo leachii,,1,0.31,,,0.00438228,skull filling
Chordata,Aves,Coraciiformes,Alcedinidae,Syma,Syma torotoro,,1,0.0395,,,0.00114996,skull filling
Chordata,Aves,Coraciiformes,Alcedinidae,Todiramphus,Todiramphus macleayii,,1,0.038,,,0.00110852,skull filling
Chordata,Aves,Coraciiformes,Alcedinidae,Todiramphus,Todiramphus pyrrhopygius,,1,0.0555,,,0.00117068,skull filling
Chordata,Aves,Coraciiformes,Alcedinidae,Todiramphus,Todiramphus sanctus,,1,0.0515,,,0.00106708,skull filling
Chordata,Aves,Coraciiformes,Alcedinidae,Todiramphus,Todiramphus chloris,,1,0.067,,,0.00138824,skull filling
Chordata,Aves,Coraciiformes,Meropidae,Merops,Merops ornatus,,1,0.031,,,0.00064232,skull filling
Chordata,Aves,Coraciiformes,Coraciidae,Eurystomus,Eurystomus orientalis,,1,0.1875,,,0.00205128,skull filling
Chordata,Aves,Passeriformes,Pittidae,Pitta,Pitta versicolor,,1,0.1,,,0.00193732,skull filling
Chordata,Aves,Passeriformes,Menuridae,Menura,Menura novaehollandiae,,1,1.024,,,0.01109556,skull filling
Chordata,Aves,Passeriformes,Atrichorniithidae,Atrichornis,Atrichornis clamosus,,1,0.043,,,0.0017612,skull filling
Chordata,Aves,Passeriformes,Climacteridae,Cormobates,Cormobates leucophaea,,1,0.0207,,,0.00083916,skull filling
Chordata,Aves,Passeriformes,Climacteridae,Climacteris,Climacteris erythrops,,1,0.023,,,0.00091168,skull filling
Chordata,Aves,Passeriformes,Climacteridae,Climacteris,Climacteris picumnus,,1,0.0318,,,0.001036,skull filling
Chordata,Aves,Passeriformes,Climacteridae,Climacteris,Climacteris melanura,,1,0.032,,,0.00089096,skull filling
Chordata,Aves,Passeriformes,Climacteridae,Climacteris,Climacteris rufa,,1,0.033,,,0.00106708,skull filling
Chordata,Aves,Passeriformes,Ptilonorhynchidae,Ailuroedus,Ailuroedus maculosus,,1,0.1692,,,0.0045584,skull filling
Chordata,Aves,Passeriformes,Ptilonorhynchidae,Ailuroedus,Ailuroedus crassirostris,,1,0.21,,,0.00415436,skull filling
Chordata,Aves,Passeriformes,Ptilonorhynchidae,Scenopoeetes,Scenopoeetes dentirostris,,1,0.1655,,,0.003626,skull filling
Chordata,Aves,Passeriformes,Ptilonorhynchidae,Amblyornis,Amblyornis newtonianus,,1,0.079,,,0.0024864,skull filling
Chordata,Aves,Passeriformes,Ptilonorhynchidae,Sericulus,Sericulus chrysocephalus,,1,0.104,,,0.00346024,skull filling
Chordata,Aves,Passeriformes,Ptilonorhynchidae,Ptilonorhynchus,Ptilonorhynchus violaceus,,1,0.198,,,0.00488992,skull filling
Chordata,Aves,Passeriformes,Ptilonorhynchidae,Ptilonorhynchus,Ptilonorhynchus maculatus,,1,0.147,,,0.0037814,skull filling
Chordata,Aves,Passeriformes,Ptilonorhynchidae,Ptilonorhynchus,Ptilonorhynchus nuchalis,,1,0.2,,,0.00519036,skull filling
Chordata,Aves,Passeriformes,Maluridae,Malurus,Malurus cyaneus,,1,0.0106,,,0.00048692,skull filling
Chordata,Aves,Passeriformes,Maluridae,Malurus,Malurus splendens,,1,0.0092,,,0.0004662,skull filling
Chordata,Aves,Passeriformes,Maluridae,Malurus,Malurus coronatus,,1,0.0105,,,0.00049728,skull filling
Chordata,Aves,Passeriformes,Maluridae,Malurus,Malurus melanocephalus,,1,0.0073,,,0.0004662,skull filling
Chordata,Aves,Passeriformes,Maluridae,Malurus,Malurus leucopterus,,1,0.0075,,,0.00040404,skull filling
Chordata,Aves,Passeriformes,Maluridae,Malurus,Malurus lamberti,,1,0.008,,,0.00047656,skull filling
Chordata,Aves,Passeriformes,Maluridae,Malurus,Malurus pulcherrimus,,1,0.00925,,,0.00043512,skull filling
Chordata,Aves,Passeriformes,Maluridae,Malurus,Malurus elegans,,1,0.00975,,,0.00059052,skull filling
Chordata,Aves,Passeriformes,Maluridae,Stipiturus,Stipiturus malachurus,,1,0.0076,,,0.0004144,skull filling
Chordata,Aves,Passeriformes,Maluridae,Amytornis,Amytornis goyderi,,1,0.017,,,0.00080808,skull filling
Chordata,Aves,Passeriformes,Dasyornithidae,Dasyornis,Dasyornis brachypterus,,1,0.045,,,0.0015022,skull filling
Chordata,Aves,Passeriformes,Dasyornithidae,Dasyornis,Dasyornis broadbenti,,1,0.074,,,0.00194768,skull filling
Chordata,Aves,Passeriformes,Acanthizidae,Pycnoptilus,Pycnoptilus floccosus,,1,0.0292,,,0.00122248,skull filling
Chordata,Aves,Passeriformes,Acanthizidae,Origma,Origma solitaria,,1,0.0145,,,0.0008806,skull filling
Chordata,Aves,Passeriformes,Acanthizidae,Sericornis,Sericornis citreogularis,,1,0.0169,,,0.00081844,skull filling
Chordata,Aves,Passeriformes,Acanthizidae,Sericornis,Sericornis frontalis,,1,0.013,,,0.00078736,skull filling
Chordata,Aves,Passeriformes,Acanthizidae,Sericornis,Sericornis magnirostra,,1,0.01,,,0.0006216,skull filling
Chordata,Aves,Passeriformes,Acanthizidae,Hylacola,Hylacola pyrrhopygia,,1,0.017,,,0.00106708,skull filling
Chordata,Aves,Passeriformes,Acanthizidae,Hylacola,Hylacola cauta,,1,0.0147,,,0.00083916,skull filling
Chordata,Aves,Passeriformes,Acanthizidae,Calamanthus,Calamanthus fuliginosus,,1,0.0208,,,0.0007252,skull filling
Chordata,Aves,Passeriformes,Acanthizidae,Calamanthus,Calamanthus campestris,,1,0.014,,,0.00066304,skull filling
Chordata,Aves,Passeriformes,Acanthizidae,Pyrrholaemus,Pyrrholaemus brunneus,,1,0.012,,,0.00059052,skull filling
Chordata,Aves,Passeriformes,Acanthizidae,Chthonicola,Chthonicola sagittata,,1,0.0135,,,0.0006216,skull filling
Chordata,Aves,Passeriformes,Acanthizidae,Smicrornis,Smicrornis brevirostris,,1,0.0057,,,0.00030044,skull filling
Chordata,Aves,Passeriformes,Acanthizidae,Gerygone,Gerygone fusca,,1,0.006,,,0.00035224,skull filling
Chordata,Aves,Passeriformes,Acanthizidae,Gerygone,Gerygone magnirostris,,1,0.007,,,0.00043512,skull filling
Chordata,Aves,Passeriformes,Acanthizidae,Gerygone,Gerygone chloronota,,1,0.0065,,,0.00037296,skull filling
Chordata,Aves,Passeriformes,Acanthizidae,Acanthiza,Acanthiza lineata,,1,0.0073,,,0.00052836,skull filling
Chordata,Aves,Passeriformes,Acanthizidae,Acanthiza,Acanthiza nana,,1,0.0065,,,0.00037296,skull filling
Chordata,Aves,Passeriformes,Acanthizidae,Acanthiza,Acanthiza chrysorrhoa,,1,0.0091,,,0.00044548,skull filling
Chordata,Aves,Passeriformes,Acanthizidae,Acanthiza,Acanthiza uropygialis,,1,0.006,,,0.00037296,skull filling
Chordata,Aves,Passeriformes,Acanthizidae,Acanthiza,Acanthiza reguloides,,1,0.0074,,,0.00040404,skull filling
Chordata,Aves,Passeriformes,Acanthizidae,Acanthiza,Acanthiza inornata,,1,0.007,,,0.00045584,skull filling
Chordata,Aves,Passeriformes,Acanthizidae,Acanthiza,Acanthiza ewingii,,1,0.007,,,0.00065268,skull filling
Chordata,Aves,Passeriformes,Acanthizidae,Acanthiza,Acanthiza pusilla,,1,0.0074,,,0.0004662,skull filling
Chordata,Aves,Passeriformes,Acanthizidae,Aphelocephala,Aphelocephala leucopsis,,1,0.0125,,,0.00055944,skull filling
Chordata,Aves,Passeriformes,Acanthizidae,Aphelocephala,Aphelocephala nigricincta,,1,0.011,,,0.00048692,skull filling
Chordata,Aves,Passeriformes,Pardalotidae,Pardalotus,Pardalotus punctatus,,1,0.009,,,0.0004144,skull filling
Chordata,Aves,Passeriformes,Pardalotidae,Pardalotus,Pardalotus striatus,,1,0.0106,,,0.00053872,skull filling
Chordata,Aves,Passeriformes,Meliphagidae,Acanthorhynchus,Acanthorhynchus tenuirostris,,1,0.011,,,0.00049728,skull filling
Chordata,Aves,Passeriformes,Meliphagidae,Certhionyx,Certhionyx variegatus,,1,0.027,,,0.00087024,skull filling
Chordata,Aves,Passeriformes,Meliphagidae,Meliphaga,Meliphaga lewinii,,1,0.0333,,,0.00121212,skull filling
Chordata,Aves,Passeriformes,Meliphagidae,Meliphaga,Meliphaga notata,,1,0.026,,,0.00090132,skull filling
Chordata,Aves,Passeriformes,Meliphagidae,Meliphaga,Meliphaga gracilis,,1,0.015,,,0.0006734,skull filling
Chordata,Aves,Passeriformes,Meliphagidae,Lichenostomus,Lichenostomus frenatus,,1,0.035,,,0.00107744,skull filling
Chordata,Aves,Passeriformes,Meliphagidae,Lichenostomus,Lichenostomus hindwoodi,,1,0.02345,,,0.00092204,skull filling
Chordata,Aves,Passeriformes,Meliphagidae,Lichenostomus,Lichenostomus chrysops,,1,0.01625,,,0.00074592,skull filling
Chordata,Aves,Passeriformes,Meliphagidae,Lichenostomus,Lichenostomus virescens,,1,0.0253,,,0.00095312,skull filling
Chordata,Aves,Passeriformes,Meliphagidae,Lichenostomus,Lichenostomus unicolor,,1,0.031,,,0.00084952,skull filling
Chordata,Aves,Passeriformes,Meliphagidae,Lichenostomus,Lichenostomus flavus,,1,0.022,,,0.00073556,skull filling
Chordata,Aves,Passeriformes,Meliphagidae,Lichenostomus,Lichenostomus leucotis,,1,0.0224,,,0.00092204,skull filling
Chordata,Aves,Passeriformes,Meliphagidae,Lichenostomus,Lichenostomus melanops,,1,0.0267,,,0.00095312,skull filling
Chordata,Aves,Passeriformes,Meliphagidae,Lichenostomus,Lichenostomus cratitius,,1,0.02,,,0.00095312,skull filling
Chordata,Aves,Passeriformes,Meliphagidae,Lichenostomus,Lichenostomus keartlandi,,1,0.015,,,0.00071484,skull filling
Chordata,Aves,Passeriformes,Meliphagidae,Lichenostomus,Lichenostomus ornatus,,1,0.017,,,0.000777,skull filling
Chordata,Aves,Passeriformes,Meliphagidae,Lichenostomus,Lichenostomus plumulus,,1,0.0167,,,0.00089096,skull filling
Chordata,Aves,Passeriformes,Meliphagidae,Lichenostomus,Lichenostomus fuscus,,1,0.0172,,,0.00075628,skull filling
Chordata,Aves,Passeriformes,Meliphagidae,Lichenostomus,Lichenostomus flavescens,,1,0.0138,,,0.00053872,skull filling
Chordata,Aves,Passeriformes,Meliphagidae,Lichenostomus,Lichenostomus penicillatus,,1,0.0177,,,0.00085988,skull filling
Chordata,Aves,Passeriformes,Meliphagidae,Purnella,Purnella albifrons,,1,0.0175,,,0.00074592,skull filling
Chordata,Aves,Passeriformes,Meliphagidae,Manorina,Manorina melanophrys,,1,0.03,,,0.00118104,skull filling
Chordata,Aves,Passeriformes,Meliphagidae,Manorina,Manorina melanocephala,,1,0.068,,,0.00192696,skull filling
Chordata,Aves,Passeriformes,Meliphagidae,Manorina,Manorina flavigula,,1,0.0603,,,0.00141932,skull filling
Chordata,Aves,Passeriformes,Meliphagidae,Acanthagenys,Acanthagenys rufogularis,,1,0.05,,,0.00120176,skull filling
Chordata,Aves,Passeriformes,Meliphagidae,Anthochaera,Anthochaera chrysoptera,,1,0.072,,,0.0017612,skull filling
Chordata,Aves,Passeriformes,Meliphagidae,Anthochaera,Anthochaera phrygia,,1,0.042,,,0.00106708,skull filling
Chordata,Aves,Passeriformes,Meliphagidae,Anthochaera,Anthochaera carunculata,,1,0.1094,,,0.0022792,skull filling
Chordata,Aves,Passeriformes,Meliphagidae,Ramsayornis,Ramsayornis modestus,,1,0.011,,,0.00052836,skull filling
Chordata,Aves,Passeriformes,Meliphagidae,Conopophila,Conopophila albogularis,,1,0.012,,,0.00053872,skull filling
Chordata,Aves,Passeriformes,Meliphagidae,Conopophila,Conopophila rufogularis,,1,0.011,,,0.00045584,skull filling
Chordata,Aves,Passeriformes,Meliphagidae,Epthianura,Epthianura tricolor,,1,0.011,,,0.00045584,skull filling
Chordata,Aves,Passeriformes,Meliphagidae,Epthianura,Epthianura aurifrons,,1,0.011,,,0.00044548,skull filling
Chordata,Aves,Passeriformes,Meliphagidae,Epthianura,Epthianura albifrons,,1,0.013,,,0.00054908,skull filling
Chordata,Aves,Passeriformes,Meliphagidae,Ashbyia,Ashbyia lovensis,,1,0.018,,,0.00069412,skull filling
Chordata,Aves,Passeriformes,Meliphagidae,Sugomel,Sugomel niger,,1,0.0095,,,0.00038332,skull filling
Chordata,Aves,Passeriformes,Meliphagidae,Myzomela,Myzomela obscura,,1,0.013,,,0.00052836,skull filling
Chordata,Aves,Passeriformes,Meliphagidae,Myzomela,Myzomela sanguinolenta,,1,0.008,,,0.00035224,skull filling
Chordata,Aves,Passeriformes,Meliphagidae,Gliciphila,Gliciphila melanops,,1,0.018,,,0.00064232,skull filling
Chordata,Aves,Passeriformes,Meliphagidae,Cissomela,Cissomela pectoralis,,1,0.0095,,,0.00044548,skull filling
Chordata,Aves,Passeriformes,Meliphagidae,Lichmera,Lichmera indistincta,,1,0.0103,,,0.00052836,skull filling
Chordata,Aves,Passeriformes,Meliphagidae,Phylidonyris,Phylidonyris novaehollandiae,,1,0.0204,,,0.0009324,skull filling
Chordata,Aves,Passeriformes,Meliphagidae,Phylidonyris,Phylidonyris niger,,1,0.0185,,,0.0008288,skull filling
Chordata,Aves,Passeriformes,Meliphagidae,Trichodere,Trichodere cockerelli,,1,0.015,,,0.0006734,skull filling
Chordata,Aves,Passeriformes,Meliphagidae,Melithreptus,Melithreptus validirostris,,1,0.025,,,0.00132608,skull filling
Chordata,Aves,Passeriformes,Meliphagidae,Melithreptus,Melithreptus brevirostris,,1,0.0154,,,0.00070448,skull filling
Chordata,Aves,Passeriformes,Meliphagidae,Melithreptus,Melithreptus albogularis,,1,0.012,,,0.00065268,skull filling
Chordata,Aves,Passeriformes,Meliphagidae,Melithreptus,Melithreptus lunatus,,1,0.014,,,0.0006216,skull filling
Chordata,Aves,Passeriformes,Meliphagidae,Entomyzon,Entomyzon cyanotis,,1,0.1033,,,0.00231028,skull filling
Chordata,Aves,Passeriformes,Meliphagidae,Philemon,Philemon buceroides,,1,0.1109,,,0.0022274,skull filling
Chordata,Aves,Passeriformes,Meliphagidae,Philemon,Philemon argenticeps,,1,0.0874,,,0.0017612,skull filling
Chordata,Aves,Passeriformes,Meliphagidae,Philemon,Philemon corniculatus,,1,0.1,,,0.00205128,skull filling
Chordata,Aves,Passeriformes,Meliphagidae,Philemon,Philemon citreogularis,,1,0.0622,,,0.00163688,skull filling
Chordata,Aves,Passeriformes,Meliphagidae,Xanthotis,Xanthotis macleayana,,1,0.032,,,0.00094276,skull filling
Chordata,Aves,Passeriformes,Meliphagidae,Xanthotis,Xanthotis flaviventer,,1,0.035,,,0.0010878,skull filling
Chordata,Aves,Passeriformes,Meliphagidae,Plectorhyncha,Plectorhyncha lanceolata,,1,0.04,,,0.00112924,skull filling
Chordata,Aves,Passeriformes,Meliphagidae,Grantiella,Grantiella picta,,1,0.0215,,,0.0007252,skull filling
Chordata,Aves,Passeriformes,Pomatostomidae,Pomatostomus,Pomatostomus temporalis,,1,0.0695,,,0.0019684,skull filling
Chordata,Aves,Passeriformes,Pomatostomidae,Pomatostomus,Pomatostomus halli,,1,0.04,,,0.0016576,skull filling
Chordata,Aves,Passeriformes,Pomatostomidae,Pomatostomus,Pomatostomus superciliosus,,1,0.041,,,0.00157472,skull filling
Chordata,Aves,Passeriformes,Pomatostomidae,Pomatostomus,Pomatostomus ruficeps,,1,0.055,,,0.0024346,skull filling
Chordata,Aves,Passeriformes,Orthonychidae,Orthonyx,Orthonyx temminckii,,1,0.059,,,0.00182336,skull filling
Chordata,Aves,Passeriformes,Orthonychidae,Orthonyx,Orthonyx spaldingii,,1,0.1492,,,0.0030044,skull filling
Chordata,Aves,Passeriformes,Psophodidae,Cinclosoma,Cinclosoma punctatum,,1,0.1116,,,0.00218596,skull filling
Chordata,Aves,Passeriformes,Psophodidae,Cinclosoma,Cinclosoma cinnamomeum,,1,0.0568,,,0.00152292,skull filling
Chordata,Aves,Passeriformes,Psophodidae,Psophodes,Psophodes olivaceus,,1,0.0599,,,0.00225848,skull filling
Chordata,Aves,Passeriformes,Psophodidae,Psophodes,Psophodes cristatus,,1,0.04,,,0.0014504,skull filling
Chordata,Aves,Passeriformes,Psophodidae,Psophodes,Psophodes occidentalis,,1,0.039,,,0.00137788,skull filling
Chordata,Aves,Passeriformes,Neosittidae,Daphoenositta,Daphoenositta chrysoptera,,1,0.0118,,,0.00063196,skull filling
Chordata,Aves,Passeriformes,Campephagidae,Coracina,Coracina maxima,,1,0.1395,,,0.0022792,skull filling
Chordata,Aves,Passeriformes,Campephagidae,Coracina,Coracina novaehollandiae,,1,0.115,,,0.0024864,skull filling
Chordata,Aves,Passeriformes,Campephagidae,Coracina,Coracina papuensis,,1,0.0657,,,0.00210308,skull filling
Chordata,Aves,Passeriformes,Campephagidae,Coracina,Coracina tenuirostris,,1,0.0666,,,0.00178192,skull filling
Chordata,Aves,Passeriformes,Campephagidae,Lalage,Lalage sueurii,,1,0.0275,,,0.00090132,skull filling
Chordata,Aves,Passeriformes,Pachycephalidae,Falcunculus,Falcunculus frontatus,,1,0.028,,,0.00128464,skull filling
Chordata,Aves,Passeriformes,Pachycephalidae,Pachycephala,Pachycephala olivacea,,1,0.04,,,0.00153328,skull filling
Chordata,Aves,Passeriformes,Pachycephalidae,Pachycephala,Pachycephala rufogularis,,1,0.037,,,0.00112924,skull filling
Chordata,Aves,Passeriformes,Pachycephalidae,Pachycephala,Pachycephala pectoralis,,1,0.0274,,,0.00116032,skull filling
Chordata,Aves,Passeriformes,Pachycephalidae,Pachycephala,Pachycephala simplex,,1,0.0175,,,0.00085988,skull filling
Chordata,Aves,Passeriformes,Pachycephalidae,Pachycephala,Pachycephala rufiventris,,1,0.0226,,,0.00106708,skull filling
Chordata,Aves,Passeriformes,Pachycephalidae,Colluricincla,Colluricincla megarhyncha,,1,0.0372,,,0.00138824,skull filling
Chordata,Aves,Passeriformes,Pachycephalidae,Colluricincla,Colluricincla harmonica,,1,0.0676,,,0.002072,skull filling
Chordata,Aves,Passeriformes,Oreoicidae,Oreoica,Oreoica gutturalis,,1,0.0633,,,0.00173012,skull filling
Chordata,Aves,Passeriformes,Oriolidae,Sphecotheres,Sphecotheres vieilloti,,1,0.1226,,,0.00232064,skull filling
Chordata,Aves,Passeriformes,Oriolidae,Oriolus,Oriolus flavocinctus,,1,0.0977,,,0.0021756,skull filling
Chordata,Aves,Passeriformes,Oriolidae,Oriolus,Oriolus sagittatus,,1,0.095,,,0.00203056,skull filling
Chordata,Aves,Passeriformes,Artamidae,Artamus,Artamus leucorynchus,,1,0.041,,,0.00111888,skull filling
Chordata,Aves,Passeriformes,Artamidae,Artamus,Artamus personatus,,1,0.0347,,,0.00106708,skull filling
Chordata,Aves,Passeriformes,Artamidae,Artamus,Artamus superciliosus,,1,0.035,,,0.00107744,skull filling
Chordata,Aves,Passeriformes,Artamidae,Artamus,Artamus cinereus,,1,0.0377,,,0.00095312,skull filling
Chordata,Aves,Passeriformes,Artamidae,Artamus,Artamus cyanopterus,,1,0.035,,,0.001036,skull filling
Chordata,Aves,Passeriformes,Artamidae,Artamus,Artamus minor,,1,0.017,,,0.00053872,skull filling
Chordata,Aves,Passeriformes,Artamidae,Melloria,Melloria quoyi,,1,0.1744,,,0.0036778,skull filling
Chordata,Aves,Passeriformes,Artamidae,Cracticus,Cracticus torquatus,,1,0.0907,,,0.00288008,skull filling
Chordata,Aves,Passeriformes,Artamidae,Cracticus,Cracticus nigrogularis,,1,0.1241,,,0.00312872,skull filling
Chordata,Aves,Passeriformes,Artamidae,Cracticus,Cracticus tibicen,,1,0.2798,,,0.0048174,skull filling
Chordata,Aves,Passeriformes,Artamidae,Strepera,Strepera graculina,,1,0.3048,,,0.00553224,skull filling
Chordata,Aves,Passeriformes,Artamidae,Strepera,Strepera fuliginosa,,1,0.3604,,,0.0059052,skull filling
Chordata,Aves,Passeriformes,Artamidae,Strepera,Strepera versicolor,,1,0.3845,,,0.00618492,skull filling
Chordata,Aves,Passeriformes,Dicruridae,Dicrurus,Dicrurus bracteatus,,1,0.0826,,,0.0018648,skull filling
Chordata,Aves,Passeriformes,Rhipiduridae,Rhipidura,Rhipidura rufifrons,,1,0.0097,,,0.00037296,skull filling
Chordata,Aves,Passeriformes,Rhipiduridae,Rhipidura,Rhipidura albiscapa,,1,0.0078,,,0.00035224,skull filling
Chordata,Aves,Passeriformes,Rhipiduridae,Rhipidura,Rhipidura rufiventris,,1,0.014,,,0.0005698,skull filling
Chordata,Aves,Passeriformes,Rhipiduridae,Rhipidura,Rhipidura leucophrys,,1,0.0207,,,0.00060088,skull filling
Chordata,Aves,Passeriformes,Corvidae,Corvus,Corvus coronoides,,1,0.6344,,,0.01018388,skull filling
Chordata,Aves,Passeriformes,Corvidae,Corvus,Corvus mellori,,1,0.53,,,0.008806,skull filling
Chordata,Aves,Passeriformes,Corvidae,Corvus,Corvus bennetti,,1,0.4,,,0.00667184,skull filling
Chordata,Aves,Passeriformes,Corvidae,Corvus,Corvus orru,,1,0.5819,,,0.00923076,skull filling
Chordata,Aves,Passeriformes,Monarchidae,Myiagra,Myiagra rubecula,,1,0.0126,,,0.00055944,skull filling
Chordata,Aves,Passeriformes,Monarchidae,Myiagra,Myiagra cyanoleuca,,1,0.017,,,0.00065268,skull filling
Chordata,Aves,Passeriformes,Monarchidae,Myiagra,Myiagra alecto,,1,0.0205,,,0.00075628,skull filling
Chordata,Aves,Passeriformes,Monarchidae,Myiagra,Myiagra inquieta,,1,0.017,,,0.00078736,skull filling
Chordata,Aves,Passeriformes,Monarchidae,Carterornis,Carterornis leucotis,,1,0.0121,,,0.00053872,skull filling
Chordata,Aves,Passeriformes,Monarchidae,Monarcha,Monarcha melanopsis,,1,0.023,,,0.00095312,skull filling
Chordata,Aves,Passeriformes,Monarchidae,Symposiarchus,Symposiarchus trivirgatus,,1,0.0131,,,0.00065268,skull filling
Chordata,Aves,Passeriformes,Monarchidae,Grallina,Grallina cyanoleuca,,1,0.088,,,0.00174048,skull filling
Chordata,Aves,Passeriformes,Monarchidae,Arses,Arses telescophthalmus,,1,0.013,,,0.00064232,skull filling
Chordata,Aves,Passeriformes,Corcoracidae,Corcorax,Corcorax melanorhamphos,,1,0.36,,,0.0053872,skull filling
Chordata,Aves,Passeriformes,Corcoracidae,Struthidea,Struthidea cinerea,,1,0.135,,,0.00308728,skull filling
Chordata,Aves,Passeriformes,Paradisaeidae,Ptiloris,Ptiloris paradiseus,,1,0.12,,,0.00288008,skull filling
Chordata,Aves,Passeriformes,Paradisaeidae,Ptiloris,Ptiloris victoriae,,1,0.0965,,,0.00263144,skull filling
Chordata,Aves,Passeriformes,Paradisaeidae,Ptiloris,Ptiloris magnificus,,1,0.134,,,0.0029008,skull filling
Chordata,Aves,Passeriformes,Petroicidae,Microeca,Microeca fascinans,,1,0.0145,,,0.00055944,skull filling
Chordata,Aves,Passeriformes,Petroicidae,Microeca,Microeca flavigaster,,1,0.0123,,,0.00052836,skull filling
Chordata,Aves,Passeriformes,Petroicidae,Petroica,Petroica boodang,,1,0.0133,,,0.00053872,skull filling
Chordata,Aves,Passeriformes,Petroicidae,Petroica,Petroica goodenovii,,1,0.009,,,0.00038332,skull filling
Chordata,Aves,Passeriformes,Petroicidae,Petroica,Petroica phoenicea,,1,0.013,,,0.00050764,skull filling
Chordata,Aves,Passeriformes,Petroicidae,Petroica,Petroica rosea,,1,0.008,,,0.00044548,skull filling
Chordata,Aves,Passeriformes,Petroicidae,Petroica,Petroica rodinogaster,,1,0.0099,,,0.00050764,skull filling
Chordata,Aves,Passeriformes,Petroicidae,Melanodryas,Melanodryas cucullata,,1,0.0209,,,0.0008288,skull filling
Chordata,Aves,Passeriformes,Petroicidae,Melanodryas,Melanodryas vittata,,1,0.027,,,0.001036,skull filling
Chordata,Aves,Passeriformes,Petroicidae,Tregellasia,Tregellasia capito,,1,0.0136,,,0.00079772,skull filling
Chordata,Aves,Passeriformes,Petroicidae,Tregellasia,Tregellasia leucops,,1,0.0148,,,0.00061124,skull filling
Chordata,Aves,Passeriformes,Petroicidae,Eopsaltria,Eopsaltria australis,,1,0.0199,,,0.00089096,skull filling
Chordata,Aves,Passeriformes,Petroicidae,Eopsaltria,Eopsaltria griseogularis,,1,0.0201,,,0.00085988,skull filling
Chordata,Aves,Passeriformes,Petroicidae,Eopsaltria,Eopsaltria georgiana,,1,0.0185,,,0.000777,skull filling
Chordata,Aves,Passeriformes,Petroicidae,Peneonanthe,Peneonanthe pulverulenta,,1,0.02,,,0.00085988,skull filling
Chordata,Aves,Passeriformes,Petroicidae,Heteromyias,Heteromyias cinereifrons,,1,0.035,,,0.0010878,skull filling
Chordata,Aves,Passeriformes,Petroicidae,Poecilodryas,Poecilodryas superciliosa,,1,0.0179,,,0.00095312,skull filling
Chordata,Aves,Passeriformes,Petroicidae,Poecilodryas,Poecilodryas cerviniventris,,1,0.0199,,,0.00074592,skull filling
Chordata,Aves,Passeriformes,Petroicidae,Drymodes,Drymodes brunneopygia,,1,0.0335,,,0.0009842,skull filling
Chordata,Aves,Passeriformes,Petroicidae,Mirafra,Mirafra javanica,,1,0.0225,,,0.00075628,skull filling
Chordata,Aves,Passeriformes,Cisticolidae,Cisticola,Cisticola exilis,,1,0.0075,,,0.00040404,skull filling
Chordata,Aves,Passeriformes,Acrocephalidae,Acrocephalus,Acrocephalus orientalis,,1,0.0173,,,0.00094276,skull filling
Chordata,Aves,Passeriformes,Locustellidae,Megalurus,Megalurus gramineus,,1,0.0135,,,0.00058016,skull filling
Chordata,Aves,Passeriformes,Locustellidae,Megalurus,Megalurus mathewsi,,1,0.029,,,0.0009324,skull filling
Chordata,Aves,Passeriformes,Locustellidae,Megalurus,Megalurus cruralis,,1,0.0515,,,0.00116032,skull filling
Chordata,Aves,Passeriformes,Zosteropidae,Zosterops,Zosterops lateralis,,1,0.0118,,,0.00048692,skull filling
Chordata,Aves,Passeriformes,Hirundinidae,Cheramoeca,Cheramoeca leucosterna,,1,0.0141,,,0.00042476,skull filling
Chordata,Aves,Passeriformes,Hirundinidae,Hirundo,Hirundo rustica,,1,0.017,,,0.0005698,skull filling
Chordata,Aves,Passeriformes,Hirundinidae,Hirundo,Hirundo neoxena,,1,0.015,,,0.00049728,skull filling
Chordata,Aves,Passeriformes,Hirundinidae,Petrochelidon,Petrochelidon ariel,,1,0.0105,,,0.00037296,skull filling
Chordata,Aves,Passeriformes,Hirundinidae,Petrochelidon,Petrochelidon nigricans,,1,0.0167,,,0.00053872,skull filling
Chordata,Aves,Passeriformes,Turdidae,Zoothera,Zoothera lunulata,,1,0.1083,,,0.00223776,skull filling
Chordata,Aves,Passeriformes,Turdidae,Zoothera,Zoothera heinei,,1,0.085,,,0.0018648,skull filling
Chordata,Aves,Passeriformes,Dicaeidae,Dicaeum,Dicaeum hirundinaceum,,1,0.009,,,0.00038332,skull filling
Chordata,Aves,Passeriformes,Nectariniidae,Cinnyris,Cinnyris jugularis,,1,0.009,,,0.0004144,skull filling
Chordata,Aves,Passeriformes,Estrildidae,Taeniopygia,Taeniopygia guttata,,1,0.012,,,0.00045584,skull filling
Chordata,Aves,Passeriformes,Estrildidae,Taeniopygia,Taeniopygia bichenovii,,1,0.009,,,0.0004144,skull filling
Chordata,Aves,Passeriformes,Estrildidae,Poephila,Poephila acuticauda,,1,0.0145,,,0.00052836,skull filling
Chordata,Aves,Passeriformes,Estrildidae,Poephila,Poephila cincta,,1,0.015,,,0.00048692,skull filling
Chordata,Aves,Passeriformes,Estrildidae,Poephila,Poephila personata,,1,0.0125,,,0.000518,skull filling
Chordata,Aves,Passeriformes,Estrildidae,Neochmia,Neochmia phaeton,,1,0.0099,,,0.000518,skull filling
Chordata,Aves,Passeriformes,Estrildidae,Neochmia,Neochmia temporalis,,1,0.0094,,,0.00053872,skull filling
Chordata,Aves,Passeriformes,Estrildidae,Stagonopleura,Stagonopleura bella,,1,0.014,,,0.00066304,skull filling
Chordata,Aves,Passeriformes,Estrildidae,Erythrura,Erythrura trichroa,,1,0.0145,,,0.00060088,skull filling
Chordata,Aves,Passeriformes,Estrildidae,Erythrura,Erythrura gouldiae,,1,0.0145,,,0.00054908,skull filling
Chordata,Aves,Passeriformes,Motacillidae,Anthus,Anthus novaeseelandiae,,1,0.0264,,,0.00087024,skull filling
Chordata,Aves,Passeriformes,Motacillidae,Motacilla,Motacilla sp.,,1,0.023,,,0.0005698,skull filling
Chordata,Aves,Charadriiformes,Haematopodidae,Haematopus,Haematopus longirostris,,7,0.6781,,,0.00473452,skull filling
Chordata,Aves,Charadriiformes,Haematopodidae,Haematopus,Haematopus fuliginosus,,7,0.7594,,,0.00539756,skull filling
Chordata,Aves,Charadriiformes,Recurvirostridae,Himantopus,Himantopus himantopus,,9,0.1744,,,0.0019684,skull filling
Chordata,Aves,Charadriiformes,Recurvirostridae,Recurvirostra,Recurvirostra novaehollandiae,,6,0.3244,,,0.002072,skull filling
Chordata,Aves,Charadriiformes,Charadriidae,Pluvialis,Pluvialis fulva,,3,0.1291,,,0.00199948,skull filling
Chordata,Aves,Charadriiformes,Charadriidae,Pluvialis,Pluvialis squatarola,female,3,0.2752,,,0.0026418,skull filling
Chordata,Aves,Charadriiformes,Charadriidae,Charadrius,Charadrius ruficapillus,,3,0.0375,,,0.00084952,skull filling
Chordata,Aves,Charadriiformes,Charadriidae,Charadrius,Charadrius bicinctus,,8,0.0586,,,0.00114996,skull filling
Chordata,Aves,Charadriiformes,Charadriidae,Elseyornis,Elseyornis melanops,,3,0.0303,,,0.00087024,skull filling
Chordata,Aves,Charadriiformes,Charadriidae,Thinornis,Thinornis rubricollis,,6,0.1008,,,0.00117068,skull filling
Chordata,Aves,Charadriiformes,Charadriidae,Erythrogonys,Erythrogonys cinctus,,3,0.0484,,,0.00100492,skull filling
Chordata,Aves,Charadriiformes,Charadriidae,Vanellus,Vanellus tricolor,,15,0.1842,,,0.00247604,skull filling
Chordata,Aves,Charadriiformes,Charadriidae,Vanellus,Vanellus miles,,9,0.3598,,,0.0029526,skull filling
Chordata,Aves,Charadriiformes,Scolopacidae,Gallinago,Gallinago hardwickii,,4,0.1537,,,0.0020202,skull filling
Chordata,Aves,Charadriiformes,Scolopacidae,Limosa,Limosa lapponica,,10,0.3336,,,0.00286972,skull filling
Chordata,Aves,Charadriiformes,Scolopacidae,Numenius,Numenius phaeopus,,6,0.3801,,,0.00324268,skull filling
Chordata,Aves,Charadriiformes,Scolopacidae,Numenius,Numenius madagascariensis,,5,0.7641,,,0.0048692,skull filling
Chordata,Aves,Charadriiformes,Scolopacidae,Actitis,Actitis hypoleucos,,5,0.0433,,,0.00089096,skull filling
Chordata,Aves,Charadriiformes,Scolopacidae,Tringa,Tringa brevipes,,6,0.1237,,,0.00140896,skull filling
Chordata,Aves,Charadriiformes,Scolopacidae,Tringa,Tringa nebularia,,3,0.1735,,,0.0019166,skull filling
Chordata,Aves,Charadriiformes,Scolopacidae,Tringa,Tringa stagnatilis,,3,0.0703,,,0.00105672,skull filling
Chordata,Aves,Charadriiformes,Scolopacidae,Arenaria,Arenaria interpres,,12,0.1115,,,0.00138824,skull filling
Chordata,Aves,Charadriiformes,Scolopacidae,Calidris,Calidris alba,,10,0.0545,,,0.00104636,skull filling
Chordata,Aves,Charadriiformes,Scolopacidae,Calidris,Calidris ruficollis,,11,0.0268,,,0.00068376,skull filling
Chordata,Aves,Charadriiformes,Scolopacidae,Calidris,Calidris melanotos,,10,0.0609,,,0.00112924,skull filling
Chordata,Aves,Charadriiformes,Scolopacidae,Calidris,Calidris acuminata,,10,0.0646,,,0.00102564,skull filling
Chordata,Aves,Charadriiformes,Scolopacidae,Calidris,Calidris ferruginea,,11,0.0552,,,0.00102564,skull filling
Chordata,Aves,Anseriformes,Anseranatidae,Anseranas,Anseranas semipalmata,,9,,,,0.00931364,skull filling
Chordata,Aves,Anseriformes,Anseranatidae,Anseranas,Anseranas semipalmata,,3,,,,0.00891996,skull filling
Chordata,Aves,Anseriformes,Anatidae,Dendrocygna,Dendrocygna viduata,,7,,,,0.0045584,skull filling
Chordata,Aves,Anseriformes,Anatidae,Dendrocygna,Dendrocygna viduata,,3,,,,0.00438228,skull filling
Chordata,Aves,Anseriformes,Anatidae,Cygnus,Cygnus olor,,10,,,,0.01536388,skull filling
Chordata,Aves,Anseriformes,Anatidae,Cygnus,Cygnus olor,,4,,,,0.0141932,skull filling
Chordata,Aves,Anseriformes,Anatidae,Cygnus,Cygnus atratus,,12,,,,0.01273244,skull filling
Chordata,Aves,Anseriformes,Anatidae,Cygnus,Cygnus atratus,,8,,,,0.0122766,skull filling
Chordata,Aves,Anseriformes,Anatidae,Branta,Branta canadensis,,5,,,,0.01174824,skull filling
Chordata,Aves,Anseriformes,Anatidae,Branta,Branta canadensis,,4,,,,0.01209012,skull filling
Chordata,Aves,Anseriformes,Anatidae,Chloephaga,Chloephaga melanoptera,,3,,,,0.00762496,skull filling
Chordata,Aves,Anseriformes,Anatidae,Chloephaga,Chloephaga melanoptera,,5,,,,0.00796684,skull filling
Chordata,Aves,Anseriformes,Anatidae,Alopochen,Alopochen aegyptiacus,,5,,,,0.00746956,skull filling
Chordata,Aves,Anseriformes,Anatidae,Alopochen,Alopochen aegyptiacus,,4,,,,0.00712768,skull filling
Chordata,Aves,Anseriformes,Anatidae,Tadorna,Tadorna ferruginea,,8,,,,0.00586376,skull filling
Chordata,Aves,Anseriformes,Anatidae,Tadorna,Tadorna ferruginea,,8,,,,0.00563584,skull filling
Chordata,Aves,Anseriformes,Anatidae,Tadorna,Tadorna tadornoides,,10,,,,0.00615384,skull filling
Chordata,Aves,Anseriformes,Anatidae,Tadorna,Tadorna tadornoides,,5,,,,0.00603988,skull filling
Chordata,Aves,Anseriformes,Anatidae,Tadorna,Tadorna variegate,,9,,,,0.00573944,skull filling
Chordata,Aves,Anseriformes,Anatidae,Tadorna,Tadorna variegate,,4,,,,0.00566692,skull filling
Chordata,Aves,Anseriformes,Anatidae,Tadorna,Tadorna tadorna,,10,,,,0.00506604,skull filling
Chordata,Aves,Anseriformes,Anatidae,Tadorna,Tadorna tadorna,,6,,,,0.00469308,skull filling
Chordata,Aves,Anseriformes,Anatidae,Callonetta,Callonetta leucophrys,,4,,,,0.00308728,skull filling
Chordata,Aves,Anseriformes,Anatidae,Callonetta,Callonetta leucophrys,,4,,,,0.00283864,skull filling
Chordata,Aves,Anseriformes,Anatidae,Chenonetta,Chenonetta jubata,,10,,,,0.00422688,skull filling
Chordata,Aves,Anseriformes,Anatidae,Chenonetta,Chenonetta jubata,,3,,,,0.00397824,skull filling
Chordata,Aves,Anseriformes,Anatidae,Hymenolaimus,Hymenolaimus malacorhynchos,,6,,,,0.00583268,skull filling
Chordata,Aves,Anseriformes,Anatidae,Hymenolaimus,Hymenolaimus malacorhynchos,,4,,,,0.00496244,skull filling
Chordata,Aves,Anseriformes,Anatidae,Anas,Anas gracilis,,16,,,,0.00363636,skull filling
Chordata,Aves,Anseriformes,Anatidae,Anas,Anas gracilis,,2,,,,0.00363636,skull filling
Chordata,Aves,Anseriformes,Anatidae,Anas,Anas castanea,,9,,,,0.00369852,skull filling
Chordata,Aves,Anseriformes,Anatidae,Anas,Anas castanea,,5,,,,0.00365708,skull filling
Chordata,Aves,Anseriformes,Anatidae,Anas,Anas querquedula,,6,,,,0.00276612,skull filling
Chordata,Aves,Anseriformes,Anatidae,Anas,Anas querquedula,,5,,,,0.00277648,skull filling
Chordata,Aves,Anseriformes,Anatidae,Aythya,Aythya valisineria,,11,,,,0.0070448,skull filling
Chordata,Aves,Anseriformes,Anatidae,Aythya,Aythya valisineria,,2,,,,0.00470344,skull filling
Chordata,Aves,Anseriformes,Anatidae,Aythya,Aythya americana,,10,,,,0.00548044,skull filling
Chordata,Aves,Anseriformes,Anatidae,Aythya,Aythya americana,,2,,,,0.00567728,skull filling
Chordata,Aves,Anseriformes,Anatidae,Bucephala,Bucephala clangula,,11,,,,0.00605024,skull filling
Chordata,Aves,Anseriformes,Anatidae,Bucephala,Bucephala clangula,,3,,,,0.00578088,skull filling
Chordata,Aves,Anseriformes,Anatidae,Bucephala,Bucephala islandica,,10,,,,0.00634032,skull filling
Chordata,Aves,Anseriformes,Anatidae,Bucephala,Bucephala islandica,,3,,,,0.00607096,skull filling
Chordata,Aves,Passeriformes,Eurylaimidae,Cymbirhynchus,Cymbirhynchus macrorhynchus,,2,,,,0.0015,skull filling
Chordata,Aves,Passeriformes,Formicariidae,Chamaeza,Chamaeza campanisona,,1,,,,0.0019,skull filling
Chordata,Aves,Passeriformes,Cotingidae,Pyroderus,Pyroderus scutatus,,2,,,,0.00445,skull filling
Chordata,Aves,Passeriformes,Tyrannidae,Colonia,Colonia colonus,,1,,,,0.0013,skull filling
Chordata,Aves,Passeriformes,Contingidae,Phytotoma,Phytotoma rara,,1,,,,0.0012,skull filling
Chordata,Aves,Passeriformes,Menuridae,Menura,Menura novaehollandiae,,1,0.91,,,0.0105,skull filling
Chordata,Aves,Passeriformes,Leiothrichidae,Garrulax,Garrulax leucolophus,,2,,,,0.00255,skull filling
Chordata,Aves,Passeriformes,Artamidae,Gymnorhina,Gymnorhina tibicen,,1,,,,0.0041,skull filling
Chordata,Aves,Passeriformes,Corvidae,Corvus,Corvus albus,,1,,,,0.0105,skull filling
Chordata,Aves,Passeriformes,Corvidae,Corvus,Corvus ruficollis,,1,,,,0.0105,skull filling
Chordata,Aves,Passeriformes,Corvidae,Corvus,Corvus albicollis,,1,,,,0.012,skull filling
Chordata,Aves,Passeriformes,Corvidae,Corvus,Corvus abyssinicus,,1,,,,0.0145,skull filling
Chordata,Aves,Passeriformes,Corvidae,Corvus,Corvus capensis,,1,,,,0.008,skull filling
Chordata,Aves,Passeriformes,Corvidae,Urocissa,Urocissa erythrorhyncha,,4,,,,0.0038,skull filling
Chordata,Aves,Passeriformes,Corvidae,Cyanocorax,Cyanocorax chrysops,,1,,,,0.0043,skull filling
Chordata,Aves,Passeriformes,Corvidae,Dendrocitta,Dendrocitta cinerascense,,1,,,,0.0028,skull filling
Chordata,Aves,Passeriformes,Corvidae,Cyanopica,Cyanopica cyanus,,1,,,,0.003,skull filling
Chordata,Aves,Passeriformes,Corvidae,Pica,Pica nuttalli,,1,0.16,,,0.0043,skull filling
Chordata,Aves,Passeriformes,Corvidae,Ptilostomus,Ptilostomus afer,,1,0.13,,,0.0029,skull filling
Chordata,Aves,Passeriformes,Corvidae,Corvus,Corvus crassirostris,,1,,,,0.014,skull filling
Chordata,Aves,Passeriformes,Corvidae,Corvus,Corvus rhipidurus,,1,0.745,,,0.0094,skull filling
Chordata,Aves,Passeriformes,Corvidae,Corvus,Corvus cryptoleucus,,1,0.535,,,0.0087,skull filling
Chordata,Aves,Passeriformes,Corvidae,Corvus,Corvus torquatus,,1,,,,0.008,skull filling
Chordata,Aves,Passeriformes,Corvidae,Corvus,Corvus caurinus,,1,0.39,,,0.007,skull filling
Chordata,Aves,Passeriformes,Corvidae,Corvus,Corvus ossifragus,,1,0.285,,,0.0067,skull filling
Chordata,Aves,Passeriformes,Corvidae,Corvus,Corvus imparatus,,1,,,,0.0044,skull filling
Chordata,Aves,Passeriformes,Corvidae,Corvus,Corvus palmarum,,1,0.29,,,0.0059,skull filling
Chordata,Aves,Passeriformes,Corvidae,Corvus,Corvus nasicus,,1,0.36,,,0.0059,skull filling
Chordata,Aves,Passeriformes,Corvidae,Corvus,Corvus leucognaphalus,,1,,,,0.0087,skull filling
Chordata,Aves,Passeriformes,Corvidae,Corvus,Corvus jamaicensis,,1,,,,0.007,skull filling
Chordata,Aves,Passeriformes,Corvidae,Corvus,Corvus enca,,1,0.24,,,0.0066,skull filling
Chordata,Aves,Passeriformes,Corvidae,Corvus,Corvus orru,,1,0.435,,,0.0081,skull filling
Chordata,Aves,Passeriformes,Corvidae,Corvus,Corvus bennetti,,1,0.43,,,0.0079,skull filling
Chordata,Aves,Passeriformes,Corvidae,Corvus,Corvus validus,,1,,,,0.0087,skull filling
Chordata,Aves,Passeriformes,Corvidae,Corvus,Corvus tristis,,1,0.635,,,0.0103,skull filling
Chordata,Aves,Passeriformes,Corvidae,Corvus,Corvus moneduloides,,1,0.275,,,0.0063,skull filling
Chordata,Aves,Passeriformes,Corvidae,Corvus,Corvus tropicus,,1,,,,0.0099,skull filling
Chordata,Aves,Passeriformes,Corvidae,Corvus,Corvus macrorhynchos,,2,0.49,,,0.0097,skull filling
Chordata,Aves,Passeriformes,Corvidae,Corvus,Corvus splendens,,1,0.295,,,0.0057,skull filling
Chordata,Aves,Passeriformes,Corvidae,Pyrrhocorax,Pyrrhocorax graculus,,2,0.15,,,0.0035,skull filling
Chordata,Aves,Passeriformes,Corvidae,Pyrrhocorax,Pyrrhocorax pyrrhocorax,,3,0.3,,,0.0061,skull filling
Chordata,Aves,Passeriformes,Corvidae,Podoces,Podoces hendersoni,,1,0.12,,,0.0039,skull filling
Chordata,Aves,Passeriformes,Corvidae,Podoces,Podoces panderi,,1,,,,0.0026,skull filling
Chordata,Aves,Passeriformes,Corvidae,Nucifraga,Nucifraga caryocatactes,,3,0.16,,,0.0054,skull filling
Chordata,Aves,Passeriformes,Corvidae,Nucifraga,Nucifraga columbiana,,1,,,,0.0053,skull filling
Chordata,Aves,Passeriformes,Corvidae,Gymnorhinus,Gymnorhinus cyanocephalus,,1,0.105,,,0.0026,skull filling
Chordata,Aves,Passeriformes,Corvidae,Cyanopica,Cyanopica cyanus,,2,0.07,,,0.0027,skull filling
Chordata,Aves,Passeriformes,Corvidae,Aphelocoma,Aphelocoma coerulescens,,1,0.08,,,0.0028,skull filling
Chordata,Aves,Passeriformes,Corvidae,Aphelocoma,Aphelocoma ultramarina,,1,0.125,,,0.0037,skull filling
Chordata,Aves,Passeriformes,Corvidae,Cyanolyca,Cyanolyca argentigula,,1,0.2,,,0.0026,skull filling
Chordata,Aves,Passeriformes,Corvidae,Cyanolyca,Cyanolyca viridicyanea,,1,0.1,,,0.0033,skull filling
Chordata,Aves,Passeriformes,Corvidae,Cissilopha,Cissilopha beecheii,,1,0.195,,,0.0043,skull filling
Chordata,Aves,Passeriformes,Corvidae,Cissilopha,Cissilopha sanblasiana,,1,0.11,,,0.003,skull filling
Chordata,Aves,Passeriformes,Corvidae,Cissilopha,Cissilopha melanocyanea,,1,0.11,,,0.0033,skull filling
Chordata,Aves,Passeriformes,Corvidae,Cyanocorax,Cyanocorax yncas,,3,0.08,,,0.0024,skull filling
Chordata,Aves,Passeriformes,Corvidae,Cyanocorax,Cyanocorax mystacalis,,1,,,,0.0032,skull filling
Chordata,Aves,Passeriformes,Corvidae,Cyanocorax,Cyanocorax affinis,,1,0.21,,,0.0037,skull filling
Chordata,Aves,Passeriformes,Corvidae,Cyanocorax,Cyanocorax chrysops,,2,0.155,,,0.0027,skull filling
Chordata,Aves,Passeriformes,Corvidae,Cyanocorax,Cyanocorax cayanus,,1,0.175,,,0.0042,skull filling
Chordata,Aves,Passeriformes,Corvidae,Cyanocorax,Cyanocorax violaceus,,1,0.26,,,0.0047,skull filling
Chordata,Aves,Passeriformes,Corvidae,Cyanocorax,Cyanocorax cyanomelas,,1,0.22,,,0.0038,skull filling
Chordata,Aves,Passeriformes,Corvidae,Cyanocorax,Cyanocorax caeruleus,,1,0.27,,,0.0037,skull filling
Chordata,Aves,Passeriformes,Corvidae,Psilorhinus,Psilorhinus morio,,1,0.205,,,0.005,skull filling
Chordata,Aves,Passeriformes,Corvidae,Calocitta,Calocitta formosa,,1,0.21,,,0.0042,skull filling
Chordata,Aves,Passeriformes,Corvidae,Cyanocitta,Cyanocitta stelleri,,1,0.13,,,0.0034,skull filling
Chordata,Aves,Passeriformes,Corvidae,Perisoreus,Perisoreus infaustus,,1,0.085,,,0.0027,skull filling
Chordata,Aves,Passeriformes,Corvidae,Perisoreus,Perisoreus canadensis,,1,0.075,,,0.0024,skull filling
Chordata,Aves,Passeriformes,Corvidae,Platylophus,Platylophus galericulatus,,1,,,,0.0025,skull filling
Chordata,Aves,Passeriformes,Corvidae,Crypsirina,Crypsirina temia,,1,,,,0.0018,skull filling
Chordata,Aves,Passeriformes,Corvidae,Dendrocitta,Dendrocitta formosae,,1,0.105,,,0.0024,skull filling
Chordata,Aves,Passeriformes,Corvidae,Dendrocitta,Dendrocitta occipitalis,,1,,,,0.0027,skull filling
Chordata,Aves,Passeriformes,Corvidae,Urocissa,Urocissa caerulea,,1,0.215,,,0.0046,skull filling
Chordata,Aves,Passeriformes,Corvidae,Cissa,Cissa chinensis,,1,0.125,,,0.003,skull filling
Arthropoda,Insecta,Lepidoptera,Sphingidae,Manduca,Manduca sexta,male,12,,,,9.136992676e-07,immunostaining and microscopy
Arthropoda,Insecta,Lepidoptera,Sphingidae,Macroglossum,Macroglossum stellatarum,male and female,10,,,,4.771639524652e-07,histological reconstruction
Arthropoda,Insecta,Lepidoptera,Sphingidae,Deilephila,Deilephila elpenor,male and female,10,,,,3.983160292412e-07,histological reconstruction
Arthropoda,Insecta,Hymenoptera,Formicidae,Myrmecia,Myrmecia croslandi,,1,2.6059e-05,,,5.51e-07,immunostaining and microscopy
Arthropoda,Insecta,Hymenoptera,Formicidae,Myrmecia,Myrmecia croslandi,,1,1.5219e-05,,,5.15e-07,immunostaining and microscopy
Arthropoda,Insecta,Hymenoptera,Formicidae,Myrmecia,Myrmecia croslandi,,1,2.3594e-05,,,5.64e-07,immunostaining and microscopy
Arthropoda,Insecta,Hymenoptera,Formicidae,Myrmecia,Myrmecia croslandi,,1,1.4298e-05,,,4.4e-07,immunostaining and microscopy
Arthropoda,Insecta,Hymenoptera,Formicidae,Myrmecia,Myrmecia croslandi,,1,1.716e-05,,,5.2e-07,immunostaining and microscopy
Arthropoda,Insecta,Hymenoptera,Formicidae,Myrmecia,Myrmecia croslandi,,1,2.0997e-05,,,5.33e-07,immunostaining and microscopy
Arthropoda,Insecta,Hymenoptera,Formicidae,Myrmecia,Myrmecia croslandi,,1,2.4925e-05,,,5.61e-07,immunostaining and microscopy
Arthropoda,Insecta,Hymenoptera,Formicidae,Myrmecia,Myrmecia gulosa,,1,2.4624e-05,,,8.45e-07,immunostaining and microscopy
Arthropoda,Insecta,Hymenoptera,Formicidae,Myrmecia,Myrmecia gulosa,,1,7.3623e-05,,,1.213e-06,immunostaining and microscopy
Arthropoda,Insecta,Hymenoptera,Formicidae,Myrmecia,Myrmecia gulosa,,1,2.3351e-05,,,8.5e-07,immunostaining and microscopy
Arthropoda,Insecta,Hymenoptera,Formicidae,Myrmecia,Myrmecia gulosa,,1,7.0207e-05,,,1.174e-06,immunostaining and microscopy
Arthropoda,Insecta,Hymenoptera,Formicidae,Myrmecia,Myrmecia gulosa,,1,0.000110076,,,1.292e-06,immunostaining and microscopy
Arthropoda,Insecta,Hymenoptera,Formicidae,Myrmecia,Myrmecia gulosa,,1,9.883e-05,,,1.365e-06,immunostaining and microscopy
Arthropoda,Insecta,Hymenoptera,Formicidae,Myrmecia,Myrmecia gulosa,,1,1.9895e-05,,,7.88e-07,immunostaining and microscopy
Arthropoda,Insecta,Hymenoptera,Formicidae,Myrmecia,Myrmecia gulosa,,1,2.9103e-05,,,8.44e-07,immunostaining and microscopy
Arthropoda,Insecta,Hymenoptera,Formicidae,Myrmecia,Myrmecia gulosa,,1,5.5055e-05,,,9.75e-07,immunostaining and microscopy
Arthropoda,Insecta,Hymenoptera,Formicidae,Myrmecia,Myrmecia gulosa,,1,6.8202e-05,,,1.104e-06,immunostaining and microscopy
Arthropoda,Insecta,Hymenoptera,Formicidae,Myrmecia,Myrmecia gulosa,,1,4.1244e-05,,,1.022e-06,immunostaining and microscopy
Arthropoda,Insecta,Hymenoptera,Formicidae,Myrmecia,Myrmecia gulosa,,1,0.000109074,,,1.267e-06,immunostaining and microscopy
Arthropoda,Insecta,Hymenoptera,Formicidae,Myrmecia,Myrmecia gulosa,,1,2.6048e-05,,,8.74e-07,immunostaining and microscopy
Arthropoda,Insecta,Hymenoptera,Formicidae,Myrmecia,Myrmecia gulosa,,1,8.9034e-05,,,1.164e-06,immunostaining and microscopy
Arthropoda,Insecta,Hymenoptera,Formicidae,Myrmecia,Myrmecia gulosa,,1,4.8029e-05,,,9.21e-07,immunostaining and microscopy
Arthropoda,Insecta,Hymenoptera,Formicidae,Myrmecia,Myrmecia gulosa,,1,8.0886e-05,,,1.152e-06,immunostaining and microscopy
Arthropoda,Insecta,Hymenoptera,Formicidae,Myrmecia,Myrmecia gulosa,,1,7.6072e-05,,,1.121e-06,immunostaining and microscopy
Arthropoda,Insecta,Hymenoptera,Formicidae,Myrmecia,Myrmecia gulosa,,1,2.6048e-05,,,8.74e-07,immunostaining and microscopy
Arthropoda,Insecta,Hymenoptera,Formicidae,Myrmecia,Myrmecia gulosa,,1,8.221e-05,,,1.117e-06,immunostaining and microscopy
Arthropoda,Insecta,Hymenoptera,Formicidae,Myrmecia,Myrmecia gulosa,,1,3.6819e-05,,,9.67e-07,immunostaining and microscopy
Arthropoda,Insecta,Hymenoptera,Formicidae,Myrmecia,Myrmecia nigrocincta,,1,1.9483e-05,,,5.68e-07,immunostaining and microscopy
Arthropoda,Insecta,Hymenoptera,Formicidae,Myrmecia,Myrmecia nigrocincta,,1,1.6239e-05,,,5.77e-07,immunostaining and microscopy
Arthropoda,Insecta,Hymenoptera,Formicidae,Myrmecia,Myrmecia nigrocincta,,1,1.6906e-05,,,6.13e-07,immunostaining and microscopy
Arthropoda,Insecta,Hymenoptera,Formicidae,Myrmecia,Myrmecia nigrocincta,,1,1.9621e-05,,,5.83e-07,immunostaining and microscopy
Arthropoda,Insecta,Hymenoptera,Formicidae,Myrmecia,Myrmecia nigrocincta,,1,1.1947e-05,,,5.11e-07,immunostaining and microscopy
Arthropoda,Insecta,Hymenoptera,Formicidae,Myrmecia,Myrmecia nigrocincta,,1,1.5607e-05,,,5.76e-07,immunostaining and microscopy
Arthropoda,Insecta,Hymenoptera,Formicidae,Myrmecia,Myrmecia tarsata,,1,3.2521e-05,,,7.12e-07,immunostaining and microscopy
Arthropoda,Insecta,Hymenoptera,Formicidae,Myrmecia,Myrmecia tarsata,,1,9.3735e-05,,,9.82e-07,immunostaining and microscopy
Arthropoda,Insecta,Hymenoptera,Formicidae,Myrmecia,Myrmecia tarsata,,1,5.638e-05,,,9.27e-07,immunostaining and microscopy
Arthropoda,Insecta,Hymenoptera,Formicidae,Myrmecia,Myrmecia tarsata,,1,9.4044e-05,,,9.68e-07,immunostaining and microscopy
Arthropoda,Insecta,Hymenoptera,Formicidae,Myrmecia,Myrmecia tarsata,,1,8.3526e-05,,,9.9e-07,immunostaining and microscopy
Arthropoda,Insecta,Hymenoptera,Formicidae,Myrmecia,Myrmecia tarsata,,1,3.8383e-05,,,7.57e-07,immunostaining and microscopy
Arthropoda,Insecta,Hymenoptera,Formicidae,Myrmecia,Myrmecia tarsata,,1,3.077e-05,,,7.81e-07,immunostaining and microscopy
Arthropoda,Insecta,Hymenoptera,Formicidae,Myrmecia,Myrmecia tarsata,,1,7.6884e-05,,,9.85e-07,immunostaining and microscopy
Arthropoda,Insecta,Hymenoptera,Formicidae,Myrmecia,Myrmecia tarsata,,1,5.8001e-05,,,8.38e-07,immunostaining and microscopy
Arthropoda,Insecta,Hymenoptera,Formicidae,Myrmecia,Myrmecia tarsata,,1,7.1297e-05,,,9.81e-07,immunostaining and microscopy
Arthropoda,Insecta,Hymenoptera,Formicidae,Myrmecia,Myrmecia tarsata,,1,6.0711e-05,,,9.21e-07,immunostaining and microscopy
Arthropoda,Insecta,Hymenoptera,Formicidae,Myrmecia,Myrmecia tarsata,,1,8.5927e-05,,,9.58e-07,immunostaining and microscopy
Arthropoda,Insecta,Hymenoptera,Formicidae,Myrmecia,Myrmecia tarsata,,1,6.5596e-05,,,9.71e-07,immunostaining and microscopy
Arthropoda,Insecta,Hymenoptera,Formicidae,Myrmecia,Myrmecia tarsata,,1,4.0866e-05,,,7.65e-07,immunostaining and microscopy
Arthropoda,Insecta,Hymenoptera,Formicidae,Myrmecia,Myrmecia tarsata,,1,9.5688e-05,,,1.02e-06,immunostaining and microscopy
Arthropoda,Insecta,Hymenoptera,Formicidae,Myrmecia,Myrmecia tarsata,,1,3.5842e-05,,,7.35e-07,immunostaining and microscopy
Arthropoda,Insecta,Hymenoptera,Formicidae,Myrmecia,Myrmecia midas,,1,5.3375e-05,,,1.033e-06,immunostaining and microscopy
Arthropoda,Insecta,Hymenoptera,Formicidae,Myrmecia,Myrmecia midas,,1,0.00017698,,,1.588e-06,immunostaining and microscopy
Arthropoda,Insecta,Hymenoptera,Formicidae,Myrmecia,Myrmecia midas,,1,0.00017355,,,1.687e-06,immunostaining and microscopy
Arthropoda,Insecta,Hymenoptera,Formicidae,Myrmecia,Myrmecia midas,,1,5.6575e-05,,,1.251e-06,immunostaining and microscopy
Arthropoda,Insecta,Hymenoptera,Formicidae,Myrmecia,Myrmecia midas,,1,0.000106208,,,1.394e-06,immunostaining and microscopy
Arthropoda,Insecta,Hymenoptera,Formicidae,Myrmecia,Myrmecia midas,,1,7.2338e-05,,,1.125e-06,immunostaining and microscopy
Arthropoda,Insecta,Hymenoptera,Formicidae,Myrmecia,Myrmecia midas,,1,4.198e-05,,,9.1e-07,immunostaining and microscopy
Arthropoda,Insecta,Hymenoptera,Formicidae,Myrmecia,Myrmecia midas,,1,9.7124e-05,,,1.4e-06,immunostaining and microscopy
Arthropoda,Insecta,Hymenoptera,Formicidae,Myrmecia,Myrmecia midas,,1,0.000147656,,,1.573e-06,immunostaining and microscopy
Arthropoda,Insecta,Hymenoptera,Formicidae,Myrmecia,Myrmecia midas,,1,4.1681e-05,,,1.149e-06,immunostaining and microscopy
Arthropoda,Insecta,Hymenoptera,Formicidae,Myrmecia,Myrmecia midas,,1,2.4273e-05,,,8.65e-07,immunostaining and microscopy
Arthropoda,Insecta,Hymenoptera,Formicidae,Myrmecia,Myrmecia midas,,1,2.2167e-05,,,8.39e-07,immunostaining and microscopy
Arthropoda,Insecta,Hymenoptera,Formicidae,Myrmecia,Myrmecia midas,,1,5.7414e-05,,,1.44e-06,immunostaining and microscopy
Arthropoda,Insecta,Hymenoptera,Formicidae,Myrmecia,Myrmecia midas,,1,6.6934e-05,,,1.28e-06,immunostaining and microscopy
Arthropoda,Insecta,Hymenoptera,Formicidae,Myrmecia,Myrmecia midas,,1,0.000100186,,,1.4e-06,immunostaining and microscopy
Arthropoda,Insecta,Hymenoptera,Formicidae,Myrmecia,Myrmecia midas,,1,8.3857e-05,,,1.268e-06,immunostaining and microscopy
Arthropoda,Insecta,Hymenoptera,Formicidae,Myrmecia,Myrmecia midas,,1,0.000105375,,,1.384e-06,immunostaining and microscopy
Arthropoda,Insecta,Hymenoptera,Formicidae,Myrmecia,Myrmecia midas,,1,7.2835e-05,,,1.182e-06,immunostaining and microscopy
Arthropoda,Insecta,Hymenoptera,Formicidae,Myrmecia,Myrmecia midas,,1,3.3988e-05,,,8.76e-07,immunostaining and microscopy
Arthropoda,Insecta,Hymenoptera,Formicidae,Myrmecia,Myrmecia midas,,1,4.6325e-05,,,9.04e-07,immunostaining and microscopy
Arthropoda,Insecta,Hymenoptera,Formicidae,Myrmecia,Myrmecia midas,,1,7.017e-05,,,1.101e-06,immunostaining and microscopy
Arthropoda,Insecta,Hymenoptera,Formicidae,Myrmecia,Myrmecia midas,,1,8.9125e-05,,,1.22e-06,immunostaining and microscopy
Arthropoda,Insecta,Hymenoptera,Formicidae,Myrmecia,Myrmecia midas,,1,8.7207e-05,,,1.284e-06,immunostaining and microscopy
Arthropoda,Insecta,Hymenoptera,Formicidae,Myrmecia,Myrmecia nigriceps,,1,2.9772e-05,,,8.02e-07,immunostaining and microscopy
Arthropoda,Insecta,Hymenoptera,Formicidae,Myrmecia,Myrmecia nigriceps,,1,3.788e-05,,,7.74e-07,immunostaining and microscopy
Arthropoda,Insecta,Hymenoptera,Formicidae,Myrmecia,Myrmecia nigriceps,,1,4.0513e-05,,,8.45e-07,immunostaining and microscopy
Arthropoda,Insecta,Hymenoptera,Formicidae,Myrmecia,Myrmecia nigriceps,,1,5.1948e-05,,,8.5e-07,immunostaining and microscopy
Arthropoda,Insecta,Hymenoptera,Formicidae,Myrmecia,Myrmecia nigriceps,,1,7.7081e-05,,,1.121e-06,immunostaining and microscopy
Arthropoda,Insecta,Hymenoptera,Formicidae,Myrmecia,Myrmecia nigriceps,,1,7.433e-05,,,1.125e-06,immunostaining and microscopy
Arthropoda,Insecta,Hymenoptera,Formicidae,Myrmecia,Myrmecia nigriceps,,1,8.2891e-05,,,1.07e-06,immunostaining and microscopy
Arthropoda,Insecta,Hymenoptera,Formicidae,Myrmecia,Myrmecia nigriceps,,1,9.9754e-05,,,1.232e-06,immunostaining and microscopy
Arthropoda,Insecta,Hymenoptera,Formicidae,Myrmecia,Myrmecia nigriceps,,1,8.9543e-05,,,1.099e-06,immunostaining and microscopy
Arthropoda,Insecta,Hymenoptera,Formicidae,Myrmecia,Myrmecia nigriceps,,1,8.3681e-05,,,1.113e-06,immunostaining and microscopy
Arthropoda,Insecta,Hymenoptera,Formicidae,Myrmecia,Myrmecia pyriformis,,1,4.0145e-05,,,9.74e-07,immunostaining and microscopy
Arthropoda,Insecta,Hymenoptera,Formicidae,Myrmecia,Myrmecia pyriformis,,1,4.9047e-05,,,1.061e-06,immunostaining and microscopy
Arthropoda,Insecta,Hymenoptera,Formicidae,Myrmecia,Myrmecia pyriformis,,1,6.2603e-05,,,1.2e-06,immunostaining and microscopy
Arthropoda,Insecta,Hymenoptera,Formicidae,Myrmecia,Myrmecia pyriformis,,1,7.7132e-05,,,1.237e-06,immunostaining and microscopy
Arthropoda,Insecta,Hymenoptera,Formicidae,Myrmecia,Myrmecia pyriformis,,1,8.3928e-05,,,1.301e-06,immunostaining and microscopy
Arthropoda,Insecta,Hymenoptera,Formicidae,Myrmecia,Myrmecia pyriformis,,1,9.4456e-05,,,1.35e-06,immunostaining and microscopy
Arthropoda,Insecta,Hymenoptera,Formicidae,Myrmecia,Myrmecia pyriformis,,1,4.5646e-05,,,9.5e-07,immunostaining and microscopy
Arthropoda,Insecta,Hymenoptera,Formicidae,Myrmecia,Myrmecia pyriformis,,1,2.2306e-05,,,6.07e-07,immunostaining and microscopy
Arthropoda,Insecta,Hymenoptera,Formicidae,Myrmecia,Myrmecia pyriformis,,1,2.6676e-05,,,7.45e-07,immunostaining and microscopy
Arthropoda,Insecta,Hymenoptera,Formicidae,Myrmecia,Myrmecia pyriformis,,1,0.000119796,,,1.471e-06,immunostaining and microscopy
Arthropoda,Insecta,Hymenoptera,Formicidae,Myrmecia,Myrmecia pyriformis,,1,0.000102054,,,1.373e-06,immunostaining and microscopy
Arthropoda,Insecta,Hymenoptera,Formicidae,Myrmecia,Myrmecia pyriformis,,1,0.000127825,,,1.509e-06,immunostaining and microscopy
Arthropoda,Insecta,Hymenoptera,Formicidae,Myrmecia,Myrmecia pyriformis,,1,0.000121093,,,1.525e-06,immunostaining and microscopy
Arthropoda,Insecta,Hymenoptera,Formicidae,Myrmecia,Myrmecia pyriformis,,1,2.7773e-05,,,7.82e-07,immunostaining and microscopy
Arthropoda,Insecta,Hymenoptera,Formicidae,Myrmecia,Myrmecia pyriformis,,1,3.2848e-05,,,8.4e-07,immunostaining and microscopy
Arthropoda,Insecta,Hymenoptera,Formicidae,Myrmecia,Myrmecia pyriformis,,1,5.2452e-05,,,1.082e-06,immunostaining and microscopy
Arthropoda,Insecta,Hymenoptera,Formicidae,Myrmecia,Myrmecia pyriformis,,1,6.0025e-05,,,1.094e-06,immunostaining and microscopy
Arthropoda,Insecta,Hymenoptera,Formicidae,Myrmecia,Myrmecia pyriformis,,1,7.2051e-05,,,1.225e-06,immunostaining and microscopy
Arthropoda,Insecta,Hymenoptera,Vespidae,Angiopolybia,Angiopolybia pallens,,2,,,,1.54364e-07,histological reconstruction
Arthropoda,Insecta,Hymenoptera,Vespidae,Angiopolybia,Angiopolybia pallens,,3,,,,1.37788e-07,histological reconstruction
Arthropoda,Insecta,Hymenoptera,Vespidae,Miscocyttarus,Miscocyttarus mastigophorus,,3,,,,2.59e-07,histological reconstruction
Arthropoda,Insecta,Hymenoptera,Vespidae,Miscocyttarus,Miscocyttarus mastigophorus,,3,,,,2.61072e-07,histological reconstruction
Arthropoda,Insecta,Hymenoptera,Vespidae,Polistes,Polistes instabilis,,2,,,,4.75524e-07,histological reconstruction
Arthropoda,Insecta,Hymenoptera,Vespidae,Polistes,Polistes instabilis,,6,,,,5.439e-07,histological reconstruction
Arthropoda,Insecta,Orthoptera,Acrididae,Schistocerca,Schistocerca gregaria,,10,,,,7.214637696e-07,immunostaining and microscopy
Arthropoda,Insecta,Diptera,Drosophilidae,Drosophila,Drosophila melanogaster,female,1,,,,4.33055252e-09,immunostaining and microscopy
Arthropoda,Insecta,Hymenoptera,Vespidae,Agelaia,Agelaia xanthopus,,1,,,,2.903908e-07,histological reconstruction
Arthropoda,Insecta,Hymenoptera,Vespidae,Agelaia,Agelaia xanthopus,,1,,,,2.573424e-07,histological reconstruction
Arthropoda,Insecta,Hymenoptera,Vespidae,Agelaia,Agelaia xanthopus,,1,,,,2.567208e-07,histological reconstruction
Arthropoda,Insecta,Hymenoptera,Vespidae,Agelaia,Agelaia xanthopus,,1,,,,3.23232e-07,histological reconstruction
Arthropoda,Insecta,Hymenoptera,Vespidae,Agelaia,Agelaia xanthopus,,1,,,,3.298624e-07,histological reconstruction
Arthropoda,Insecta,Hymenoptera,Vespidae,Angiopolybia,Angiopolybia ischkai,,1,,,,1.379952e-07,histological reconstruction
Arthropoda,Insecta,Hymenoptera,Vespidae,Angiopolybia,Angiopolybia ischkai,,1,,,,1.6835e-07,histological reconstruction
Arthropoda,Insecta,Hymenoptera,Vespidae,Angiopolybia,Angiopolybia ischkai,,1,,,,1.609944e-07,histological reconstruction
Arthropoda,Insecta,Hymenoptera,Vespidae,Angiopolybia,Angiopolybia ischkai,,1,,,,1.731156e-07,histological reconstruction
Arthropoda,Insecta,Hymenoptera,Vespidae,Angiopolybia,Angiopolybia ischkai,,1,,,,1.41932e-07,histological reconstruction
Arthropoda,Insecta,Hymenoptera,Vespidae,Apoica,Apoica pallens,,1,,,,3.420872e-07,histological reconstruction
Arthropoda,Insecta,Hymenoptera,Vespidae,Apoica,Apoica pallens,,1,,,,2.805488e-07,histological reconstruction
Arthropoda,Insecta,Hymenoptera,Vespidae,Apoica,Apoica pallens,,1,,,,4.245528e-07,histological reconstruction
Arthropoda,Insecta,Hymenoptera,Vespidae,Apoica,Apoica pallens,,1,,,,3.183628e-07,histological reconstruction
Arthropoda,Insecta,Hymenoptera,Vespidae,Apoica,Apoica pallens,,1,,,,3.689196e-07,histological reconstruction
Arthropoda,Insecta,Hymenoptera,Vespidae,Apoica,Apoica pallens,,1,,,,3.691268e-07,histological reconstruction
Arthropoda,Insecta,Hymenoptera,Vespidae,Brachygastra,Brachygastra smithii,,1,,,,2.157988e-07,histological reconstruction
Arthropoda,Insecta,Hymenoptera,Vespidae,Brachygastra,Brachygastra smithii,,1,,,,2.75058e-07,histological reconstruction
Arthropoda,Insecta,Hymenoptera,Vespidae,Brachygastra,Brachygastra smithii,,1,,,,2.4087e-07,histological reconstruction
Arthropoda,Insecta,Hymenoptera,Vespidae,Brachygastra,Brachygastra smithii,,1,,,,2.3569e-07,histological reconstruction
Arthropoda,Insecta,Hymenoptera,Vespidae,Brachygastra,Brachygastra smithii,,1,,,,2.342396e-07,histological reconstruction
Arthropoda,Insecta,Hymenoptera,Vespidae,Brachygastra,Brachygastra smithii,,1,,,,2.523696e-07,histological reconstruction
Arthropoda,Insecta,Hymenoptera,Vespidae,Brachygastra,Brachygastra smithii,,1,,,,2.208752e-07,histological reconstruction
Arthropoda,Insecta,Hymenoptera,Vespidae,Brachygastra,Brachygastra smithii,,1,,,,2.005696e-07,histological reconstruction
Arthropoda,Insecta,Hymenoptera,Vespidae,Charterginus,Charterginus fulvus,,1,,,,1.721832e-07,histological reconstruction
Arthropoda,Insecta,Hymenoptera,Vespidae,Charterginus,Charterginus fulvus,,1,,,,1.878268e-07,histological reconstruction
Arthropoda,Insecta,Hymenoptera,Vespidae,Charterginus,Charterginus fulvus,,1,,,,1.723904e-07,histological reconstruction
Arthropoda,Insecta,Hymenoptera,Vespidae,Charterginus,Charterginus fulvus,,1,,,,1.447292e-07,histological reconstruction
Arthropoda,Insecta,Hymenoptera,Vespidae,Charterginus,Charterginus fulvus,,1,,,,1.461796e-07,histological reconstruction
Arthropoda,Insecta,Hymenoptera,Vespidae,Charterginus,Charterginus fulvus,,1,,,,1.474228e-07,histological reconstruction
Arthropoda,Insecta,Hymenoptera,Vespidae,Charterginus,Charterginus fulvus,,1,,,,1.961148e-07,histological reconstruction
Arthropoda,Insecta,Hymenoptera,Vespidae,Charterginus,Charterginus fulvus,,1,,,,1.725976e-07,histological reconstruction
Arthropoda,Insecta,Hymenoptera,Vespidae,Leipomeles,Leipomeles dorsata,,1,,,,7.60424e-08,histological reconstruction
Arthropoda,Insecta,Hymenoptera,Vespidae,Leipomeles,Leipomeles dorsata,,1,,,,9.10644e-08,histological reconstruction
Arthropoda,Insecta,Hymenoptera,Vespidae,Leipomeles,Leipomeles dorsata,,1,,,,9.04428e-08,histological reconstruction
Arthropoda,Insecta,Hymenoptera,Vespidae,Leipomeles,Leipomeles dorsata,,1,,,,9.18932e-08,histological reconstruction
Arthropoda,Insecta,Hymenoptera,Vespidae,Leipomeles,Leipomeles dorsata,,1,,,,8.97176e-08,histological reconstruction
Arthropoda,Insecta,Hymenoptera,Vespidae,Leipomeles,Leipomeles dorsata,,1,,,,8.27764e-08,histological reconstruction
Arthropoda,Insecta,Hymenoptera,Vespidae,Nectarinella,Nectarinella championi,,1,,,,1.242164e-07,histological reconstruction
Arthropoda,Insecta,Hymenoptera,Vespidae,Nectarinella,Nectarinella championi,,1,,,,1.487696e-07,histological reconstruction
Arthropoda,Insecta,Hymenoptera,Vespidae,Nectarinella,Nectarinella championi,,1,,,,1.009064e-07,histological reconstruction
Arthropoda,Insecta,Hymenoptera,Vespidae,Nectarinella,Nectarinella championi,,1,,,,1.202796e-07,histological reconstruction
Arthropoda,Insecta,Hymenoptera,Vespidae,Nectarinella,Nectarinella championi,,1,,,,1.22766e-07,histological reconstruction
Arthropoda,Insecta,Hymenoptera,Vespidae,Nectarinella,Nectarinella championi,,1,,,,1.115772e-07,histological reconstruction
Arthropoda,Insecta,Hymenoptera,Vespidae,Nectarinella,Nectarinella championi,,1,,,,1.202796e-07,histological reconstruction
Arthropoda,Insecta,Hymenoptera,Vespidae,Nectarinella,Nectarinella championi,,1,,,,1.125096e-07,histological reconstruction
Arthropoda,Insecta,Hymenoptera,Vespidae,Nectarinella,Nectarinella championi,,1,,,,1.001812e-07,histological reconstruction
Arthropoda,Insecta,Hymenoptera,Vespidae,Nectarinella,Nectarinella championi,,1,,,,1.110592e-07,histological reconstruction
Arthropoda,Insecta,Hymenoptera,Vespidae,Parachartergus,Parachartergus smithii,,1,,,,1.904168e-07,histological reconstruction
Arthropoda,Insecta,Hymenoptera,Vespidae,Parachartergus,Parachartergus smithii,,1,,,,2.126908e-07,histological reconstruction
Arthropoda,Insecta,Hymenoptera,Vespidae,Parachartergus,Parachartergus smithii,,1,,,,1.686608e-07,histological reconstruction
Arthropoda,Insecta,Hymenoptera,Vespidae,Parachartergus,Parachartergus smithii,,1,,,,1.905204e-07,histological reconstruction
Arthropoda,Insecta,Hymenoptera,Vespidae,Parachartergus,Parachartergus smithii,,1,,,,1.909348e-07,histological reconstruction
Arthropoda,Insecta,Hymenoptera,Vespidae,Parachartergus,Parachartergus smithii,,1,,,,1.993264e-07,histological reconstruction
Arthropoda,Insecta,Hymenoptera,Vespidae,Parachartergus,Parachartergus smithii,,1,,,,1.948716e-07,histological reconstruction
Arthropoda,Insecta,Hymenoptera,Vespidae,Parachartergus,Parachartergus smithii,,1,,,,1.81818e-07,histological reconstruction
Arthropoda,Insecta,Hymenoptera,Vespidae,Parachartergus,Parachartergus smithii,,1,,,,1.930068e-07,histological reconstruction
Arthropoda,Insecta,Hymenoptera,Vespidae,Polybia,Polybia aequatorialis,,1,,,,1.917636e-07,histological reconstruction
Arthropoda,Insecta,Hymenoptera,Vespidae,Polybia,Polybia aequatorialis,,1,,,,1.773632e-07,histological reconstruction
Arthropoda,Insecta,Hymenoptera,Vespidae,Polybia,Polybia aequatorialis,,1,,,,1.822324e-07,histological reconstruction
Arthropoda,Insecta,Hymenoptera,Vespidae,Polybia,Polybia aequatorialis,,1,,,,1.800568e-07,histological reconstruction
Arthropoda,Insecta,Hymenoptera,Vespidae,Polybia,Polybia aequatorialis,,1,,,,1.902096e-07,histological reconstruction
Arthropoda,Insecta,Hymenoptera,Vespidae,Polybia,Polybia aequatorialis,,1,,,,2.125872e-07,histological reconstruction
Arthropoda,Insecta,Hymenoptera,Vespidae,Polybia,Polybia aequatorialis,,1,,,,2.156952e-07,histological reconstruction
Arthropoda,Insecta,Hymenoptera,Vespidae,Polybia,Polybia aequatorialis,,1,,,,2.31028e-07,histological reconstruction
Arthropoda,Insecta,Hymenoptera,Vespidae,Polybia,Polybia aequatorialis,,1,,,,2.055424e-07,histological reconstruction
Arthropoda,Insecta,Hymenoptera,Vespidae,Polybia,Polybia aequatorialis,,1,,,,2.0979e-07,histological reconstruction
Arthropoda,Insecta,Hymenoptera,Vespidae,Polybia,Polybia aequatorialis,,1,,,,2.057496e-07,histological reconstruction
Arthropoda,Insecta,Hymenoptera,Vespidae,Polybia,Polybia dimidiata,,1,,,,2.665628e-07,histological reconstruction
Arthropoda,Insecta,Hymenoptera,Vespidae,Polybia,Polybia dimidiata,,1,,,,3.135972e-07,histological reconstruction
Arthropoda,Insecta,Hymenoptera,Vespidae,Polybia,Polybia dimidiata,,1,,,,3.064488e-07,histological reconstruction
Arthropoda,Insecta,Hymenoptera,Vespidae,Polybia,Polybia dimidiata,,1,,,,4.435116e-07,histological reconstruction
Arthropoda,Insecta,Hymenoptera,Vespidae,Polybia,Polybia dimidiata,,1,,,,4.078732e-07,histological reconstruction
Arthropoda,Insecta,Hymenoptera,Vespidae,Polybia,Polybia dimidiata,,1,,,,4.0663e-07,histological reconstruction
Arthropoda,Insecta,Hymenoptera,Vespidae,Polybia,Polybia emaciata,,1,,,,1.639988e-07,histological reconstruction
Arthropoda,Insecta,Hymenoptera,Vespidae,Polybia,Polybia emaciata,,1,,,,1.685572e-07,histological reconstruction
Arthropoda,Insecta,Hymenoptera,Vespidae,Polybia,Polybia emaciata,,1,,,,1.527064e-07,histological reconstruction
Arthropoda,Insecta,Hymenoptera,Vespidae,Polybia,Polybia emaciata,,1,,,,1.617196e-07,histological reconstruction
Arthropoda,Insecta,Hymenoptera,Vespidae,Polybia,Polybia emaciata,,1,,,,1.832684e-07,histological reconstruction
Arthropoda,Insecta,Hymenoptera,Vespidae,Polybia,Polybia emaciata,,1,,,,1.815072e-07,histological reconstruction
Arthropoda,Insecta,Hymenoptera,Vespidae,Polybia,Polybia emaciata,,1,,,,1.684536e-07,histological reconstruction
Arthropoda,Insecta,Hymenoptera,Vespidae,Polybia,Polybia emaciata,,1,,,,1.803676e-07,histological reconstruction
Arthropoda,Insecta,Hymenoptera,Vespidae,Polybia,Polybia flavitincta,,1,,,,4.222736e-07,histological reconstruction
Arthropoda,Insecta,Hymenoptera,Vespidae,Polybia,Polybia flavitincta,,1,,,,3.793832e-07,histological reconstruction
Arthropoda,Insecta,Hymenoptera,Vespidae,Polybia,Polybia flavitincta,,1,,,,4.39264e-07,histological reconstruction
Arthropoda,Insecta,Hymenoptera,Vespidae,Polybia,Polybia flavitincta,,1,,,,3.824912e-07,histological reconstruction
Arthropoda,Insecta,Hymenoptera,Vespidae,Polybia,Polybia flavitincta,,1,,,,4.192692e-07,histological reconstruction
Arthropoda,Insecta,Hymenoptera,Vespidae,Polybia,Polybia flavitincta,,1,,,,3.730636e-07,histological reconstruction
Arthropoda,Insecta,Hymenoptera,Vespidae,Polybia,Polybia flavitincta,,1,,,,3.562804e-07,histological reconstruction
Arthropoda,Insecta,Hymenoptera,Vespidae,Polybia,Polybia flavitincta,,1,,,,4.104632e-07,histological reconstruction
Arthropoda,Insecta,Hymenoptera,Vespidae,Polybia,Polybia jurinei,,1,,,,4.492096e-07,histological reconstruction
Arthropoda,Insecta,Hymenoptera,Vespidae,Polybia,Polybia jurinei,,1,,,,3.923332e-07,histological reconstruction
Arthropoda,Insecta,Hymenoptera,Vespidae,Polybia,Polybia jurinei,,1,,,,3.857028e-07,histological reconstruction
Arthropoda,Insecta,Hymenoptera,Vespidae,Polybia,Polybia jurinei,,1,,,,4.432008e-07,histological reconstruction
Arthropoda,Insecta,Hymenoptera,Vespidae,Polybia,Polybia jurinei,,1,,,,3.929548e-07,histological reconstruction
Arthropoda,Insecta,Hymenoptera,Vespidae,Polybia,Polybia jurinei,,1,,,,3.483032e-07,histological reconstruction
Arthropoda,Insecta,Hymenoptera,Vespidae,Polybia,Polybia jurinei,,1,,,,5.072256e-07,histological reconstruction
Arthropoda,Insecta,Hymenoptera,Vespidae,Polybia,Polybia jurinei,,1,,,,4.145036e-07,histological reconstruction
Arthropoda,Insecta,Hymenoptera,Vespidae,Polybia,Polybia jurinei,,1,,,,4.148144e-07,histological reconstruction
Arthropoda,Insecta,Hymenoptera,Vespidae,Polybia,Polybia plebeja,,1,,,,1.518776e-07,histological reconstruction
Arthropoda,Insecta,Hymenoptera,Vespidae,Polybia,Polybia plebeja,,1,,,,1.409996e-07,histological reconstruction
Arthropoda,Insecta,Hymenoptera,Vespidae,Polybia,Polybia plebeja,,1,,,,1.53328e-07,histological reconstruction
Arthropoda,Insecta,Hymenoptera,Vespidae,Polybia,Polybia plebeja,,1,,,,1.441076e-07,histological reconstruction
Arthropoda,Insecta,Hymenoptera,Vespidae,Polybia,Polybia plebeja,,1,,,,1.413104e-07,histological reconstruction
Arthropoda,Insecta,Hymenoptera,Vespidae,Polybia,Polybia plebeja,,1,,,,1.394456e-07,histological reconstruction
Arthropoda,Insecta,Hymenoptera,Vespidae,Polybia,Polybia plebeja,,1,,,,1.503236e-07,histological reconstruction
Arthropoda,Insecta,Hymenoptera,Vespidae,Polybia,Polybia plebeja,,1,,,,1.504272e-07,histological reconstruction
Arthropoda,Insecta,Hymenoptera,Vespidae,Polybia,Polybia plebeja,,1,,,,1.648276e-07,histological reconstruction
Arthropoda,Insecta,Hymenoptera,Vespidae,Polybia,Polybia raui,,1,,,,2.001552e-07,histological reconstruction
Arthropoda,Insecta,Hymenoptera,Vespidae,Polybia,Polybia raui,,1,,,,1.568504e-07,histological reconstruction
Arthropoda,Insecta,Hymenoptera,Vespidae,Polybia,Polybia raui,,1,,,,2.11344e-07,histological reconstruction
Arthropoda,Insecta,Hymenoptera,Vespidae,Polybia,Polybia raui,,1,,,,2.397304e-07,histological reconstruction
Arthropoda,Insecta,Hymenoptera,Vespidae,Polybia,Polybia raui,,1,,,,2.171456e-07,histological reconstruction
Arthropoda,Insecta,Hymenoptera,Vespidae,Polybia,Polybia raui,,1,,,,2.259516e-07,histological reconstruction
Arthropoda,Insecta,Hymenoptera,Vespidae,Polybia,Polybia raui,,1,,,,2.314424e-07,histological reconstruction
Arthropoda,Insecta,Hymenoptera,Vespidae,Polybia,Polybia raui,,1,,,,2.68324e-07,histological reconstruction
Arthropoda,Insecta,Hymenoptera,Vespidae,Polybia,Polybia raui,,1,,,,2.638692e-07,histological reconstruction
Arthropoda,Insecta,Hymenoptera,Vespidae,Polybia,Polybia raui,,1,,,,2.730896e-07,histological reconstruction
Arthropoda,Insecta,Hymenoptera,Vespidae,Polybia,Polybia raui,,1,,,,2.623152e-07,histological reconstruction
Arthropoda,Insecta,Hymenoptera,Vespidae,Polybia,Polybia raui,,1,,,,2.490544e-07,histological reconstruction
Arthropoda,Insecta,Hymenoptera,Vespidae,Polybia,Polybia raui,,1,,,,2.487436e-07,histological reconstruction
Arthropoda,Insecta,Hymenoptera,Vespidae,Polybia,Polybia rejecta,,1,,,,2.862468e-07,histological reconstruction
Arthropoda,Insecta,Hymenoptera,Vespidae,Polybia,Polybia rejecta,,1,,,,2.81274e-07,histological reconstruction
Arthropoda,Insecta,Hymenoptera,Vespidae,Polybia,Polybia rejecta,,1,,,,2.521624e-07,histological reconstruction
Arthropoda,Insecta,Hymenoptera,Vespidae,Polybia,Polybia rejecta,,1,,,,2.811704e-07,histological reconstruction
Arthropoda,Insecta,Hymenoptera,Vespidae,Polybia,Polybia rejecta,,1,,,,2.929808e-07,histological reconstruction
Arthropoda,Insecta,Hymenoptera,Vespidae,Polybia,Polybia richardsi,,1,,,,1.426572e-07,histological reconstruction
Arthropoda,Insecta,Hymenoptera,Vespidae,Polybia,Polybia richardsi,,1,,,,1.44522e-07,histological reconstruction
Arthropoda,Insecta,Hymenoptera,Vespidae,Polybia,Polybia richardsi,,1,,,,1.402744e-07,histological reconstruction
Arthropoda,Insecta,Hymenoptera,Vespidae,Polybia,Polybia richardsi,,1,,,,2.21704e-07,histological reconstruction
Arthropoda,Insecta,Hymenoptera,Vespidae,Polybia,Polybia richardsi,,1,,,,2.348612e-07,histological reconstruction
Arthropoda,Insecta,Hymenoptera,Vespidae,Polybia,Polybia richardsi,,1,,,,2.309244e-07,histological reconstruction
Arthropoda,Insecta,Hymenoptera,Vespidae,Polybia,Polybia richardsi,,1,,,,1.767416e-07,histological reconstruction
Arthropoda,Insecta,Hymenoptera,Vespidae,Polybia,Polybia richardsi,,1,,,,1.77674e-07,histological reconstruction
Arthropoda,Insecta,Hymenoptera,Vespidae,Polybia,Polybia richardsi,,1,,,,1.656564e-07,histological reconstruction
Arthropoda,Insecta,Hymenoptera,Vespidae,Polybia,Polybia richardsi,,1,,,,1.62652e-07,histological reconstruction
Arthropoda,Insecta,Hymenoptera,Vespidae,Polybia,Polybia richardsi,,1,,,,2.038848e-07,histological reconstruction
Arthropoda,Insecta,Hymenoptera,Vespidae,Polybia,Polybia richardsi,,1,,,,1.848224e-07,histological reconstruction
Arthropoda,Insecta,Hymenoptera,Vespidae,Polybia,Polybia richardsi,,1,,,,1.518776e-07,histological reconstruction
Arthropoda,Insecta,Hymenoptera,Vespidae,Protopolybia,Protopolybia exigua,,1,,,,1.112664e-07,histological reconstruction
Arthropoda,Insecta,Hymenoptera,Vespidae,Protopolybia,Protopolybia exigua,,1,,,,1.059828e-07,histological reconstruction
Arthropoda,Insecta,Hymenoptera,Vespidae,Protopolybia,Protopolybia exigua,,1,,,,1.006992e-07,histological reconstruction
Arthropoda,Insecta,Hymenoptera,Vespidae,Protopolybia,Protopolybia exigua,,1,,,,1.150996e-07,histological reconstruction
Arthropoda,Insecta,Hymenoptera,Vespidae,Protopolybia,Protopolybia exigua,,1,,,,1.167572e-07,histological reconstruction
Arthropoda,Insecta,Hymenoptera,Vespidae,Protopolybia,Protopolybia exigua,,1,,,,1.031856e-07,histological reconstruction
Arthropoda,Insecta,Hymenoptera,Vespidae,Synoeca,Synoeca septentrionalis,,1,,,,4.11292e-07,histological reconstruction
Arthropoda,Insecta,Hymenoptera,Vespidae,Synoeca,Synoeca septentrionalis,,1,,,,7.33488e-07,histological reconstruction
Arthropoda,Insecta,Hymenoptera,Vespidae,Synoeca,Synoeca septentrionalis,,1,,,,5.24216e-07,histological reconstruction
Arthropoda,Insecta,Hymenoptera,Vespidae,Synoeca,Synoeca septentrionalis,,1,,,,4.59984e-07,histological reconstruction
Arthropoda,Insecta,Hymenoptera,Vespidae,Synoeca,Synoeca septentrionalis,,1,,,,6.55788e-07,histological reconstruction
Arthropoda,Insecta,Hymenoptera,Vespidae,Synoeca,Synoeca septentrionalis,,1,,,,6.44392e-07,histological reconstruction
Arthropoda,Insecta,Hymenoptera,Vespidae,Synoeca,Synoeca septentrionalis,,1,,,,6.66148e-07,histological reconstruction
Arthropoda,Insecta,Hymenoptera,Apidae,Bombus,Bombus impatiens,,1,,,,3.2025880173e-06,immunostaining and microscopy
Arthropoda,Insecta,Hymenoptera,Apidae,Bombus,Bombus impatiens,,1,,,,2.60469655096e-06,immunostaining and microscopy
Arthropoda,Insecta,Hymenoptera,Apidae,Bombus,Bombus impatiens,,1,,,,7.294510263628e-07,immunostaining and microscopy
Arthropoda,Insecta,Hymenoptera,Apidae,Bombus,Bombus impatiens,,1,,,,5.892869985912e-07,immunostaining and microscopy
Arthropoda,Insecta,Hymenoptera,Apidae,Bombus,Bombus impatiens,,1,,,,8.814644125e-07,immunostaining and microscopy
Arthropoda,Insecta,Hymenoptera,Apidae,Bombus,Bombus impatiens,,1,,,,2.67398371814e-06,immunostaining and microscopy
Arthropoda,Insecta,Hymenoptera,Apidae,Bombus,Bombus impatiens,,1,,,,2.421206103008e-06,immunostaining and microscopy
Arthropoda,Insecta,Hymenoptera,Apidae,Bombus,Bombus impatiens,,1,,,,1.452862920096e-06,immunostaining and microscopy
Arthropoda,Insecta,Hymenoptera,Apidae,Bombus,Bombus impatiens,,1,,,,2.1245693854e-06,immunostaining and microscopy
Arthropoda,Insecta,Hymenoptera,Apidae,Bombus,Bombus impatiens,,1,,,,1.685907020644e-06,immunostaining and microscopy
Arthropoda,Insecta,Hymenoptera,Apidae,Bombus,Bombus impatiens,,1,,,,7.460171200272e-07,immunostaining and microscopy
Arthropoda,Insecta,Hymenoptera,Apidae,Bombus,Bombus impatiens,,1,,,,9.83820903772e-07,immunostaining and microscopy
Arthropoda,Insecta,Hymenoptera,Apidae,Bombus,Bombus impatiens,,1,,,,9.704115107064e-07,immunostaining and microscopy
Arthropoda,Insecta,Hymenoptera,Apidae,Bombus,Bombus impatiens,,1,,,,9.040315172056e-07,immunostaining and microscopy
Arthropoda,Insecta,Hymenoptera,Apidae,Bombus,Bombus impatiens,,1,,,,1.058431966172e-06,immunostaining and microscopy
Arthropoda,Insecta,Hymenoptera,Apidae,Bombus,Bombus impatiens,,1,,,,9.657296443704e-07,immunostaining and microscopy
Arthropoda,Insecta,Hymenoptera,Apidae,Bombus,Bombus impatiens,,1,,,,1.973531728616e-06,immunostaining and microscopy
Arthropoda,Insecta,Hymenoptera,Apidae,Bombus,Bombus impatiens,,1,,,,1.505759859688e-06,immunostaining and microscopy
Arthropoda,Insecta,Hymenoptera,Apidae,Bombus,Bombus impatiens,,1,,,,8.70247506856e-07,immunostaining and microscopy
Arthropoda,Insecta,Hymenoptera,Apidae,Bombus,Bombus impatiens,,1,,,,7.805148181376e-07,immunostaining and microscopy
Arthropoda,Insecta,Hymenoptera,Apidae,Bombus,Bombus impatiens,,1,,,,8.16214752808e-07,immunostaining and microscopy
Arthropoda,Insecta,Hymenoptera,Apidae,Bombus,Bombus impatiens,,1,,,,9.454018777e-07,immunostaining and microscopy
Arthropoda,Insecta,Hymenoptera,Apidae,Bombus,Bombus impatiens,,1,,,,1.137003700084e-06,immunostaining and microscopy
Arthropoda,Insecta,Hymenoptera,Apidae,Bombus,Bombus impatiens,,1,,,,7.662802069384e-07,immunostaining and microscopy
Arthropoda,Insecta,Hymenoptera,Apidae,Bombus,Bombus impatiens,,1,,,,1.816114274016e-06,immunostaining and microscopy
Arthropoda,Insecta,Hymenoptera,Apidae,Bombus,Bombus impatiens,,1,,,,1.652996687328e-06,immunostaining and microscopy
Arthropoda,Insecta,Hymenoptera,Apidae,Bombus,Bombus impatiens,,1,,,,1.09398457812e-06,immunostaining and microscopy
Arthropoda,Insecta,Hymenoptera,Apidae,Bombus,Bombus impatiens,,1,,,,6.5906887214e-07,immunostaining and microscopy
Arthropoda,Insecta,Hymenoptera,Apidae,Bombus,Bombus impatiens,,1,,,,1.138982293288e-06,immunostaining and microscopy
Arthropoda,Insecta,Hymenoptera,Apidae,Bombus,Bombus impatiens,,1,,,,2.347241622712e-07,immunostaining and microscopy
Arthropoda,Insecta,Hymenoptera,Apidae,Bombus,Bombus impatiens,,1,,,,1.0056932063752e-06,immunostaining and microscopy
Arthropoda,Insecta,Hymenoptera,Apidae,Bombus,Bombus impatiens,,1,,,,1.095936361716e-06,immunostaining and microscopy
Arthropoda,Insecta,Hymenoptera,Apidae,Bombus,Bombus impatiens,,1,,,,9.357078432604e-07,immunostaining and microscopy
Arthropoda,Insecta,Hymenoptera,Apidae,Bombus,Bombus impatiens,,1,,,,9.08817206178e-07,immunostaining and microscopy
Arthropoda,Insecta,Hymenoptera,Apidae,Bombus,Bombus impatiens,,1,,,,6.2560919827e-07,immunostaining and microscopy
Arthropoda,Insecta,Hymenoptera,Apidae,Bombus,Bombus impatiens,,1,,,,1.433026986552e-06,immunostaining and microscopy
Arthropoda,Insecta,Hymenoptera,Apidae,Bombus,Bombus impatiens,,1,,,,1.3078485238e-06,immunostaining and microscopy
Arthropoda,Insecta,Hymenoptera,Apidae,Bombus,Bombus impatiens,,1,,,,9.29988958122e-07,immunostaining and microscopy
Arthropoda,Insecta,Hymenoptera,Apidae,Bombus,Bombus impatiens,,1,,,,7.69258821002e-07,immunostaining and microscopy
Arthropoda,Insecta,Hymenoptera,Apidae,Bombus,Bombus impatiens,,1,,,,1.194683713888e-06,immunostaining and microscopy
Arthropoda,Insecta,Hymenoptera,Apidae,Bombus,Bombus impatiens,,1,,,,7.60498854108e-07,immunostaining and microscopy
Arthropoda,Insecta,Hymenoptera,Apidae,Bombus,Bombus impatiens,,1,,,,8.263586625812e-07,immunostaining and microscopy
Arthropoda,Insecta,Hymenoptera,Apidae,Bombus,Bombus impatiens,,1,,,,1.107933928584e-06,immunostaining and microscopy
Arthropoda,Insecta,Hymenoptera,Apidae,Bombus,Bombus impatiens,,1,,,,7.06791576036e-07,immunostaining and microscopy
Arthropoda,Insecta,Hymenoptera,Apidae,Bombus,Bombus impatiens,,1,,,,1.066476770352e-06,immunostaining and microscopy
Arthropoda,Insecta,Hymenoptera,Apidae,Bombus,Bombus impatiens,,1,,,,1.259130088188e-06,immunostaining and microscopy
Arthropoda,Insecta,Hymenoptera,Apidae,Apis,Apis mellifera,,1,,,,4.32207406176e-07,immunostaining and microscopy
Arthropoda,Insecta,Hymenoptera,Apidae,Apis,Apis mellifera,,1,,,,4.874953470548e-07,immunostaining and microscopy
Arthropoda,Insecta,Hymenoptera,Apidae,Apis,Apis mellifera,,1,,,,5.117607287464e-07,immunostaining and microscopy
Arthropoda,Insecta,Hymenoptera,Apidae,Apis,Apis mellifera,,1,,,,5.158205982944e-07,immunostaining and microscopy
Arthropoda,Insecta,Hymenoptera,Apidae,Apis,Apis mellifera,,1,,,,5.24591021122e-07,immunostaining and microscopy
Arthropoda,Insecta,Hymenoptera,Apidae,Apis,Apis mellifera,,1,,,,5.25396399752e-07,immunostaining and microscopy
Arthropoda,Insecta,Hymenoptera,Apidae,Apis,Apis mellifera,,1,,,,5.281508803956e-07,immunostaining and microscopy
Arthropoda,Insecta,Hymenoptera,Apidae,Apis,Apis mellifera,,1,,,,5.30698386162e-07,immunostaining and microscopy
Arthropoda,Insecta,Hymenoptera,Apidae,Apis,Apis mellifera,,1,,,,5.760680252264e-07,immunostaining and microscopy
Arthropoda,Insecta,Hymenoptera,Apidae,Apis,Apis mellifera,,1,,,,5.796350561064e-07,immunostaining and microscopy
Arthropoda,Insecta,Hymenoptera,Apidae,Apis,Apis mellifera,,1,,,,6.448406956404e-07,immunostaining and microscopy
Arthropoda,Insecta,Hymenoptera,Apidae,Apis,Apis mellifera,,1,,,,6.487067274128e-07,immunostaining and microscopy
Arthropoda,Insecta,Hymenoptera,Apidae,Apis,Apis mellifera,,1,,,,6.636051591344e-07,immunostaining and microscopy
Arthropoda,Insecta,Hymenoptera,Apidae,Apis,Apis mellifera,,1,,,,6.6993451266e-07,immunostaining and microscopy
Arthropoda,Insecta,Hymenoptera,Apidae,Apis,Apis mellifera,,1,,,,6.885625122656e-07,immunostaining and microscopy
Arthropoda,Insecta,Hymenoptera,Apidae,Apis,Apis mellifera,,1,,,,6.890639971824e-07,immunostaining and microscopy
Arthropoda,Insecta,Hymenoptera,Apidae,Apis,Apis mellifera,,1,,,,7.176824180848e-07,immunostaining and microscopy
Arthropoda,Insecta,Hymenoptera,Apidae,Apis,Apis mellifera,,1,,,,7.264557900936e-07,immunostaining and microscopy
Arthropoda,Insecta,Hymenoptera,Apidae,Apis,Apis mellifera,,1,,,,7.309615134304e-07,immunostaining and microscopy
Arthropoda,Insecta,Hymenoptera,Apidae,Apis,Apis mellifera,,1,,,,7.601873194804e-07,immunostaining and microscopy
Arthropoda,Insecta,Hymenoptera,Apidae,Apis,Apis mellifera,,1,,,,8.25046034834e-07,immunostaining and microscopy
Arthropoda,Insecta,Hymenoptera,Apidae,Apis,Apis mellifera,,1,,,,8.25703153058e-07,immunostaining and microscopy
Arthropoda,Insecta,Hymenoptera,Apidae,Apis,Apis mellifera,,1,,,,9.056125821876e-07,immunostaining and microscopy
Arthropoda,Insecta,Hymenoptera,Apidae,Apis,Apis mellifera,,1,,,,9.189865855968e-07,immunostaining and microscopy
Arthropoda,Insecta,Hymenoptera,Apidae,Apis,Apis mellifera,,1,,,,9.279224273732e-07,immunostaining and microscopy
Arthropoda,Insecta,Hymenoptera,Vespidae,Polistes,Polistes fuscatus,,1,,,,1.18659773596e-06,immunostaining and microscopy
Arthropoda,Insecta,Hymenoptera,Vespidae,Polistes,Polistes fuscatus,,1,,,,1.145026260308e-06,immunostaining and microscopy
Arthropoda,Insecta,Hymenoptera,Vespidae,Polistes,Polistes fuscatus,,1,,,,1.530854966424e-06,immunostaining and microscopy
Arthropoda,Insecta,Hymenoptera,Vespidae,Polistes,Polistes fuscatus,,1,,,,1.124283980092e-06,immunostaining and microscopy
Arthropoda,Insecta,Hymenoptera,Vespidae,Polistes,Polistes fuscatus,,1,,,,1.209200768524e-06,immunostaining and microscopy
Arthropoda,Insecta,Hymenoptera,Vespidae,Polistes,Polistes fuscatus,,1,,,,1.292195944788e-06,immunostaining and microscopy
Arthropoda,Insecta,Hymenoptera,Vespidae,Polistes,Polistes fuscatus,,1,,,,1.33501566058e-06,immunostaining and microscopy
Arthropoda,Insecta,Hymenoptera,Vespidae,Polistes,Polistes fuscatus,,1,,,,1.205336851124e-06,immunostaining and microscopy
Arthropoda,Insecta,Hymenoptera,Vespidae,Polistes,Polistes fuscatus,,1,,,,1.185059378524e-06,immunostaining and microscopy
Arthropoda,Insecta,Hymenoptera,Vespidae,Polistes,Polistes fuscatus,,1,,,,1.278758573092e-06,immunostaining and microscopy
Arthropoda,Insecta,Hymenoptera,Vespidae,Polistes,Polistes fuscatus,,1,,,,1.224949713148e-06,immunostaining and microscopy
Arthropoda,Insecta,Hymenoptera,Vespidae,Polistes,Polistes fuscatus,,1,,,,1.176673286936e-06,immunostaining and microscopy
Arthropoda,Insecta,Hymenoptera,Vespidae,Polistes,Polistes fuscatus,,1,,,,1.384098742292e-06,immunostaining and microscopy
Arthropoda,Insecta,Hymenoptera,Vespidae,Polistes,Polistes fuscatus,,1,,,,1.341210306548e-06,immunostaining and microscopy
Arthropoda,Insecta,Hymenoptera,Vespidae,Polistes,Polistes fuscatus,,1,,,,1.388891815976e-06,immunostaining and microscopy
Arthropoda,Insecta,Hymenoptera,Vespidae,Polistes,Polistes fuscatus,,1,,,,1.182696171356e-06,immunostaining and microscopy
Arthropoda,Insecta,Hymenoptera,Vespidae,Polistes,Polistes fuscatus,,1,,,,1.159866764504e-06,immunostaining and microscopy
Arthropoda,Insecta,Hymenoptera,Vespidae,Polistes,Polistes fuscatus,,1,,,,9.888175784956e-07,immunostaining and microscopy
Arthropoda,Insecta,Hymenoptera,Vespidae,Polistes,Polistes fuscatus,,1,,,,1.425082510684e-06,immunostaining and microscopy
Arthropoda,Insecta,Hymenoptera,Vespidae,Polistes,Polistes fuscatus,,1,,,,1.081097804164e-06,immunostaining and microscopy
Arthropoda,Insecta,Hymenoptera,Vespidae,Polistes,Polistes fuscatus,,1,,,,1.04609394484e-06,immunostaining and microscopy
Arthropoda,Insecta,Hymenoptera,Vespidae,Polistes,Polistes fuscatus,,1,,,,9.948873679192e-07,immunostaining and microscopy
Arthropoda,Insecta,Hymenoptera,Vespidae,Polistes,Polistes flavus,,1,,,,1.091413512056e-06,immunostaining and microscopy
Arthropoda,Insecta,Hymenoptera,Vespidae,Polistes,Polistes flavus,,1,,,,1.273270741232e-06,immunostaining and microscopy
Arthropoda,Insecta,Hymenoptera,Vespidae,Polistes,Polistes flavus,,1,,,,1.140594590044e-06,immunostaining and microscopy
Arthropoda,Insecta,Hymenoptera,Vespidae,Polistes,Polistes flavus,,1,,,,8.682371479236e-07,immunostaining and microscopy
Arthropoda,Insecta,Hymenoptera,Vespidae,Polistes,Polistes flavus,,1,,,,1.305715872216e-06,immunostaining and microscopy
Arthropoda,Insecta,Hymenoptera,Vespidae,Polistes,Polistes flavus,,1,,,,1.060096483544e-06,immunostaining and microscopy
Arthropoda,Insecta,Hymenoptera,Vespidae,Polistes,Polistes flavus,,1,,,,1.205346474528e-06,immunostaining and microscopy
Arthropoda,Insecta,Hymenoptera,Vespidae,Polistes,Polistes flavus,,1,,,,1.534486887164e-06,immunostaining and microscopy
Arthropoda,Insecta,Hymenoptera,Vespidae,Polistes,Polistes flavus,,1,,,,1.404584229188e-06,immunostaining and microscopy
Arthropoda,Insecta,Hymenoptera,Vespidae,Polistes,Polistes flavus,,1,,,,1.1095049511e-06,immunostaining and microscopy
Arthropoda,Insecta,Hymenoptera,Vespidae,Polistes,Polistes flavus,,1,,,,1.5015373226e-06,immunostaining and microscopy
Arthropoda,Insecta,Hymenoptera,Vespidae,Polistes,Polistes flavus,,1,,,,1.263383586136e-06,immunostaining and microscopy
Arthropoda,Insecta,Hymenoptera,Vespidae,Polistes,Polistes flavus,,1,,,,1.459370833816e-06,immunostaining and microscopy
Arthropoda,Insecta,Hymenoptera,Vespidae,Polistes,Polistes flavus,,1,,,,1.256239358108e-06,immunostaining and microscopy
Arthropoda,Insecta,Hymenoptera,Vespidae,Polistes,Polistes flavus,,1,,,,1.082972968308e-06,immunostaining and microscopy
Arthropoda,Insecta,Hymenoptera,Vespidae,Polistes,Polistes flavus,,1,,,,1.237805119096e-06,immunostaining and microscopy
Arthropoda,Insecta,Hymenoptera,Vespidae,Polistes,Polistes flavus,,1,,,,1.470046215008e-06,immunostaining and microscopy
Arthropoda,Insecta,Hymenoptera,Vespidae,Polistes,Polistes flavus,,1,,,,1.379058659272e-06,immunostaining and microscopy
Arthropoda,Insecta,Hymenoptera,Vespidae,Polistes,Polistes flavus,,1,,,,1.17581151002e-06,immunostaining and microscopy
Arthropoda,Insecta,Hymenoptera,Vespidae,Polistes,Polistes dominulus,,1,,,,8.192501156364e-07,immunostaining and microscopy
Arthropoda,Insecta,Hymenoptera,Vespidae,Polistes,Polistes dominulus,,1,,,,7.61814750228e-07,immunostaining and microscopy
Arthropoda,Insecta,Hymenoptera,Vespidae,Polistes,Polistes dominulus,,1,,,,1.15371155284e-06,immunostaining and microscopy
Arthropoda,Insecta,Hymenoptera,Vespidae,Polistes,Polistes dominulus,,1,,,,1.372684285952e-06,immunostaining and microscopy
Arthropoda,Insecta,Hymenoptera,Vespidae,Polistes,Polistes dominulus,,1,,,,1.0062265110996e-06,immunostaining and microscopy
Arthropoda,Insecta,Hymenoptera,Vespidae,Polistes,Polistes dominulus,,1,,,,7.556550066856e-07,immunostaining and microscopy
Arthropoda,Insecta,Hymenoptera,Vespidae,Polistes,Polistes dominulus,,1,,,,9.032837798544e-07,immunostaining and microscopy
Arthropoda,Insecta,Hymenoptera,Vespidae,Polistes,Polistes dominulus,,1,,,,1.2457030537e-06,immunostaining and microscopy
Arthropoda,Insecta,Hymenoptera,Vespidae,Polistes,Polistes dominulus,,1,,,,1.376638956952e-06,immunostaining and microscopy
Arthropoda,Insecta,Hymenoptera,Vespidae,Polistes,Polistes dominulus,,1,,,,1.121522013416e-06,immunostaining and microscopy
Arthropoda,Insecta,Hymenoptera,Vespidae,Polistes,Polistes dominulus,,1,,,,8.424096681308e-07,immunostaining and microscopy
Arthropoda,Insecta,Hymenoptera,Vespidae,Polistes,Polistes dominulus,,1,,,,5.611333358876e-07,immunostaining and microscopy
Arthropoda,Insecta,Hymenoptera,Vespidae,Polistes,Polistes dominulus,,1,,,,9.952713935388e-07,immunostaining and microscopy
Arthropoda,Insecta,Hymenoptera,Vespidae,Polistes,Polistes dominulus,,1,,,,1.09639850474e-06,immunostaining and microscopy
Arthropoda,Insecta,Hymenoptera,Vespidae,Polistes,Polistes dominulus,,1,,,,8.152808323744e-07,immunostaining and microscopy
Arthropoda,Insecta,Hymenoptera,Vespidae,Polistes,Polistes dominulus,,1,,,,1.180329566108e-06,immunostaining and microscopy
Arthropoda,Insecta,Hymenoptera,Vespidae,Polistes,Polistes dominulus,,1,,,,1.213029414268e-06,immunostaining and microscopy
Arthropoda,Insecta,Hymenoptera,Vespidae,Polistes,Polistes dominulus,,1,,,,1.335915239064e-06,immunostaining and microscopy
Arthropoda,Insecta,Hymenoptera,Vespidae,Polistes,Polistes dominulus,,1,,,,9.237116218456e-07,immunostaining and microscopy
Arthropoda,Insecta,Hymenoptera,Vespidae,Polistes,Polistes dominulus,,1,,,,5.064923389876e-07,immunostaining and microscopy
Arthropoda,Insecta,Hymenoptera,Vespidae,Polistes,Polistes dominulus,,1,,,,1.242139440584e-06,immunostaining and microscopy
Arthropoda,Insecta,Hymenoptera,Vespidae,Polistes,Polistes dominulus,,1,,,,1.331818425756e-06,immunostaining and microscopy
Arthropoda,Insecta,Hymenoptera,Formicidae,Oecophylla,Oecophylla smaragdina,,1,,,,9.0673378376e-08,immunostaining and microscopy
Arthropoda,Insecta,Hymenoptera,Formicidae,Oecophylla,Oecophylla smaragdina,,1,,,,8.0960585188e-08,immunostaining and microscopy
Arthropoda,Insecta,Hymenoptera,Formicidae,Oecophylla,Oecophylla smaragdina,,1,,,,7.9255421392e-08,immunostaining and microscopy
Arthropoda,Insecta,Hymenoptera,Formicidae,Oecophylla,Oecophylla smaragdina,,1,,,,5.3471599468e-08,immunostaining and microscopy
Arthropoda,Insecta,Hymenoptera,Formicidae,Oecophylla,Oecophylla smaragdina,,1,,,,7.298118576e-08,immunostaining and microscopy
Arthropoda,Insecta,Hymenoptera,Formicidae,Oecophylla,Oecophylla smaragdina,,1,,,,7.7033699708e-08,immunostaining and microscopy
Arthropoda,Insecta,Hymenoptera,Formicidae,Oecophylla,Oecophylla smaragdina,,1,,,,8.2718258644e-08,immunostaining and microscopy
Arthropoda,Insecta,Hymenoptera,Formicidae,Oecophylla,Oecophylla smaragdina,,1,,,,6.9060274892e-08,immunostaining and microscopy
Arthropoda,Insecta,Hymenoptera,Formicidae,Oecophylla,Oecophylla smaragdina,,1,,,,7.9058670488e-08,immunostaining and microscopy
Arthropoda,Insecta,Hymenoptera,Formicidae,Oecophylla,Oecophylla smaragdina,,1,,,,7.7978401172e-08,immunostaining and microscopy
Arthropoda,Insecta,Hymenoptera,Formicidae,Oecophylla,Oecophylla smaragdina,,1,,,,7.68563075e-08,immunostaining and microscopy
Arthropoda,Insecta,Hymenoptera,Formicidae,Oecophylla,Oecophylla smaragdina,,1,,,,7.9369255e-08,immunostaining and microscopy
Arthropoda,Insecta,Hymenoptera,Formicidae,Oecophylla,Oecophylla smaragdina,,1,,,,6.5567437152e-08,immunostaining and microscopy
Arthropoda,Insecta,Hymenoptera,Formicidae,Oecophylla,Oecophylla smaragdina,,1,,,,6.0148573884e-08,immunostaining and microscopy
Arthropoda,Insecta,Hymenoptera,Formicidae,Oecophylla,Oecophylla smaragdina,,1,,,,7.6235939304e-08,immunostaining and microscopy
Arthropoda,Insecta,Hymenoptera,Formicidae,Oecophylla,Oecophylla smaragdina,,1,,,,7.1921920308e-08,immunostaining and microscopy
Arthropoda,Insecta,Hymenoptera,Formicidae,Oecophylla,Oecophylla smaragdina,,1,,,,6.4398963832e-08,immunostaining and microscopy
Arthropoda,Insecta,Hymenoptera,Formicidae,Oecophylla,Oecophylla smaragdina,,1,,,,4.0219630332e-08,immunostaining and microscopy
Arthropoda,Insecta,Hymenoptera,Formicidae,Oecophylla,Oecophylla smaragdina,,1,,,,8.4434050764e-08,immunostaining and microscopy
Arthropoda,Insecta,Hymenoptera,Formicidae,Oecophylla,Oecophylla smaragdina,,1,,,,5.9095578304e-08,immunostaining and microscopy
Arthropoda,Insecta,Hymenoptera,Formicidae,Oecophylla,Oecophylla smaragdina,,1,,,,5.3391366448e-08,immunostaining and microscopy
Arthropoda,Insecta,Hymenoptera,Formicidae,Oecophylla,Oecophylla smaragdina,,1,,,,8.1256000588e-08,immunostaining and microscopy
Arthropoda,Insecta,Hymenoptera,Formicidae,Oecophylla,Oecophylla smaragdina,,1,,,,5.7232943544e-08,immunostaining and microscopy
Arthropoda,Insecta,Hymenoptera,Formicidae,Oecophylla,Oecophylla smaragdina,,1,,,,6.7099918396e-08,immunostaining and microscopy
Arthropoda,Insecta,Hymenoptera,Formicidae,Oecophylla,Oecophylla smaragdina,,1,,,,5.2714603592e-08,immunostaining and microscopy
Arthropoda,Insecta,Hymenoptera,Formicidae,Oecophylla,Oecophylla smaragdina,,1,,,,5.1886075024e-08,immunostaining and microscopy
Arthropoda,Insecta,Hymenoptera,Formicidae,Oecophylla,Oecophylla smaragdina,,1,,,,5.2155227824e-08,immunostaining and microscopy
Arthropoda,Insecta,Hymenoptera,Formicidae,Formica,Formica subsericea,,1,,,,6.7376906464e-08,immunostaining and microscopy
Arthropoda,Insecta,Hymenoptera,Formicidae,Formica,Formica subsericea,,1,,,,6.7444075524e-08,immunostaining and microscopy
Arthropoda,Insecta,Hymenoptera,Formicidae,Formica,Formica subsericea,,1,,,,6.8419269576e-08,immunostaining and microscopy
Arthropoda,Insecta,Hymenoptera,Formicidae,Formica,Formica subsericea,,1,,,,7.330985676e-08,immunostaining and microscopy
Arthropoda,Insecta,Hymenoptera,Formicidae,Formica,Formica subsericea,,1,,,,6.8118017352e-08,immunostaining and microscopy
Arthropoda,Insecta,Hymenoptera,Formicidae,Formica,Formica subsericea,,1,,,,4.73142236e-08,immunostaining and microscopy
Arthropoda,Insecta,Hymenoptera,Formicidae,Formica,Formica subsericea,,1,,,,3.9663413328e-08,immunostaining and microscopy
Arthropoda,Insecta,Hymenoptera,Formicidae,Formica,Formica subsericea,,1,,,,4.034451288e-08,immunostaining and microscopy
Arthropoda,Insecta,Hymenoptera,Formicidae,Formica,Formica subsericea,,1,,,,4.1322974476e-08,immunostaining and microscopy
Arthropoda,Insecta,Hymenoptera,Formicidae,Formica,Formica subsericea,,1,,,,5.0834987756e-08,immunostaining and microscopy
Arthropoda,Insecta,Hymenoptera,Formicidae,Formica,Formica subsericea,,1,,,,5.4044241216e-08,immunostaining and microscopy
Arthropoda,Insecta,Hymenoptera,Formicidae,Formica,Formica subsericea,,1,,,,3.6e-08,immunostaining and microscopy
Arthropoda,Insecta,Hymenoptera,Formicidae,Formica,Formica subsericea,,1,,,,4e-08,immunostaining and microscopy
Arthropoda,Insecta,Hymenoptera,Formicidae,Formica,Formica subsericea,,1,,,,4e-08,immunostaining and microscopy
Arthropoda,Insecta,Hymenoptera,Formicidae,Formica,Formica subsericea,,1,,,,5.1e-08,immunostaining and microscopy
Arthropoda,Insecta,Hymenoptera,Formicidae,Formica,Formica subsericea,,1,,,,4.95e-08,immunostaining and microscopy
Arthropoda,Insecta,Hymenoptera,Formicidae,Formica,Formica subsericea,,1,,,,4.45e-08,immunostaining and microscopy
Arthropoda,Insecta,Hymenoptera,Formicidae,Formica,Formica subsericea,,1,,,,4.7e-08,immunostaining and microscopy
Arthropoda,Insecta,Hymenoptera,Formicidae,Formica,Formica subsericea,,1,,,,3.3e-08,immunostaining and microscopy
Arthropoda,Insecta,Hymenoptera,Formicidae,Formica,Formica subsericea,,1,,,,4.95e-08,immunostaining and microscopy
Arthropoda,Insecta,Hymenoptera,Formicidae,Formica,Formica subsericea,,1,,,,4.85e-08,immunostaining and microscopy
Arthropoda,Insecta,Hymenoptera,Formicidae,Formica,Formica subsericea,,1,,,,6.55e-08,immunostaining and microscopy
Arthropoda,Insecta,Hymenoptera,Formicidae,Formica,Formica subsericea,,1,,,,6.8e-08,immunostaining and microscopy
Arthropoda,Insecta,Hymenoptera,Formicidae,Formica,Formica subsericea,,1,,,,4.35e-08,immunostaining and microscopy
Arthropoda,Insecta,Hymenoptera,Formicidae,Formica,Formica subsericea,,1,,,,3.65e-08,immunostaining and microscopy
Arthropoda,Insecta,Hymenoptera,Formicidae,Formica,Formica subsericea,,1,,,,4.55e-08,immunostaining and microscopy
Arthropoda,Insecta,Hymenoptera,Formicidae,Formica,Formica subsericea,,1,,,,5.1e-08,immunostaining and microscopy
Arthropoda,Insecta,Hymenoptera,Formicidae,Formica,Formica subsericea,,1,,,,4.7e-08,immunostaining and microscopy
Arthropoda,Insecta,Hymenoptera,Formicidae,Formica,Formica subsericea,,1,,,,4.1e-08,immunostaining and microscopy
Arthropoda,Insecta,Hymenoptera,Formicidae,Formica,Formica subsericea,,1,,,,4.9e-08,immunostaining and microscopy
Arthropoda,Insecta,Hymenoptera,Formicidae,Formica,Formica subsericea,,1,,,,4.7e-08,immunostaining and microscopy
Arthropoda,Insecta,Hymenoptera,Formicidae,Formica,Formica subsericea,,1,,,,4.85e-08,immunostaining and microscopy
Arthropoda,Insecta,Hymenoptera,Formicidae,Formica,Formica subsericea,,1,,,,4.85e-08,immunostaining and microscopy
Arthropoda,Insecta,Hymenoptera,Formicidae,Formica,Formica subsericea,,1,,,,4.45e-08,immunostaining and microscopy
Arthropoda,Insecta,Hymenoptera,Formicidae,Formica,Formica subsericea,,1,,,,3.35e-08,immunostaining and microscopy
Arthropoda,Insecta,Hymenoptera,Formicidae,Formica,Formica subsericea,,1,,,,3.85e-08,immunostaining and microscopy
Arthropoda,Insecta,Hymenoptera,Formicidae,Formica,Formica subsericea,,1,,,,4.2e-08,immunostaining and microscopy
Arthropoda,Insecta,Hymenoptera,Formicidae,Formica,Formica subsericea,,1,,,,3.95e-08,immunostaining and microscopy
Arthropoda,Insecta,Hymenoptera,Formicidae,Formica,Formica subsericea,,1,,,,3.95e-08,immunostaining and microscopy
Arthropoda,Insecta,Hymenoptera,Formicidae,Formica,Formica subsericea,,1,,,,3.45e-08,immunostaining and microscopy
Arthropoda,Insecta,Hymenoptera,Formicidae,Formica,Formica subsericea,,1,,,,6.6e-08,immunostaining and microscopy
Arthropoda,Insecta,Hymenoptera,Formicidae,Oecophylla,Oecophylla smaragdina,,1,,,,6.15e-08,immunostaining and microscopy
Arthropoda,Insecta,Hymenoptera,Formicidae,Oecophylla,Oecophylla smaragdina,,1,,,,6.35e-08,immunostaining and microscopy
Arthropoda,Insecta,Hymenoptera,Formicidae,Oecophylla,Oecophylla smaragdina,,1,,,,6.2e-08,immunostaining and microscopy
Arthropoda,Insecta,Hymenoptera,Formicidae,Oecophylla,Oecophylla smaragdina,,1,,,,6e-08,immunostaining and microscopy
Arthropoda,Insecta,Hymenoptera,Formicidae,Oecophylla,Oecophylla smaragdina,,1,,,,4.75e-08,immunostaining and microscopy
Arthropoda,Insecta,Hymenoptera,Formicidae,Oecophylla,Oecophylla smaragdina,,1,,,,5.35e-08,immunostaining and microscopy
Arthropoda,Insecta,Hymenoptera,Formicidae,Oecophylla,Oecophylla smaragdina,,1,,,,5.15e-08,immunostaining and microscopy
Arthropoda,Insecta,Hymenoptera,Formicidae,Oecophylla,Oecophylla smaragdina,,1,,,,5.4e-08,immunostaining and microscopy
Arthropoda,Insecta,Hymenoptera,Formicidae,Oecophylla,Oecophylla smaragdina,,1,,,,6.9e-08,immunostaining and microscopy
Arthropoda,Insecta,Hymenoptera,Formicidae,Oecophylla,Oecophylla smaragdina,,1,,,,6.35e-08,immunostaining and microscopy
Arthropoda,Insecta,Hymenoptera,Formicidae,Oecophylla,Oecophylla smaragdina,,1,,,,4.3e-08,immunostaining and microscopy
Arthropoda,Insecta,Hymenoptera,Formicidae,Oecophylla,Oecophylla smaragdina,,1,,,,4.75e-08,immunostaining and microscopy
Arthropoda,Insecta,Hymenoptera,Formicidae,Oecophylla,Oecophylla smaragdina,,1,,,,7.15e-08,immunostaining and microscopy
Arthropoda,Insecta,Hymenoptera,Formicidae,Oecophylla,Oecophylla smaragdina,,1,,,,4.2e-08,immunostaining and microscopy
Arthropoda,Insecta,Hymenoptera,Formicidae,Oecophylla,Oecophylla smaragdina,,1,,,,5.4e-08,immunostaining and microscopy
Arthropoda,Insecta,Hymenoptera,Formicidae,Oecophylla,Oecophylla smaragdina,,1,,,,6.57e-08,immunostaining and microscopy
Arthropoda,Insecta,Hymenoptera,Formicidae,Oecophylla,Oecophylla smaragdina,,1,,,,5.15e-08,immunostaining and microscopy
Arthropoda,Insecta,Hymenoptera,Formicidae,Oecophylla,Oecophylla smaragdina,,1,,,,6.12e-08,immunostaining and microscopy
Arthropoda,Insecta,Hymenoptera,Formicidae,Oecophylla,Oecophylla smaragdina,,1,,,,4.65e-08,immunostaining and microscopy
Arthropoda,Insecta,Hymenoptera,Formicidae,Oecophylla,Oecophylla smaragdina,,1,,,,5.4e-08,immunostaining and microscopy
Arthropoda,Insecta,Hymenoptera,Formicidae,Oecophylla,Oecophylla smaragdina,,1,,,,5.9e-08,immunostaining and microscopy
Arthropoda,Insecta,Hymenoptera,Formicidae,Oecophylla,Oecophylla smaragdina,,1,,,,5.1e-08,immunostaining and microscopy
Arthropoda,Insecta,Hymenoptera,Formicidae,Oecophylla,Oecophylla smaragdina,,1,,,,5.65e-08,immunostaining and microscopy
Arthropoda,Insecta,Hymenoptera,Formicidae,Oecophylla,Oecophylla smaragdina,,1,,,,5.4e-08,immunostaining and microscopy
Arthropoda,Insecta,Hymenoptera,Formicidae,Oecophylla,Oecophylla smaragdina,,1,,,,9.35e-08,immunostaining and microscopy
Arthropoda,Insecta,Hymenoptera,Formicidae,Oecophylla,Oecophylla smaragdina,,1,,,,5.25e-08,immunostaining and microscopy
Arthropoda,Insecta,Hymenoptera,Formicidae,Oecophylla,Oecophylla smaragdina,,1,,,,5.35e-08,immunostaining and microscopy
Arthropoda,Insecta,Hymenoptera,Formicidae,Oecophylla,Oecophylla smaragdina,,1,,,,5.6e-08,immunostaining and microscopy
Arthropoda,Insecta,Hymenoptera,Formicidae,Oecophylla,Oecophylla smaragdina,,1,,,,5.05e-08,immunostaining and microscopy
Arthropoda,Insecta,Hymenoptera,Formicidae,Oecophylla,Oecophylla smaragdina,,1,,,,8.2e-08,immunostaining and microscopy
Arthropoda,Insecta,Hymenoptera,Formicidae,Oecophylla,Oecophylla smaragdina,,1,,,,5.35e-08,immunostaining and microscopy
Arthropoda,Insecta,Hymenoptera,Formicidae,Oecophylla,Oecophylla smaragdina,,1,,,,5.15e-08,immunostaining and microscopy
Arthropoda,Insecta,Hymenoptera,Formicidae,Oecophylla,Oecophylla smaragdina,,1,,,,3.8e-08,immunostaining and microscopy
Arthropoda,Insecta,Hymenoptera,Formicidae,Oecophylla,Oecophylla smaragdina,,1,,,,5.47e-08,immunostaining and microscopy
Arthropoda,Insecta,Hymenoptera,Formicidae,Oecophylla,Oecophylla smaragdina,,1,,,,5.2e-08,immunostaining and microscopy
Arthropoda,Insecta,Hymenoptera,Formicidae,Oecophylla,Oecophylla smaragdina,,1,,,,5.75e-08,immunostaining and microscopy
Arthropoda,Insecta,Hymenoptera,Formicidae,Oecophylla,Oecophylla smaragdina,,1,,,,3.3e-08,immunostaining and microscopy
Arthropoda,Insecta,Hymenoptera,Formicidae,Oecophylla,Oecophylla smaragdina,,1,,,,5.35e-08,immunostaining and microscopy
Arthropoda,Insecta,Hymenoptera,Formicidae,Oecophylla,Oecophylla smaragdina,,1,,,,4.85e-08,immunostaining and microscopy
Arthropoda,Insecta,Hymenoptera,Formicidae,Oecophylla,Oecophylla smaragdina,,1,,,,5.8e-08,immunostaining and microscopy
Arthropoda,Insecta,Lepidoptera,Nymphalidae,Heliconius,Heliconius himera,female,8,,,,6.159265501956e-07,immunostaining and microscopy
Arthropoda,Insecta,Lepidoptera,Nymphalidae,Heliconius,Heliconius erato,female,8,,,,6.417175165828e-07,immunostaining and microscopy
Arthropoda,Insecta,Coleoptera,Ptiliidae,Acrotrichis,Acrotrichis grandicollis,,1,,,,1.947947288e-09,histological reconstruction
Arthropoda,Insecta,Coleoptera,Ptiliidae,Nanosella,Nanosella sp.,,1,,,,9.7709304e-11,histological reconstruction
Arthropoda,Insecta,Hymenoptera,Apidae,Bombus,Bombus impatiens,,46,0.0002795,,,1.20176e-06,histological reconstruction
Arthropoda,Insecta,Hymenoptera,Apidae,Apis,Apis mellifera,,25,8.4e-05,,,6.6304e-07,histological reconstruction
Arthropoda,Insecta,Hymenoptera,Formicidae,Acromyrmex,Acromyrmex echinatior,,20,1.1451e-05,,,1.27e-07,histological reconstruction
Arthropoda,Insecta,Hymenoptera,Formicidae,Apterostigma,Apterostigma sp.1,,3,6.235e-07,,,4.2e-08,histological reconstruction
Arthropoda,Insecta,Hymenoptera,Formicidae,Apterostigma,Apterostigma sp.2,,3,7.37e-07,,,5.1e-08,histological reconstruction
Arthropoda,Insecta,Hymenoptera,Formicidae,Apterostigma,Apterostigma sp.3,,3,2.381e-06,,,8.2e-08,histological reconstruction
Arthropoda,Insecta,Hymenoptera,Formicidae,Atta,Atta colombica,,17,2.4978e-05,,,1.15e-07,histological reconstruction
Arthropoda,Insecta,Hymenoptera,Formicidae,Cyphomyrmex,Cyphomyrmex cornutus,,3,3.9e-07,,,2.9e-08,histological reconstruction
Arthropoda,Insecta,Hymenoptera,Formicidae,Cyphomyrmex,Cyphomyrmex longiscapus,,3,3.88e-07,,,2.8e-08,histological reconstruction
Arthropoda,Insecta,Hymenoptera,Formicidae,Cyphomyrmex,Cyphomyrmex muelleri,,3,5.32e-07,,,3.3e-08,histological reconstruction
Arthropoda,Insecta,Hymenoptera,Formicidae,Cyphomyrmex,Cyphomyrmex sp.,,3,4.1e-07,,,3e-08,histological reconstruction
Arthropoda,Insecta,Hymenoptera,Formicidae,Mycetophylax,Mycetophylax sp.,,3,1.4865e-06,,,4.7e-08,histological reconstruction
Arthropoda,Insecta,Hymenoptera,Formicidae,Mycocepurus,Mycocepurus smithii,,3,3.2e-07,,,2.2e-08,histological reconstruction
Arthropoda,Insecta,Hymenoptera,Formicidae,Myrmicocrypta,Myrmicocrypta ednaella,,3,3.195e-07,,,2.3e-08,histological reconstruction
Arthropoda,Insecta,Hymenoptera,Formicidae,Sericomyrmex,Sericomyrmex sp.,,3,1.3205e-06,,,5.3e-08,histological reconstruction
Arthropoda,Insecta,Hymenoptera,Formicidae,Trachymyrmex,Trachymyrmex coniktzi,,3,9.01e-07,,,4.7e-08,histological reconstruction
Arthropoda,Insecta,Hymenoptera,Formicidae,Trachymyrmex,Trachymyrmex coniktzi,,3,1.2355e-06,,,6e-08,histological reconstruction
Arthropoda,Insecta,Hymenoptera,Formicidae,Trachymyrmex,Trachymyrmex sp.1,,3,1.1825e-06,,,5e-08,histological reconstruction
Arthropoda,Insecta,Hymenoptera,Formicidae,Trachymyrmex,Trachymyrmex sp.2,,3,2.261e-06,,,7e-08,histological reconstruction
Arthropoda,Insecta,Hymenoptera,Formicidae,Trachymyrmex,Trachymyrmex zeteki,,3,2.1265e-06,,,6.4e-08,histological reconstruction
Arthropoda,Insecta,Hymenoptera,Formicidae,Cephalotes,Cephalotes atratus,,5,3.17655e-05,,,4.17e-07,histological reconstruction
Arthropoda,Insecta,Hymenoptera,Formicidae,Cephalotes,Cephalotes sp.,,6,7.36e-06,,,1.4e-07,histological reconstruction
Arthropoda,Insecta,Hymenoptera,Formicidae,Cephalotes,Cephalotes umbraculatus,,1,7.98e-06,,,1.6e-07,histological reconstruction
Arthropoda,Insecta,Hymenoptera,Formicidae,Crematogaster,Crematogaster sp.,,1,7.95e-07,,,4.4e-08,histological reconstruction
Arthropoda,Insecta,Hymenoptera,Formicidae,Megalomyrmex,Megalomyrmex sp.1,,1,1.37e-07,,,1e-08,histological reconstruction
Arthropoda,Insecta,Hymenoptera,Formicidae,Megalomyrmex,Megalomyrmex sp.2,,2,1.189e-06,,,4.7e-08,histological reconstruction
Arthropoda,Insecta,Hymenoptera,Formicidae,Monomorium,Monomorium floricola,,1,6.5e-08,,,6e-09,histological reconstruction
Arthropoda,Insecta,Hymenoptera,Formicidae,Monomorium,Monomorium trageri,,3,1.01e-07,,,1e-08,histological reconstruction
Arthropoda,Insecta,Hymenoptera,Formicidae,Pheidole,Pheidole obscurithorax,,3,5.54e-07,,,3e-08,histological reconstruction
Arthropoda,Insecta,Hymenoptera,Formicidae,Pheidole,Pheidole sp.1,,1,9.3e-08,,,8e-09,histological reconstruction
Arthropoda,Insecta,Hymenoptera,Formicidae,Pheidole,Pheidole sp.2,,1,2.34e-07,,,1.6e-08,histological reconstruction
Arthropoda,Insecta,Hymenoptera,Formicidae,Pheidole,Pheidole sp.3,,1,6.9e-08,,,8e-09,histological reconstruction
Arthropoda,Insecta,Hymenoptera,Formicidae,Pheidole,Pheidole sp.4,,1,1.02e-07,,,1.1e-08,histological reconstruction
Arthropoda,Insecta,Hymenoptera,Formicidae,Pheidole,Pheidole sp.5,,1,2.54e-07,,,2e-08,histological reconstruction
Arthropoda,Insecta,Hymenoptera,Formicidae,Pheidole,Pheidole sp.6,,1,1.22e-07,,,1.3e-08,histological reconstruction
Arthropoda,Insecta,Hymenoptera,Formicidae,Pheidole,Pheidole sp.7,,3,1.027e-06,,,4.9e-08,histological reconstruction
Arthropoda,Insecta,Hymenoptera,Formicidae,Pheidole,Pheidole sp.8,,3,1.1645e-06,,,4.7e-08,histological reconstruction
Arthropoda,Insecta,Hymenoptera,Formicidae,Pheidole,Pheidole sp.9,,3,5.29e-07,,,2.8e-08,histological reconstruction
Arthropoda,Insecta,Hymenoptera,Formicidae,Pogonomyrmex,Pogonomyrmex badius,,20,2.1941e-05,,,1.39e-07,histological reconstruction
Arthropoda,Insecta,Hymenoptera,Formicidae,Solenopsis,Solenopsis sp.1,,2,9.85e-08,,,1e-08,histological reconstruction
Arthropoda,Insecta,Hymenoptera,Formicidae,Solenopsis,Solenopsis sp.2,,1,4.73e-07,,,3.1e-08,histological reconstruction
Arthropoda,Insecta,Hymenoptera,Formicidae,Wasmannia,Wasmannia aurpunctata,,1,1.09e-07,,,7e-09,histological reconstruction
Arthropoda,Insecta,Hymenoptera,Formicidae,Ectatomma,Ectatomma ruidum,,2,1.0531e-05,,,2.2e-07,histological reconstruction
Arthropoda,Insecta,Hymenoptera,Formicidae,Ectatomma,Ectatomma tuberculatum,,3,1.852e-05,,,3.87e-07,histological reconstruction
Arthropoda,Insecta,Hymenoptera,Formicidae,Gnamptogenys,Gnamptogenys sp.1,,1,5.76e-07,,,2.8e-08,histological reconstruction
Arthropoda,Insecta,Hymenoptera,Formicidae,Gnamptogenys,Gnamptogenys sp.2,,1,9.873e-06,,,2.44e-07,histological reconstruction
Arthropoda,Insecta,Hymenoptera,Formicidae,Azteca,Azteca sp.1,,1,7.17e-07,,,5.1e-08,histological reconstruction
Arthropoda,Insecta,Hymenoptera,Formicidae,Azteca,Azteca sp.2,,1,1.743e-06,,,7.2e-08,histological reconstruction
Arthropoda,Insecta,Hymenoptera,Formicidae,Dolichoderus,Dolichoderus sp.,,3,4.5825e-06,,,1.38e-07,histological reconstruction
Arthropoda,Insecta,Hymenoptera,Formicidae,Tapinoma,Tapinoma melanocephalum,,1,1.32e-07,,,1.1e-08,histological reconstruction
Arthropoda,Insecta,Hymenoptera,Formicidae,Brachymyrmex,Brachymyrmex sp.1,,3,4.4e-08,,,6e-09,histological reconstruction
Arthropoda,Insecta,Hymenoptera,Formicidae,Brachymyrmex,Brachymyrmex sp.2,,3,7.45e-08,,,6e-09,histological reconstruction
Arthropoda,Insecta,Hymenoptera,Formicidae,Camponotus,Camponotus sericeiventris,,1,3.739e-05,,,4.4e-07,histological reconstruction
Arthropoda,Insecta,Hymenoptera,Formicidae,Camponotus,Camponotus sp.1,,1,5.0525e-06,,,1.84e-07,histological reconstruction
Arthropoda,Insecta,Hymenoptera,Formicidae,Camponotus,Camponotus sp.2,,13,2.213e-05,,,2.95e-07,histological reconstruction
Arthropoda,Insecta,Hymenoptera,Formicidae,Camponotus,Camponotus sp.3,,9,2.5665e-05,,,3.04e-07,histological reconstruction
Arthropoda,Insecta,Hymenoptera,Formicidae,Paratrechina,Paratrechina longicornis,,1,3.42e-07,,,2.8e-08,histological reconstruction
Arthropoda,Insecta,Hymenoptera,Formicidae,Eciton,Eciton burchellii,,31,1.7449e-05,,,2.02e-07,histological reconstruction
Arthropoda,Insecta,Hymenoptera,Formicidae,Nomamyrmex,Nomamyrmex sp.,,4,1.18945e-05,,,2.04e-07,histological reconstruction
Arthropoda,Insecta,Hymenoptera,Formicidae,Odontomachus,Odontomachus bauri,,2,1.57825e-05,,,2.12e-07,histological reconstruction
Arthropoda,Insecta,Hymenoptera,Formicidae,Odontomachus,Odontomachus brunneus,,2,6.1925e-06,,,1.92e-07,histological reconstruction
Arthropoda,Insecta,Hymenoptera,Formicidae,Odontomachus,Odontomachus hastatus,,3,2.5325e-05,,,4.3e-07,histological reconstruction
Arthropoda,Insecta,Hymenoptera,Formicidae,Pachycondyla,Pachycondyla apicalis,,2,4.0717e-05,,,6.59e-07,histological reconstruction
Arthropoda,Insecta,Hymenoptera,Formicidae,Pachycondyla,Pachycondyla obscuricornis,,2,1.51775e-05,,,3.97e-07,histological reconstruction
Arthropoda,Insecta,Hymenoptera,Formicidae,Pachycondyla,Pachycondyla sp.1,,1,9.7e-06,,,1.9e-07,histological reconstruction
Arthropoda,Insecta,Hymenoptera,Formicidae,Pachycondyla,Pachycondyla sp.2,,2,4.4785e-06,,,1.55e-07,histological reconstruction
Arthropoda,Insecta,Hymenoptera,Formicidae,Pachycondyla,Pachycondyla sp.3,,1,2.723e-06,,,7.5e-08,histological reconstruction
Arthropoda,Insecta,Hymenoptera,Formicidae,Pachycondyla,Pachycondyla villosa,,3,4.6435e-05,,,5.03e-07,histological reconstruction
Arthropoda,Insecta,Hymenoptera,Formicidae,Paraponera,Paraponera clavata,,3,0.000168785,,,1.73e-06,histological reconstruction
Arthropoda,Insecta,Hymenoptera,Formicidae,Pseudomyrmex,Pseudomyrmex sp.1,,1,2.889e-06,,,1.35e-07,histological reconstruction
Arthropoda,Insecta,Hymenoptera,Formicidae,Pseudomyrmex,Pseudomyrmex sp.2,,3,4.985e-07,,,4.5e-08,histological reconstruction
Arthropoda,Insecta,Hymenoptera,Formicidae,Pseudomyrmex,Pseudomyrmex sp.3,,3,5.228e-06,,,2.77e-07,histological reconstruction
Arthropoda,Insecta,Lepidoptera,Pyralidae,Ephestia,Ephestia kuehniella,,29,,,,4.8692e-15,histological reconstruction
Arthropoda,Insecta,Lepidoptera,Noctuidae,Mamestra,Mamestra brassicae,,58,,,,7.6664e-15,histological reconstruction
Arthropoda,Insecta,Hymenoptera,Formicidae,Cephalotes,Cephalotes varians,,1,,,,2.492007352072e-08,immunostaining and microscopy
Arthropoda,Insecta,Hymenoptera,Formicidae,Cephalotes,Cephalotes varians,,1,,,,2.725671070752e-08,immunostaining and microscopy
Arthropoda,Insecta,Hymenoptera,Formicidae,Cephalotes,Cephalotes varians,,1,,,,2.770246910144e-08,immunostaining and microscopy
Arthropoda,Insecta,Hymenoptera,Formicidae,Cephalotes,Cephalotes varians,,1,,,,2.80479355884e-08,immunostaining and microscopy
Arthropoda,Insecta,Hymenoptera,Formicidae,Cephalotes,Cephalotes varians,,1,,,,2.737055622952e-08,immunostaining and microscopy
Arthropoda,Insecta,Hymenoptera,Formicidae,Cephalotes,Cephalotes varians,,1,,,,2.766534308832e-08,immunostaining and microscopy
Arthropoda,Insecta,Hymenoptera,Formicidae,Cephalotes,Cephalotes varians,,1,,,,2.154640615624e-08,immunostaining and microscopy
Arthropoda,Insecta,Hymenoptera,Formicidae,Cephalotes,Cephalotes varians,,1,,,,2.316322840888e-08,immunostaining and microscopy
Arthropoda,Insecta,Hymenoptera,Formicidae,Cephalotes,Cephalotes varians,,1,,,,2.246310887072e-08,immunostaining and microscopy
Arthropoda,Insecta,Hymenoptera,Formicidae,Cephalotes,Cephalotes varians,,1,,,,2.966913297264e-08,immunostaining and microscopy
Arthropoda,Insecta,Hymenoptera,Formicidae,Cephalotes,Cephalotes varians,,1,,,,2.508144388512e-08,immunostaining and microscopy
Arthropoda,Insecta,Hymenoptera,Formicidae,Cephalotes,Cephalotes varians,,1,,,,2.673291466048e-08,immunostaining and microscopy
Arthropoda,Insecta,Hymenoptera,Formicidae,Cephalotes,Cephalotes varians,,1,,,,2.391117830584e-08,immunostaining and microscopy
Arthropoda,Insecta,Hymenoptera,Formicidae,Cephalotes,Cephalotes varians,,1,,,,2.160826988096e-08,immunostaining and microscopy
Arthropoda,Insecta,Hymenoptera,Formicidae,Cephalotes,Cephalotes varians,,1,,,,1.778373591736e-08,immunostaining and microscopy
Arthropoda,Insecta,Hymenoptera,Formicidae,Cephalotes,Cephalotes varians,,1,,,,3.62663108976e-08,immunostaining and microscopy
Arthropoda,Insecta,Hymenoptera,Formicidae,Cephalotes,Cephalotes varians,,1,,,,3.40419636788e-08,immunostaining and microscopy
Arthropoda,Insecta,Hymenoptera,Formicidae,Cephalotes,Cephalotes varians,,1,,,,2.63399744888e-08,immunostaining and microscopy
Arthropoda,Insecta,Hymenoptera,Formicidae,Cephalotes,Cephalotes varians,,1,,,,2.3996940002e-08,immunostaining and microscopy
Arthropoda,Insecta,Hymenoptera,Formicidae,Cephalotes,Cephalotes varians,,1,,,,2.660279134072e-08,immunostaining and microscopy
Arthropoda,Insecta,Hymenoptera,Formicidae,Cephalotes,Cephalotes varians,,1,,,,2.801674347248e-08,immunostaining and microscopy
Arthropoda,Insecta,Hymenoptera,Formicidae,Cephalotes,Cephalotes varians,,1,,,,2.482545477048e-08,immunostaining and microscopy
Arthropoda,Insecta,Hymenoptera,Formicidae,Cephalotes,Cephalotes varians,,1,,,,2.915974919816e-08,immunostaining and microscopy
Arthropoda,Insecta,Hymenoptera,Formicidae,Cephalotes,Cephalotes varians,,1,,,,2.521778401296e-08,immunostaining and microscopy
Arthropoda,Insecta,Hymenoptera,Formicidae,Cephalotes,Cephalotes varians,,1,,,,2.400791391488e-08,immunostaining and microscopy
Arthropoda,Insecta,Hymenoptera,Formicidae,Cephalotes,Cephalotes varians,,1,,,,2.604356260184e-08,immunostaining and microscopy
Arthropoda,Insecta,Hymenoptera,Formicidae,Cephalotes,Cephalotes varians,,1,,,,2.572446828224e-08,immunostaining and microscopy
Arthropoda,Insecta,Hymenoptera,Formicidae,Cephalotes,Cephalotes varians,,1,,,,1.816398029236e-08,immunostaining and microscopy
Arthropoda,Insecta,Hymenoptera,Formicidae,Cephalotes,Cephalotes varians,,1,,,,2.434853888376e-08,immunostaining and microscopy
Arthropoda,Insecta,Hymenoptera,Formicidae,Cephalotes,Cephalotes varians,,1,,,,2.446155794712e-08,immunostaining and microscopy
Arthropoda,Insecta,Hymenoptera,Formicidae,Cephalotes,Cephalotes varians,,1,,,,2.806461257768e-08,immunostaining and microscopy
Arthropoda,Insecta,Hymenoptera,Formicidae,Cephalotes,Cephalotes varians,,1,,,,2.85163415432e-08,immunostaining and microscopy
Arthropoda,Insecta,Hymenoptera,Formicidae,Cephalotes,Cephalotes varians,,1,,,,2.422162214976e-08,immunostaining and microscopy
Arthropoda,Insecta,Hymenoptera,Formicidae,Cephalotes,Cephalotes varians,,1,,,,3.439718325624e-08,immunostaining and microscopy
Arthropoda,Insecta,Hymenoptera,Formicidae,Cephalotes,Cephalotes varians,,1,,,,3.49809073656e-08,immunostaining and microscopy
Arthropoda,Insecta,Hymenoptera,Formicidae,Cephalotes,Cephalotes varians,,1,,,,1.744947493072e-08,immunostaining and microscopy
Arthropoda,Insecta,Hymenoptera,Formicidae,Cephalotes,Cephalotes varians,,1,,,,3.608118022544e-08,immunostaining and microscopy
Arthropoda,Insecta,Hymenoptera,Formicidae,Cephalotes,Cephalotes varians,,1,,,,2.503930431576e-08,immunostaining and microscopy
Arthropoda,Insecta,Hymenoptera,Formicidae,Cephalotes,Cephalotes varians,,1,,,,2.5392346014e-08,immunostaining and microscopy
Arthropoda,Insecta,Hymenoptera,Formicidae,Cephalotes,Cephalotes varians,,1,,,,2.48828031928e-08,immunostaining and microscopy
Arthropoda,Insecta,Hymenoptera,Formicidae,Cephalotes,Cephalotes varians,,1,,,,3.056212937568e-08,immunostaining and microscopy
Arthropoda,Insecta,Hymenoptera,Formicidae,Cephalotes,Cephalotes varians,,1,,,,3.598074999176e-08,immunostaining and microscopy
Arthropoda,Insecta,Hymenoptera,Formicidae,Cephalotes,Cephalotes varians,,1,,,,3.20890555048e-08,immunostaining and microscopy
Arthropoda,Insecta,Hymenoptera,Formicidae,Cephalotes,Cephalotes varians,,1,,,,3.275476042832e-08,immunostaining and microscopy
Arthropoda,Insecta,Hymenoptera,Formicidae,Cephalotes,Cephalotes varians,,1,,,,3.243191926968e-08,immunostaining and microscopy
Arthropoda,Insecta,Hymenoptera,Formicidae,Cephalotes,Cephalotes varians,,1,,,,3.030325512536e-08,immunostaining and microscopy
Arthropoda,Insecta,Hymenoptera,Formicidae,Cephalotes,Cephalotes varians,,1,,,,2.91320750896e-08,immunostaining and microscopy
Arthropoda,Insecta,Hymenoptera,Formicidae,Cephalotes,Cephalotes varians,,1,,,,2.847833304456e-08,immunostaining and microscopy
Arthropoda,Insecta,Hymenoptera,Formicidae,Cephalotes,Cephalotes varians,,1,,,,3.305451776648e-08,immunostaining and microscopy
Arthropoda,Insecta,Hymenoptera,Formicidae,Cephalotes,Cephalotes varians,,1,,,,3.18823512308e-08,immunostaining and microscopy
Arthropoda,Insecta,Hymenoptera,Formicidae,Cephalotes,Cephalotes varians,,1,,,,2.949866895248e-08,immunostaining and microscopy
Arthropoda,Insecta,Hymenoptera,Formicidae,Cephalotes,Cephalotes varians,,1,,,,2.5680464348e-08,immunostaining and microscopy
Arthropoda,Insecta,Hymenoptera,Formicidae,Cephalotes,Cephalotes varians,,1,,,,1.78858201872e-08,immunostaining and microscopy
Arthropoda,Insecta,Hymenoptera,Formicidae,Cephalotes,Cephalotes varians,,1,,,,2.888024642664e-08,immunostaining and microscopy
Arthropoda,Insecta,Hymenoptera,Formicidae,Cephalotes,Cephalotes varians,,1,,,,2.6994390514e-08,immunostaining and microscopy
Arthropoda,Insecta,Hymenoptera,Formicidae,Cephalotes,Cephalotes varians,,1,,,,2.991671024384e-08,immunostaining and microscopy
Arthropoda,Insecta,Hymenoptera,Formicidae,Cephalotes,Cephalotes varians,,1,,,,3.262590732744e-08,immunostaining and microscopy
Arthropoda,Insecta,Hymenoptera,Formicidae,Cephalotes,Cephalotes varians,,1,,,,3.071052879216e-08,immunostaining and microscopy
Arthropoda,Insecta,Hymenoptera,Formicidae,Cephalotes,Cephalotes varians,,1,,,,4.173444381848e-08,immunostaining and microscopy
Arthropoda,Insecta,Hymenoptera,Formicidae,Cephalotes,Cephalotes varians,,1,,,,2.81298785264e-08,immunostaining and microscopy
Arthropoda,Insecta,Lepidoptera,Noctuidae,Heliothis,Heliothis virescens,,10,,,,1.52828648e-07,immunostaining and microscopy
Arthropoda,Malacostraca,Decapoda,Coenobitidae,Birgus,Birgus latro,,1,,,,1.04636e-25,immunostaining and histological recontruction
Chordata,Mammalia,Carnivora,Otariidae,Arctocephalus,Arctocephalus australis,male and female,2,,,,0.3075,skull filling
Chordata,Mammalia,Carnivora,Otariidae,Arctocephalus,Arctocephalus forsteri,male and female,2,,,,0.32,skull filling
Chordata,Mammalia,Carnivora,Otariidae,Arctocephalus,Arctocephalus galapagoensis,male and female,2,,,,0.29125,skull filling
Chordata,Mammalia,Carnivora,Otariidae,Arctocephalus,Arctocephalus gazella,male and female,2,,,,0.34,skull filling
Chordata,Mammalia,Carnivora,Otariidae,Arctocephalus,Arctocephalus philippii,male,1,,,,0.415,skull filling
Chordata,Mammalia,Carnivora,Otariidae,Arctocephalus,Arctocephalus pusillus,male and female,4,,,,0.36938,skull filling
Chordata,Mammalia,Carnivora,Otariidae,Arctocephalus,Arctocephalus tropicalis,male and female,2,,,,0.32625,skull filling
Chordata,Mammalia,Carnivora,Otariidae,Callorhinus,Callorhinus ursinus,male and female,2,,,,0.31875,skull filling
Chordata,Mammalia,Carnivora,Phocidae,Cystophora,Cystophora cristata,male and female,2,,,,0.455,skull filling
Chordata,Mammalia,Carnivora,Otariidae,Eumetopias,Eumetopias jubatus,male and female,2,,,,0.66125,skull filling
Chordata,Mammalia,Carnivora,Phocidae,Halichoerus,Halichoerus grypus,male and female,2,,,,0.3075,skull filling
Chordata,Mammalia,Carnivora,Phocidae,Hydrurga,Hydrurga leptonyx,male and female,2,,,,0.7125,skull filling
Chordata,Mammalia,Carnivora,Phocidae,Leptonychotes,Leptonychotes weddellii,male and female,2,,,,0.58625,skull filling
Chordata,Mammalia,Carnivora,Phocidae,Lobodon,Lobodon carcinophagus,male and female,2,,,,0.58625,skull filling
Chordata,Mammalia,Carnivora,Phocidae,Mirounga,Mirounga leonina,male and female,2,,,,1.205,skull filling
Chordata,Mammalia,Carnivora,Phocidae,Monachus,Monachus monachus,male and female,2,,,,0.48,skull filling
Chordata,Mammalia,Carnivora,Phocidae,Monachus,Monachus schauinslandi,male,1,,,,0.37,skull filling
Chordata,Mammalia,Carnivora,Phocidae,Monachus,Monachus tropicalis,male,1,,,,0.46,skull filling
Chordata,Mammalia,Carnivora,Otariidae,Neophoca,Neophoca cinerea,male and female,2,,,,0.38875,skull filling
Chordata,Mammalia,Carnivora,Odobenidae,Odobenus,Odobenus rosmarus,male and female,2,,,,1.41025,skull filling
Chordata,Mammalia,Carnivora,Phocidae,Ommatophoca,Ommatophoca rossii,male and female,2,,,,0.495,skull filling
Chordata,Mammalia,Carnivora,Otariidae,Otaria,Otaria byronia,male and female,2,,,,0.50625,skull filling
Chordata,Mammalia,Carnivora,Phocidae,Phoca,Phoca caspica,male and female,2,,,,0.1625,skull filling
Chordata,Mammalia,Carnivora,Phocidae,Phoca,Phoca fasciata,male and female,2,,,,0.24875,skull filling
Chordata,Mammalia,Carnivora,Phocidae,Phoca,Phoca groenlandica,male and female,2,,,,0.275,skull filling
Chordata,Mammalia,Carnivora,Phocidae,Phoca,Phoca hispida,male and female,2,,,,0.19625,skull filling
Chordata,Mammalia,Carnivora,Phocidae,Phoca,Phoca largha,male and female,2,,,,0.25375,skull filling
Chordata,Mammalia,Carnivora,Phocidae,Phoca,Phoca sibirica,male and female,2,,,,0.1875,skull filling
Chordata,Mammalia,Carnivora,Phocidae,Phoca,Phoca vitulina,male and female,2,,,,0.27375,skull filling
Chordata,Mammalia,Carnivora,Otariidae,Phocarctos,Phocarctos hookeri,male and female,2,,,,0.39375,skull filling
Chordata,Mammalia,Carnivora,Otariidae,Zalophus,Zalophus californianus,male and female,2,,,,0.405,skull filling
Chordata,Mammalia,Primates,Atelidae,Alouatta,Alouatta palliata,male,1,6.917,,,0.06378,brain weighed
Chordata,Mammalia,Primates,Atelidae,Alouatta,Alouatta palliata,male,1,7.8245,,,0.06553,brain weighed
Chordata,Mammalia,Primates,Atelidae,Alouatta,Alouatta palliata,male,1,7.2575,,,0.06022,brain weighed
Chordata,Mammalia,Primates,Atelidae,Alouatta,Alouatta palliata,male,1,7.031,,,0.0549,brain weighed
Chordata,Mammalia,Primates,Atelidae,Alouatta,Alouatta palliata,male,1,7.484,,,0.0567,brain weighed
Chordata,Mammalia,Primates,Atelidae,Alouatta,Alouatta palliata,male,1,7.2575,,,0.0567,brain weighed
Chordata,Mammalia,Primates,Atelidae,Alouatta,Alouatta palliata,male,1,7.031,,,0.05313,brain weighed
Chordata,Mammalia,Primates,Atelidae,Ateles,Ateles geoffroyi,female,1,2.268,,,0.0945,brain weighed
Chordata,Mammalia,Primates,Atelidae,Ateles,Ateles geoffroyi,male,1,1.835,,,0.091,brain weighed
Chordata,Mammalia,Primates,Atelidae,Ateles,Ateles geoffroyi,male,1,2.268,,,0.082,brain weighed
Chordata,Mammalia,Primates,Atelidae,Ateles,Ateles geoffroyi,male,1,1.92,,,0.0955,brain weighed
Chordata,Mammalia,Primates,Atelidae,Ateles,Ateles geoffroyi,female,1,2.155,,,0.095,brain weighed
Chordata,Mammalia,Primates,Callitrichidae,Saguinus,Saguinus oedipus,female,47,0.37,,,0.0097,brain weighed
Chordata,Mammalia,Primates,Callitrichidae,Saguinus,Saguinus oedipus,male,58,0.37,,,0.0092,brain weighed
Chordata,Mammalia,Primates,Aotidae,Aotus,Aotus trivirgatus,female,143,0.63,,,0.0172,brain weighed
Chordata,Mammalia,Primates,Aotidae,Aotus,Aotus trivirgatus,male,116,0.72,,,0.0172,brain weighed
Chordata,Mammalia,Primates,Cebidae,Saimiri,Saimiri sciureus,female,57,0.58,,,0.0231,brain weighed
Chordata,Mammalia,Primates,Cebidae,Saimiri,Saimiri sciureus,male,33,0.72,,,0.025,brain weighed
Chordata,Mammalia,Primates,Cebidae,Cebus,Cebus albifrons,female,21,1.47,,,0.0607,brain weighed
Chordata,Mammalia,Primates,Cebidae,Cebus,Cebus albifrons,male,45,1.77,,,0.0652,brain weighed
Chordata,Mammalia,Primates,Cebidae,Cebus,Cebus apella,female,11,1.81,,,0.0626,brain weighed
Chordata,Mammalia,Primates,Cebidae,Cebus,Cebus apella,male,7,2.77,,,0.0708,brain weighed
Chordata,Mammalia,Primates,Atelidae,Ateles,Ateles geoffroyi,female,11,4.68,,,0.1077,brain weighed
Chordata,Mammalia,Primates,Atelidae,Ateles,Ateles geoffroyi,male,4,4.76,,,0.1076,brain weighed
Chordata,Mammalia,Primates,Atelidae,Ateles,Ateles paniscus,female,15,5.22,,,0.1012,brain weighed
Chordata,Mammalia,Primates,Atelidae,Ateles,Ateles paniscus,male,6,5.04,,,0.1065,brain weighed
Chordata,Mammalia,Primates,Cercopithecidae,Chlorocebus,Chlorocebus aethiops,female,6,3.22,,,0.0661,brain weighed
Chordata,Mammalia,Primates,Cercopithecidae,Chlorocebus,Chlorocebus aethiops,male,10,5.23,,,0.0663,brain weighed
Chordata,Mammalia,Primates,Cercopithecidae,Macaca,Macaca fascicularis,female,44,3.36,,,0.0619,brain weighed
Chordata,Mammalia,Primates,Cercopithecidae,Macaca,Macaca fascicularis,male,8,4.74,,,0.07,brain weighed
Chordata,Mammalia,Primates,Cercopithecidae,Macaca,Macaca mulatta,female,163,4.88,,,0.0852,brain weighed
Chordata,Mammalia,Primates,Cercopithecidae,Macaca,Macaca mulatta,male,125,5.21,,,0.0907,brain weighed
Chordata,Mammalia,Primates,Cercopithecidae,Macaca,Macaca arctoides,female,27,7.45,,,0.0998,brain weighed
Chordata,Mammalia,Primates,Cercopithecidae,Macaca,Macaca arctoides,male,13,7.81,,,0.1016,brain weighed
Chordata,Mammalia,Primates,Cercopithecidae,Papio,Papio anubis,female,7,12.9,,,0.148,brain weighed
Chordata,Mammalia,Primates,Cercopithecidae,Papio,Papio anubis,male,13,16.06,,,0.1747,brain weighed
Chordata,Mammalia,Rondentia,Muridae,Rattus,Rattus sp.,male,1,0.179,,,0.001537,brain weighed
Chordata,Mammalia,Rondentia,Muridae,Meriones,Meriones unguiculatus,male,1,0.054,,,0.000968,brain weighed
Chordata,Mammalia,Rondentia,Muridae,Mus,Mus sp.,male,1,0.024,,,0.000403,brain weighed
Chordata,Mammalia,Carnivora,Eupleridae,Cryptoprocta,Cryptoprocta ferox,,1,9.5,,,0.03678,skull filling
Chordata,Mammalia,Carnivora,Herpestidae,Atilax,Atilax paludinosus,,4,3.3,,,0.02784,skull filling
Chordata,Mammalia,Carnivora,Herpestidae,Herpestes,Herpestes urva,,4,1.863,,,0.0223,skull filling
Chordata,Mammalia,Carnivora,Herpestidae,Paracynictis,Paracynictis selousi,,4,1.64,,,0.01673,skull filling
Chordata,Mammalia,Carnivora,Mustelidae,Conepatus,Conepatus chinga,,2,1.918,,,0.01632,skull filling
Chordata,Mammalia,Carnivora,Mustelidae,Conepatus,Conepatus leuconotus,,4,3.5,,,0.01852,skull filling
Chordata,Mammalia,Carnivora,Mephitidae,Mephitis,Mephitis mephitis,,10,1.7,,,0.01175,skull filling
Chordata,Mammalia,Carnivora,Mephitidae,Mydaus,Mydaus marchei,,4,1.414,,,0.01487,skull filling
Chordata,Mammalia,Carnivora,Mephitidae,Spilogale,Spilogale gracilis,,10,0.42,,,0.00681,skull filling
Chordata,Mammalia,Carnivora,Mephitidae,Spilogale,Spilogale putorius,,4,0.341,,,0.00733,skull filling
Chordata,Mammalia,Carnivora,Mustelidae,Galictis,Galictis cuja,,2,1,,,0.02352,skull filling
Chordata,Mammalia,Carnivora,Mustelidae,Ictonyx,Ictonyx striatus,,4,1.3,,,0.00817,skull filling
Chordata,Mammalia,Carnivora,Mustelidae,Mellivora,Mellivora capensis,,4,9,,,0.08604,skull filling
Chordata,Mammalia,Carnivora,Mustelidae,Mustela,Mustela erminea,,10,0.156,,,0.00342,skull filling
Chordata,Mammalia,Carnivora,Mustelidae,Poecilogale,Poecilogale albinucha,,1,0.34,,,0.00456,skull filling
Chordata,Mammalia,Carnivora,Mustelidae,Taxidea,Taxidea taxus,,10,6,,,0.056,skull filling
Chordata,Mammalia,Carnivora,Mustelidae,Vormela,Vormela peregusna,,2,0.45,,,0.00653,skull filling
Chordata,Mammalia,Carnivora,Procyonidae,Bassaricyon,Bassaricyon alleni,,1,1.235,,,0.01937,skull filling
Chordata,Mammalia,Carnivora,Viverridae,Paguma,Paguma larvata,,4,4.3,,,0.02647,skull filling
Chordata,Mammalia,Carnivora,Viverridae,Viverra,Viverra tangalunga,,4,10,,,0.02725,skull filling
Chordata,Mammalia,Cingulata,Chlamyphoridae,Euphractus,Euphractus sexcinctus,,4,7.99,,,0.02137,skull filling
Chordata,Mammalia,Cingulata,Chlamyphoridae,Tolypeutes,Tolypeutes matacus,,2,1.2,,,0.00886,skull filling
Chordata,Mammalia,Cingulata,Chlamyphoridae,Zaedyus,Zaedyus pichiy,,5,1.74,,,0.00798,skull filling
Chordata,Mammalia,Eulipotyphla,Erinaceidae,Atelerix,Atelerix albiventris,,4,0.28,,,0.00176,skull filling
Chordata,Mammalia,Eulipotyphla,Erinaceidae,Echinosorex,Echinosorex gymnura,,4,0.957,,,0.0055,skull filling
Chordata,Mammalia,Eulipotyphla,Erinaceidae,Mesechinus,Mesechinus dauuricus,,2,0.342,,,0.0029,skull filling
Chordata,Mammalia,Pholidota,Manidae,Manis,Manis pentadactyla,,4,4.675,,,0.01764,skull filling
Chordata,Mammalia,Pholidota,Manidae,Manis,Manis tricuspis,,4,2.067,,,0.0093,skull filling
Chordata,Mammalia,Rodentia,Echimyidae,Clyomys,Clyomys laticeps,,4,0.201,,,0.00352,skull filling
Chordata,Mammalia,Rodentia,Echimyidae,Echimys,Echimys chrysurus,,2,0.652,,,0.00502,skull filling
Chordata,Mammalia,Rodentia,Echimyidae,Makalata,Makalata didelphoides,,3,0.108,,,0.00345,skull filling
Chordata,Mammalia,Rodentia,Echimyidae,Makalata,Makalata macrura,,4,0.439,,,0.00389,skull filling
Chordata,Mammalia,Rodentia,Echimyidae,Mesomys,Mesomys hispidus,,4,0.175,,,0.00264,skull filling
Chordata,Mammalia,Rodentia,Echimyidae,Proechimys,Proechimys brevicauda,,4,0.285,,,0.00295,skull filling
Chordata,Mammalia,Rodentia,Erethizontidae,Coendou,Coendou prehensilis,,4,4.4,,,0.01673,skull filling
Chordata,Mammalia,Rodentia,Erethizontidae,Coendou,Coendou rothschildi,,4,2,,,0.02085,skull filling
Chordata,Mammalia,Rodentia,Erethizontidae,Sphiggurus,Sphiggurus vestitus,,1,0.736,,,0.01171,skull filling
Chordata,Mammalia,Rodentia,Hystricidae,Atherurus,Atherurus macrourus,,6,2,,,0.03157,skull filling
Chordata,Mammalia,Rodentia,Hystricidae,Hystrix,Hystrix africaeaustralis,,6,14.936,,,0.03571,skull filling
Chordata,Mammalia,Rodentia,Hystricidae,Hystrix,Hystrix brachyura,,3,8,,,0.03764,skull filling
Chordata,Mammalia,Rodentia,Hystricidae,Hystrix,Hystrix cristata,,4,20,,,0.04955,skull filling
Chordata,Mammalia,Rodentia,Hystricidae,Hystrix,Hystrix indica,,5,14.65,,,0.04407,skull filling
Chordata,Mammalia,Rodentia,Hystricidae,Hystrix,Hystrix sumatrae,,6,3.26,,,0.02704,skull filling
Chordata,Mammalia,Rodentia,Hystricidae,Trichys,Trichys fasciculata,,10,1.56,,,0.01305,skull filling
Chordata,Mammalia,Primates,Cebidae,Saguinus,Saguinus oedipus,,1,0.32714,,,0.00964,
Chordata,Mammalia,Carnivora,Ursidae,Ursus,Ursus arctos,,1,131.02267,,,0.33597,
Chordata,Mammalia,Primates,Hominidae,Pan,Pan troglodytes,,1,60.43316,,,0.35481,
Chordata,Mammalia,Primates,Cebidae,Saguinus,Saguinus geoffroyi,,1,0.63467,,,0.01427,
Chordata,Mammalia,Carnivora,Felidae,Panthera,Panthera tigris,,1,195,,,0.26973,
Chordata,Mammalia,Xenarthra,Myrmecophagidae,Tamandua,Tamandua tetradactyla,,1,4.361,,,0.0275,
Chordata,Mammalia,Primates,Hominidae,Pongo,Pongo pygmaeus,,1,54.22904,,,0.34199,
Chordata,Mammalia,Primates,Hylobatidae,Hylobates,Hylobates muelleri,,1,5.95488,,,0.09531,
Chordata,Mammalia,Primates,Hylobatidae,Hylobates,Hylobates syndactylus,,1,12.172,,,0.1348,
Chordata,Mammalia,Primates,Hominidae,Gorilla,Gorilla gorilla,,1,120.975,,,0.45455,
Chordata,Mammalia,Cetartiodactyla,Bovidae,Damaliscus,Damaliscus pygargus,,1,62.5,,,0.2546,
Chordata,Mammalia,Primates,Hominidae,Homo,Homo sapiens,,1,65.14286,,,1.25043,
Chordata,Mammalia,Macroscelidea,Macroscelididae,Rhynchocyon,Rhynchocyon petersi,,1,0.37,,,0.0054,
Chordata,Mammalia,Primates,Cercopithecidae,Cercocebus,Cercocebus agilis,,1,4.7,,,0.0953,
Chordata,Mammalia,Primates,Cercopithecidae,Mandrillus,Mandrillus sphinx,,1,11.5,,,0.1592,
Chordata,Mammalia,Primates,Cebidae,Saimiri,Saimiri boliviensis,,1,0.75,,,0.02406,
Chordata,Mammalia,Primates,Cercopithecidae,Trachypithecus,Trachypithecus francoisi,,1,9.1,,,0.0944,
Chordata,Mammalia,Primates,Cercopithecidae,Colobus,Colobus guereza,,1,10.28125,,,0.0839,
Chordata,Mammalia,Primates,Cercopithecidae,Colobus,Colobus angolensis,,1,9.67,,,0.0744,
Chordata,Mammalia,Cetartiodactyla,Bovidae,Tragelaphus,Tragelaphus eurycerus,,1,253,,,0.389,
Chordata,Mammalia,Primates,Tarsiidae,Tarsius,Tarsius bancanus,,1,0.0776,,,0.0027,
Chordata,Mammalia,Primates,Lorisidae,Nycticebus,Nycticebus pygmaeus,,1,0.48,,,0.0078,
Chordata,Mammalia,Xenarthra,Megalonychidae,Choloepus,Choloepus didactylus,,1,5.07,,,0.0282,
Chordata,Mammalia,Diprotodontia,Macropodidae,Macropus,Macropus parma,,1,3.76,,,0.0174,
Chordata,Mammalia,Diprotodontia,Macropodidae,Wallabia,Wallabia bicolor,,1,16.4,,,0.0327,
Chordata,Mammalia,Primates,Lorisidae,Nycticebus,Nycticebus coucang,,1,0.6555,,,0.01274,
Chordata,Mammalia,Primates,Lorisidae,Perodicticus,Perodicticus potto,,1,0.92933,,,0.01207,
Chordata,Mammalia,Primates,Cercopithecidae,Macaca,Macaca maura,,1,6.846,,,0.09448,
Chordata,Mammalia,Primates,Cebidae,Leontopithecus,Leontopithecus rosalia,,1,0.51238,,,0.01305,
Chordata,Mammalia,Primates,Atelidae,Alouatta,Alouatta caraya,,1,5.0125,,,0.0507,
Chordata,Mammalia,Primates,Lemuridae,Lemur,Lemur catta,,1,2.09,,,0.02163,
Chordata,Mammalia,Primates,Cercopithecidae,Erythrocebus,Erythrocebus patas,,1,7.376,,,0.1002,
Chordata,Mammalia,Primates,Cebidae,Callithrix,Callithrix pygmaea,,1,0.13475,,,0.00464,
Chordata,Mammalia,Primates,Lorisidae,Loris,Loris tardigradus,,1,0.322,,,0.006,
Chordata,Mammalia,Primates,Cheirogaleidae,Cheirogaleus,Cheirogaleus medius,,1,0.17967,,,0.00334,
Chordata,Mammalia,Dasyuromorphia,Dasyuridae,Dasyurus,Dasyurus spartacus,,1,0.487,,,0.0054908,skull filling
Chordata,Mammalia,Didelphimorphia,Didelphidae,Thylamys,Thylamys pallidior,,1,0.0207,,,0.00074592,skull filling
Chordata,Mammalia,Diprotodontia,Petauridae,Petaurus,Petaurus biacensis,,2,0.0845,,,0.00174048,skull filling
Chordata,Mammalia,Diprotodontia,Petauridae,Petaurus,Petaurus abidi,,2,0.284,,,0.00396788,skull filling
Chordata,Mammalia,Diprotodontia,Phalangeridae,Phalanger,Phalanger rothschildi,,5,1.244,,,0.00636104,skull filling
Chordata,Mammalia,Diprotodontia,Phalangeridae,Strigocuscus,Strigocuscus pelengensis,,7,0.991,,,0.00644392,skull filling
Chordata,Mammalia,Diprotodontia,Phalangeridae,Phalanger,Phalanger intercastellanus,,8,1.434,,,0.0076146,skull filling
Chordata,Mammalia,Diprotodontia,Phalangeridae,Spilocuscus,Spilocuscus kraemeri,,7,1.547,,,0.011914,skull filling
Chordata,Mammalia,Peramelemorphia,Peramelidae,Rhynchomeles,Rhynchomeles prattorum,,1,0.907,,,0.0050764,skull filling
Chordata,Mammalia,Dasyuromorphia,Dasyuridae,Planigale,Planigale tenuirostris,,7,0.0039,,,0.00014504,skull filling
Chordata,Mammalia,Dasyuromorphia,Dasyuridae,Planigale,Planigale ingrami,,6,0.0041,,,0.0001554,skull filling
Chordata,Mammalia,Dasyuromorphia,Dasyuridae,Planigale,Planigale gilesi,,5,0.0061,,,0.00017612,skull filling
Chordata,Mammalia,Dasyuromorphia,Dasyuridae,Planigale,Planigale maculata,,10,0.0067,,,0.0002072,skull filling
Chordata,Mammalia,Dasyuromorphia,Dasyuridae,Ningaui,Ningaui ridei,,1,0.004,,,0.00024864,skull filling
Chordata,Mammalia,Dasyuromorphia,Dasyuridae,Ningaui,Ningaui yvonneae,,2,0.0078,,,0.00026936,skull filling
Chordata,Mammalia,Dasyuromorphia,Dasyuridae,Planigale,Planigale novaeguineae,,2,0.0086,,,0.00027972,skull filling
Chordata,Mammalia,Dasyuromorphia,Dasyuridae,Sminthopsis,Sminthopsis virginiae,,1,0.0105,,,0.00035224,skull filling
Chordata,Mammalia,Dasyuromorphia,Dasyuridae,Sminthopsis,Sminthopsis bindi,,1,0.0136,,,0.0003626,skull filling
Chordata,Mammalia,Dasyuromorphia,Dasyuridae,Sminthopsis,Sminthopsis douglasi,,2,0.0171,,,0.0003626,skull filling
Chordata,Mammalia,Dasyuromorphia,Dasyuridae,Sminthopsis,Sminthopsis crassicaudata,,20,0.0133,,,0.00037296,skull filling
Chordata,Mammalia,Dasyuromorphia,Dasyuridae,Sminthopsis,Sminthopsis macroura,,5,0.017,,,0.0004144,skull filling
Chordata,Mammalia,Dasyuromorphia,Dasyuridae,Sminthopsis,Sminthopsis hirtipes,,1,0.009,,,0.00042476,skull filling
Chordata,Mammalia,Dasyuromorphia,Dasyuridae,Sminthopsis,Sminthopsis leucopus,,21,0.0124,,,0.00042476,skull filling
Chordata,Mammalia,Dasyuromorphia,Dasyuridae,Parantechinus,Parantechinus roryi,,1,0.0166,,,0.00043512,skull filling
Chordata,Mammalia,Dasyuromorphia,Dasyuridae,Sminthopsis,Sminthopsis murina,,15,0.0159,,,0.00045584,skull filling
Chordata,Mammalia,Dasyuromorphia,Dasyuridae,Antechinomys,Antechinomys laniger,,9,0.0178,,,0.00048692,skull filling
Chordata,Mammalia,Dasyuromorphia,Dasyuridae,Sminthopsis,Sminthopsis griseoventer,,1,0.0198,,,0.00050764,skull filling
Chordata,Mammalia,Dasyuromorphia,Dasyuridae,Parantechinus,Parantechinus macdonnellensis,,5,0.024,,,0.00050764,skull filling
Chordata,Mammalia,Dasyuromorphia,Dasyuridae,Parantechinus,Parantechinus rosamondae,,4,0.0199,,,0.00055944,skull filling
Chordata,Mammalia,Dasyuromorphia,Dasyuridae,Antechinus,Antechinus agilis,,18,0.0221,,,0.00058016,skull filling
Chordata,Mammalia,Dasyuromorphia,Dasyuridae,Antechinus,Antechinus bellus,,4,0.0458,,,0.00065268,skull filling
Chordata,Mammalia,Dasyuromorphia,Dasyuridae,Antechinus,Antechinus flavipes,,17,0.0307,,,0.00066304,skull filling
Chordata,Mammalia,Dasyuromorphia,Dasyuridae,Parantechinus,Parantechinus bilarni,,7,0.0294,,,0.0006734,skull filling
Chordata,Mammalia,Dasyuromorphia,Dasyuridae,Antechinus,Antechinus melanurus,,10,0.0258,,,0.0006734,skull filling
Chordata,Mammalia,Dasyuromorphia,Dasyuridae,Antechinus,Antechinus subtropicus,,9,0.0291,,,0.00074592,skull filling
Chordata,Mammalia,Dasyuromorphia,Dasyuridae,Antechinus,Antechinus minimus,,7,0.0363,,,0.00076664,skull filling
Chordata,Mammalia,Dasyuromorphia,Dasyuridae,Antechinus,Antechinus leo,,3,0.0602,,,0.000777,skull filling
Chordata,Mammalia,Dasyuromorphia,Dasyuridae,Antechinus,Antechinus stuartii,,21,0.0298,,,0.00078736,skull filling
Chordata,Mammalia,Dasyuromorphia,Dasyuridae,Antechinus,Antechinus naso,,8,0.0363,,,0.00079772,skull filling
Chordata,Mammalia,Dasyuromorphia,Dasyuridae,Phascogale,Phascogale calura,,5,0.0438,,,0.00094276,skull filling
Chordata,Mammalia,Dasyuromorphia,Dasyuridae,Antechinus,Antechinus swainsonii,,13,0.0635,,,0.00112924,skull filling
Chordata,Mammalia,Dasyuromorphia,Dasyuridae,Murexia,Murexia rothschildi,,1,0.062,,,0.0010878,skull filling
Chordata,Mammalia,Dasyuromorphia,Dasyuridae,Phascolosorex,Phascolosorex dorsalis,,6,0.0475,,,0.00114996,skull filling
Chordata,Mammalia,Dasyuromorphia,Dasyuridae,Parantechinus,Parantechinus apicalis,,1,0.0605,,,0.0012432,skull filling
Chordata,Mammalia,Dasyuromorphia,Dasyuridae,Dasycercus,Dasycercus cristicauda,,11,0.07,,,0.00128464,skull filling
Chordata,Mammalia,Dasyuromorphia,Dasyuridae,Dasyuroides,Dasyuroides byrnei,,13,0.0984,,,0.001554,skull filling
Chordata,Mammalia,Dasyuromorphia,Dasyuridae,Murexia,Murexia longicaudata,,2,0.2965,,,0.00174048,skull filling
Chordata,Mammalia,Dasyuromorphia,Dasyuridae,Phascogale,Phascogale tapoatafa,,20,0.15,,,0.00187516,skull filling
Chordata,Mammalia,Dasyuromorphia,Dasyuridae,Myoictis,Myoictis melas,,4,0.1311,,,0.0021238,skull filling
Chordata,Mammalia,Dasyuromorphia,Dasyuridae,Neophascogale,Neophascogale lorentzi,,2,0.2064,,,0.0025382,skull filling
Chordata,Mammalia,Dasyuromorphia,Dasyuridae,Dasyurus,Dasyurus hallucatus,,14,0.513,,,0.00350168,skull filling
Chordata,Mammalia,Dasyuromorphia,Dasyuridae,Dasyurus,Dasyurus albopunctatus,,14,0.403,,,0.00392644,skull filling
Chordata,Mammalia,Dasyuromorphia,Myrmecobiidae,Myrmecobius,Myrmecobius fasciatus,,2,0.4054,,,0.004403,skull filling
Chordata,Mammalia,Dasyuromorphia,Dasyuridae,Dasyurus,Dasyurus geoffroii,,4,0.76,,,0.00535612,skull filling
Chordata,Mammalia,Dasyuromorphia,Dasyuridae,Dasyurus,Dasyurus viverrinus,,26,0.813,,,0.00552188,skull filling
Chordata,Mammalia,Dasyuromorphia,Dasyuridae,Dasyurus,Dasyurus maculatus,,55,2.599,,,0.00974876,skull filling
Chordata,Mammalia,Dasyuromorphia,Dasyuridae,Sarcophilus,Sarcophilus harrisii,,34,7.43,,,0.01666924,skull filling
Chordata,Mammalia,Dasyuromorphia,Thylacinidae,Thylacinus,Thylacinus cynocephalus,,18,28.496,,,0.05303284,skull filling
Chordata,Mammalia,Didelphimorphia,Didelphidae,Marmosa,Marmosa elegans,,1,0.0201,,,0.00073556,skull filling
Chordata,Mammalia,Didelphimorphia,Didelphidae,Thylamys,Thylamys elegans,,1,0.025,,,0.00073556,skull filling
Chordata,Mammalia,Didelphimorphia,Didelphidae,Monodelphis,Monodelphis brevicaudata,,1,0.0646,,,0.0009324,skull filling
Chordata,Mammalia,Didelphimorphia,Didelphidae,Marmosa,Marmosa mexicana,,2,0.0467,,,0.001036,skull filling
Chordata,Mammalia,Didelphimorphia,Didelphidae,Marmosa,Marmosa murina,,1,0.06,,,0.0011396,skull filling
Chordata,Mammalia,Didelphimorphia,Didelphidae,Marmosa,Marmosa rubra,,1,0.06,,,0.0012432,skull filling
Chordata,Mammalia,Didelphimorphia,Didelphidae,Caluromys,Caluromys derbianus,,1,0.289,,,0.0035224,skull filling
Chordata,Mammalia,Didelphimorphia,Didelphidae,Caluromys,Caluromys philander,,1,0.277,,,0.003626,skull filling
Chordata,Mammalia,Didelphimorphia,Didelphidae,Metachirus,Metachirus nudicaudatus,,1,0.39,,,0.003626,skull filling
Chordata,Mammalia,Didelphimorphia,Didelphidae,Philander,Philander opossum,,2,0.57,,,0.00396788,skull filling
Chordata,Mammalia,Didelphimorphia,Didelphidae,Didelphis,Didelphis marsupialis,,1,2.842,,,0.0065786,skull filling
Chordata,Mammalia,Didelphimorphia,Didelphidae,Didelphis,Didelphis virginiana,,11,2.797,,,0.00696192,skull filling
Chordata,Mammalia,Diprotodontia,Burramyidae,Cercartetus,Cercartetus concinnus,,3,0.0095,,,0.0003108,skull filling
Chordata,Mammalia,Diprotodontia,Acrobatidae,Acrobates,Acrobates pygmaeus,,14,0.0089,,,0.0003626,skull filling
Chordata,Mammalia,Diprotodontia,Burramyidae,Cercartetus,Cercartetus lepidus,,3,0.0078,,,0.00037296,skull filling
Chordata,Mammalia,Diprotodontia,Tarsipedidae,Tarsipes,Tarsipes rostratus,,1,0.009,,,0.00037296,skull filling
Chordata,Mammalia,Diprotodontia,Burramyidae,Cercartetus,Cercartetus nanus,,3,0.012,,,0.00044548,skull filling
Chordata,Mammalia,Diprotodontia,Burramyidae,Cercartetus,Cercartetus caudatus,,11,0.0193,,,0.00073556,skull filling
Chordata,Mammalia,Diprotodontia,Acrobatidae,Distoechurus,Distoechurus pennatus,,8,0.0454,,,0.00097384,skull filling
Chordata,Mammalia,Diprotodontia,Burramyidae,Burramys,Burramys parvus,,2,0.0366,,,0.001036,skull filling
Chordata,Mammalia,Diprotodontia,Pseudocheiridae,Pseudochirulus,Pseudochirulus canescens,,4,0.141,,,0.0018648,skull filling
Chordata,Mammalia,Diprotodontia,Pseudocheiridae,Pseudochirulus,Pseudochirulus mayeri,,9,0.125,,,0.00208236,skull filling
Chordata,Mammalia,Diprotodontia,Petauridae,Petaurus,Petaurus breviceps,,20,0.0891,,,0.00216524,skull filling
Chordata,Mammalia,Diprotodontia,Pseudocheiridae,Pseudochirulus,Pseudochirulus schlegeli,,2,0.246,,,0.0029008,skull filling
Chordata,Mammalia,Diprotodontia,Petauridae,Gymnobelideus,Gymnobelideus leadbeateri,,2,0.0905,,,0.0029526,skull filling
Chordata,Mammalia,Diprotodontia,Petauridae,Petaurus,Petaurus norfolcensis,,14,0.191,,,0.00312872,skull filling
Chordata,Mammalia,Diprotodontia,Pseudocheiridae,Hemibelideus,Hemibelideus lemuroides,,2,0.496,,,0.0032634,skull filling
Chordata,Mammalia,Diprotodontia,Pseudocheiridae,Pseudochirulus,Pseudochirulus caroli,,1,0.44,,,0.0033152,skull filling
Chordata,Mammalia,Diprotodontia,Pseudocheiridae,Pseudochirulus,Pseudochirulus forbesi,,6,0.523,,,0.00348096,skull filling
Chordata,Mammalia,Diprotodontia,Pseudocheiridae,Pseudochirulus,Pseudochirulus herbertensis,,3,0.9,,,0.00447552,skull filling
Chordata,Mammalia,Diprotodontia,Petauridae,Dactylonax,Dactylonax tatei,,1,0.252,,,0.0046102,skull filling
Chordata,Mammalia,Diprotodontia,Pseudocheiridae,Pseudocheirus,Pseudocheirus peregrinus,,15,0.526,,,0.00468272,skull filling
Chordata,Mammalia,Diprotodontia,Pseudocheiridae,Pseudochirops,Pseudochirops albertisii,,3,0.713,,,0.00484848,skull filling
Chordata,Mammalia,Diprotodontia,Pseudocheiridae,Petauroides,Petauroides volans,,20,0.9,,,0.00485884,skull filling
Chordata,Mammalia,Diprotodontia,Pseudocheiridae,Petropseudes,Petropseudes dahli,,3,2,,,0.005219368,skull filling
Chordata,Mammalia,Diprotodontia,Pseudocheiridae,Pseudochirops,Pseudochirops coronatus,,2,1.5,,,0.00531468,skull filling
Chordata,Mammalia,Diprotodontia,Pseudocheiridae,Pseudochirops,Pseudochirops corinnae,,8,0.943,,,0.00555296,skull filling
Chordata,Mammalia,Diprotodontia,Petauridae,Petaurus,Petaurus australis,,6,0.39,,,0.00591556,skull filling
Chordata,Mammalia,Diprotodontia,Petauridae,Dactylonax,Dactylonax trivirgata,,12,0.506,,,0.00603988,skull filling
Chordata,Mammalia,Diprotodontia,Pseudocheiridae,Pseudochirops,Pseudochirops archeri,,6,0.678,,,0.00608132,skull filling
Chordata,Mammalia,Diprotodontia,Phalangeridae,Phalanger,Phalanger lullulae,,4,1.4,,,0.00630924,skull filling
Chordata,Mammalia,Diprotodontia,Potoroidae,Potorous,Potorous platyops,,1,0.8,,,0.0065268,skull filling
Chordata,Mammalia,Diprotodontia,Petauridae,Dactylonax,Dactylonax palpator,,7,0.474,,,0.00715876,skull filling
Chordata,Mammalia,Diprotodontia,Macropodidae,Lagostrophus,Lagostrophus fasciatus,,1,0.773,,,0.007252,skull filling
Chordata,Mammalia,Diprotodontia,Phalangeridae,Phalanger,Phalanger ornatus,,5,1.448,,,0.00727272,skull filling
Chordata,Mammalia,Diprotodontia,Phalangeridae,Phalanger,Phalanger orientalis,,21,1.485,,,0.00763532,skull filling
Chordata,Mammalia,Diprotodontia,Pseudocheiridae,Pseudochirops,Pseudochirops cupreus,,5,1.021,,,0.00781144,skull filling
Chordata,Mammalia,Diprotodontia,Macropodidae,Lagorchestes,Lagorchestes hirsutus,,3,1.05,,,0.00804972,skull filling
Chordata,Mammalia,Diprotodontia,Phalangeridae,Phalanger,Phalanger mimicus,,12,1.473,,,0.0092204,skull filling
Chordata,Mammalia,Diprotodontia,Phalangeridae,Phalanger,Phalanger carmelitae,,8,1.754,,,0.00879564,skull filling
Chordata,Mammalia,Diprotodontia,Potoroidae,Bettongia,Bettongia tropica,,2,1.015,,,0.00924112,skull filling
Chordata,Mammalia,Diprotodontia,Potoroidae,Potorous,Potorous tridactylus,,12,1.283,,,0.00987308,skull filling
Chordata,Mammalia,Diprotodontia,Phalangeridae,Phalanger,Phalanger vestitus,,10,1.85,,,0.00988344,skull filling
Chordata,Mammalia,Diprotodontia,Potoroidae,Bettongia,Bettongia penicillata,,9,0.981,,,0.00990416,skull filling
Chordata,Mammalia,Diprotodontia,Phalangeridae,Phalanger,Phalanger sericeus,,10,1.896,,,0.01031856,skull filling
Chordata,Mammalia,Diprotodontia,Phalangeridae,Wyulda,Wyulda squamicaudata,,1,1.5,,,0.0104636,skull filling
Chordata,Mammalia,Diprotodontia,Macropodidae,Onychogalea,Onychogalea lunata,,3,1.313,,,0.0105672,skull filling
Chordata,Mammalia,Diprotodontia,Potoroidae,Bettongia,Bettongia lesueur,,1,1.105,,,0.010878,skull filling
Chordata,Mammalia,Diprotodontia,Macropodidae,Petrogale,Petrogale concinna,,1,1.407,,,0.011396,skull filling
Chordata,Mammalia,Diprotodontia,Phalangeridae,Trichosurus,Trichosurus vulpecula,,16,1.902,,,0.011396,skull filling
Chordata,Mammalia,Diprotodontia,Potoroidae,Bettongia,Bettongia gaimardi,,5,1.273,,,0.0121212,skull filling
Chordata,Mammalia,Diprotodontia,Macropodidae,Dorcopsulus,Dorcopsulus vanheurni,,5,1.546,,,0.0122248,skull filling
Chordata,Mammalia,Diprotodontia,Phalangeridae,Trichosurus,Trichosurus caninus,,6,2.515,,,0.0122248,skull filling
Chordata,Mammalia,Diprotodontia,Potoroidae,Aepyprymnus,Aepyprymnus rufescens,,3,1.693,,,0.0127428,skull filling
Chordata,Mammalia,Diprotodontia,Macropodidae,Lagorchestes,Lagorchestes leporides,,3,1.598,,,0.0130536,skull filling
Chordata,Mammalia,Diprotodontia,Phalangeridae,Phalanger,Phalanger gymnotis,,8,3.264,,,0.013468,skull filling
Chordata,Mammalia,Diprotodontia,Phalangeridae,Spilocuscus,Spilocuscus maculatus,,8,3.127,,,0.0138824,skull filling
Chordata,Mammalia,Diprotodontia,Macropodidae,Dorcopsulus,Dorcopsulus macleayi,,2,2.5,,,0.013986,skull filling
Chordata,Mammalia,Diprotodontia,Macropodidae,Setonix,Setonix brachyurus,,11,1.931,,,0.0144004,skull filling
Chordata,Mammalia,Diprotodontia,Macropodidae,Lagorchestes,Lagorchestes conspicillatus,,2,2.015,,,0.014504,skull filling
Chordata,Mammalia,Diprotodontia,Macropodidae,Onychogalea,Onychogalea fraenata,,5,3.484,,,0.0152292,skull filling
Chordata,Mammalia,Diprotodontia,Macropodidae,Petrogale,Petrogale brachyotis,,2,2.494,,,0.01554,skull filling
Chordata,Mammalia,Diprotodontia,Macropodidae,Dorcopsis,Dorcopsis atrata,,3,6.333,,,0.0173012,skull filling
Chordata,Mammalia,Diprotodontia,Macropodidae,Onychogalea,Onychogalea unguifera,,3,5.242,,,0.0173012,skull filling
Chordata,Mammalia,Diprotodontia,Phalangeridae,Spilocuscus,Spilocuscus rufoniger,,3,6.181,,,0.0174048,skull filling
Chordata,Mammalia,Diprotodontia,Macropodidae,Petrogale,Petrogale mareeba,,1,3.186,,,0.017612,skull filling
Chordata,Mammalia,Diprotodontia,Macropodidae,Petrogale,Petrogale inornata,,1,2.262,,,0.017612,skull filling
Chordata,Mammalia,Diprotodontia,Macropodidae,Thylogale,Thylogale brunii,,1,5,,,0.01813,skull filling
Chordata,Mammalia,Diprotodontia,Macropodidae,Petrogale,Petrogale assimilis,,2,2.765,,,0.01813,skull filling
Chordata,Mammalia,Diprotodontia,Macropodidae,Thylogale,Thylogale stigmatica,,3,4.416,,,0.0184408,skull filling
Chordata,Mammalia,Diprotodontia,Macropodidae,Petrogale,Petrogale godmani,,2,3.276,,,0.018648,skull filling
Chordata,Mammalia,Diprotodontia,Macropodidae,Thylogale,Thylogale browni,,9,3.742,,,0.0189588,skull filling
Chordata,Mammalia,Diprotodontia,Macropodidae,Dendrolagus,Dendrolagus bennettianus,,4,2.078,,,0.019166,skull filling
Chordata,Mammalia,Diprotodontia,Macropodidae,Macropus,Macropus parma,,6,3.557,,,0.0193732,skull filling
Chordata,Mammalia,Diprotodontia,Macropodidae,Petrogale,Petrogale lateralis,,3,3.61,,,0.0198912,skull filling
Chordata,Mammalia,Diprotodontia,Macropodidae,Thylogale,Thylogale thetis,,3,3.694,,,0.0198912,skull filling
Chordata,Mammalia,Diprotodontia,Phascolarctidae,Phascolarctos,Phascolarctos cinereus,,20,5.888,,,0.0209272,skull filling
Chordata,Mammalia,Diprotodontia,Macropodidae,Dorcopsis,Dorcopsis muelleri,,4,5.4,,,0.0211344,skull filling
Chordata,Mammalia,Diprotodontia,Macropodidae,Dorcopsis,Dorcopsis luctuosa,,4,7.392,,,0.0213416,skull filling
Chordata,Mammalia,Diprotodontia,Macropodidae,Petrogale,Petrogale herberti,,5,3.977,,,0.0219632,skull filling
Chordata,Mammalia,Diprotodontia,Macropodidae,Petrogale,Petrogale persephone,,2,5.732,,,0.022274,skull filling
Chordata,Mammalia,Diprotodontia,Macropodidae,Thylogale,Thylogale billardieri,,7,3.618,,,0.0228956,skull filling
Chordata,Mammalia,Diprotodontia,Macropodidae,Dorcopsis,Dorcopsis hageni,,5,6.43,,,0.02331,skull filling
Chordata,Mammalia,Diprotodontia,Macropodidae,Petrogale,Petrogale xanthopus,,2,4.65,,,0.023828,skull filling
Chordata,Mammalia,Diprotodontia,Macropodidae,Macropus,Macropus eugenii,,3,4.425,,,0.0245532,skull filling
Chordata,Mammalia,Diprotodontia,Macropodidae,Petrogale,Petrogale penicillata,,10,5.99,,,0.0247604,skull filling
Chordata,Mammalia,Diprotodontia,Macropodidae,Macropus,Macropus irma,,5,4.684,,,0.0255892,skull filling
Chordata,Mammalia,Diprotodontia,Macropodidae,Macropus,Macropus greyi,,1,9.016,,,0.0259,skull filling
Chordata,Mammalia,Diprotodontia,Macropodidae,Dendrolagus,Dendrolagus lumholtzi,,3,4.366,,,0.0271432,skull filling
Chordata,Mammalia,Diprotodontia,Macropodidae,Dendrolagus,Dendrolagus ursinus,,2,5.009,,,0.0272468,skull filling
Chordata,Mammalia,Diprotodontia,Macropodidae,Dendrolagus,Dendrolagus matschiei,,1,4.16,,,0.02849,skull filling
Chordata,Mammalia,Diprotodontia,Macropodidae,Dendrolagus,Dendrolagus goodfellowi,,7,5.968,,,0.0294224,skull filling
Chordata,Mammalia,Diprotodontia,Macropodidae,Dendrolagus,Dendrolagus spadix,,1,4.947,,,0.029526,skull filling
Chordata,Mammalia,Diprotodontia,Macropodidae,Dendrolagus,Dendrolagus scottae,,3,8.666,,,0.0302512,skull filling
Chordata,Mammalia,Diprotodontia,Macropodidae,Macropus,Macropus dorsalis,,6,8.728,,,0.0302512,skull filling
Chordata,Mammalia,Diprotodontia,Macropodidae,Dendrolagus,Dendrolagus inustus,,5,10.119,,,0.0311836,skull filling
Chordata,Mammalia,Diprotodontia,Macropodidae,Dendrolagus,Dendrolagus dorianus,,7,7.879,,,0.0334628,skull filling
Chordata,Mammalia,Diprotodontia,Macropodidae,Wallabia,Wallabia bicolor,,6,8.949,,,0.0340844,skull filling
Chordata,Mammalia,Diprotodontia,Macropodidae,Macropus,Macropus agilis,,10,14.066,,,0.0344988,skull filling
Chordata,Mammalia,Diprotodontia,Macropodidae,Macropus,Macropus rufogriseus,,14,12.09,,,0.037296,skull filling
Chordata,Mammalia,Diprotodontia,Macropodidae,Macropus,Macropus parryi,,3,15.194,,,0.0427868,skull filling
Chordata,Mammalia,Diprotodontia,Vombatidae,Lasiorhinus,Lasiorhinus latifrons,,9,19.264,,,0.057498,skull filling
Chordata,Mammalia,Diprotodontia,Macropodidae,Macropus,Macropus antilopinus,,3,31.286,,,0.0588448,skull filling
Chordata,Mammalia,Diprotodontia,Macropodidae,Macropus,Macropus fuliginosus,,1,31.04,,,0.060088,skull filling
Chordata,Mammalia,Diprotodontia,Macropodidae,Macropus,Macropus robustus,,6,35.54,,,0.061124,skull filling
Chordata,Mammalia,Diprotodontia,Vombatidae,Vombatus,Vombatus ursinus,,18,27.192,,,0.061124,skull filling
Chordata,Mammalia,Diprotodontia,Macropodidae,Macropus,Macropus rufus,,8,44.841,,,0.0646464,skull filling
Chordata,Mammalia,Diprotodontia,Macropodidae,Macropus,Macropus giganteus,,2,38.977,,,0.0723128,skull filling
Chordata,Mammalia,Microbiotheria,Microbiotheriidae,Dromiciops,Dromiciops gliroides,,2,0.0214,,,0.00083916,skull filling
Chordata,Mammalia,Notoryctemorphia,Notoryctidae,Notoryctes,Notoryctes caurinus,,2,0.055,,,0.00080808,skull filling
Chordata,Mammalia,Paucituberculata,Caenolestidae,Rhyncholestes,Rhyncholestes raphanurus,,1,0.02,,,0.0006734,skull filling
Chordata,Mammalia,Paucituberculata,Caenolestidae,Caenolestes,Caenolestes fuliginosus,,1,0.0179,,,0.00070448,skull filling
Chordata,Mammalia,Peramelemorphia,Chaeropodidae,Chaeropus,Chaeropus ecaudatus,,1,0.327,,,0.0024864,skull filling
Chordata,Mammalia,Peramelemorphia,Peramelidae,Perameles,Perameles bougainville,,7,0.457,,,0.00332556,skull filling
Chordata,Mammalia,Peramelemorphia,Peramelidae,Echymipera,Echymipera kalubu,,18,0.697,,,0.00380212,skull filling
Chordata,Mammalia,Peramelemorphia,Peramelidae,Echymipera,Echymipera rufescens,,12,0.798,,,0.00386428,skull filling
Chordata,Mammalia,Peramelemorphia,Peramelidae,Microperoryctes,Microperoryctes longicauda,,14,0.479,,,0.00394716,skull filling
Chordata,Mammalia,Peramelemorphia,Thylacomyidae,Macrotis,Macrotis leucura,,1,0.877,,,0.0044548,skull filling
Chordata,Mammalia,Peramelemorphia,Peramelidae,Isoodon,Isoodon macrourus,,34,0.822,,,0.00457912,skull filling
Chordata,Mammalia,Peramelemorphia,Peramelidae,Echymipera,Echymipera clara,,8,1.207,,,0.00464128,skull filling
Chordata,Mammalia,Peramelemorphia,Peramelidae,Perameles,Perameles gunnii,,3,1.002,,,0.004662,skull filling
Chordata,Mammalia,Peramelemorphia,Peramelidae,Perameles,Perameles nasuta,,12,0.96,,,0.00513856,skull filling
Chordata,Mammalia,Peramelemorphia,Peramelidae,Peroryctes,Peroryctes raffrayana,,9,0.977,,,0.00655788,skull filling
Chordata,Mammalia,Peramelemorphia,Thylacomyidae,Macrotis,Macrotis lagotis,,11,1.859,,,0.00680652,skull filling
Chordata,Mammalia,Dasyuromorphia,Dasyuridae,Antechinus,Antechinus wilhelmina,,2,0.0182,,,0.00080808,skull filling
Chordata,Mammalia,Peramelemorphia,Peramelidae,Isoodon,Isoodon obesulus,,11,0.691,,,0.00403004,skull filling
Chordata,Mammalia,Didelphimorphia,Didelphidae,Marmosa,Marmosa mitis,,1,0.0505,,,0.0007252,skull filling
Chordata,Mammalia,Diprotodontia,Pseudocheiridae,Petauroides,Petauroides volans,,3,0.631,,,0.00521108,skull filling
Chordata,Mammalia,Diprotodontia,Macropodidae,Petrogale,Petrogale venusta,,1,2.127,,,0.017094,skull filling
Chordata,Mammalia,Diprotodontia,Pseudocheiridae,Pseudocheirus,Pseudocheirus occidentalis,,3,0.759,,,0.00578088,skull filling
Chordata,Mammalia,Diprotodontia,Phalangeridae,Trichosurus,Trichosurus fuliginosus,,1,3.492,,,0.012432,skull filling
Chordata,Mammalia,Eulipotyphla,Solenodontidae,Solenodon,Solenodon paradoxus,,1,0.9,,,0.00467,
Chordata,Mammalia,Afrosoricida,Tenrecidae,Tenrec,Tenrec ecaudatus,,1,0.832,,,0.00257,
Chordata,Mammalia,Afrosoricida,Tenrecidae,Setifer,Setifer setosus,,1,0.248,,,0.00151,
Chordata,Mammalia,Afrosoricida,Tenrecidae,Hemicentetes,Hemicentetes semispinosus,,1,0.11,,,0.00083,
Chordata,Mammalia,Afrosoricida,Tenrecidae,Echinops,Echinops telfairi,,1,0.0875,,,0.00062,
Chordata,Mammalia,Afrosoricida,Tenrecidae,Oryzorictes,Oryzorictes hova,,1,0.0442,,,0.00058,
Chordata,Mammalia,Afrosoricida,Tenrecidae,Microgale,Microgale cowani,,1,0.0152,,,0.00042,
Chordata,Mammalia,Afrosoricida,Tenrecidae,Microgale,Microgale dobsoni,,1,0.0326,,,0.00056,
Chordata,Mammalia,Afrosoricida,Tenrecidae,Limnogale,Limnogale mergulus,,1,0.092,,,0.00115,
Chordata,Mammalia,Afrosoricida,Tenrecidae,Potamogale,Potamogale velox,,1,0.66,,,0.0041,
Chordata,Mammalia,Eulipotyphla,Erinaceidae,Erinaceus,Erinaceus europaeus,,1,0.86,,,0.00335,
Chordata,Mammalia,Eulipotyphla,Soricidae,Sorex,Sorex minutus,,1,0.0053,,,1e-04,
Chordata,Mammalia,Eulipotyphla,Soricidae,Sorex,Sorex araneus,,1,0.0103,,,2e-04,
Chordata,Mammalia,Eulipotyphla,Soricidae,Blarina,Blarina brevicauda,,1,0.0185,,,0.00037,
Chordata,Mammalia,Eulipotyphla,Soricidae,Neomys,Neomys fodiens,,1,0.0152,,,0.00032,
Chordata,Mammalia,Eulipotyphla,Soricidae,Sylvisorex,Sylvisorex megalura,,1,0.0053,,,0.00015,
Chordata,Mammalia,Eulipotyphla,Soricidae,Sylvisorex,Sylvisorex lunaris,,1,0.0185,,,0.00034,
Chordata,Mammalia,Eulipotyphla,Soricidae,Suncus,Suncus murinus,,1,0.0355,,,0.00038,
Chordata,Mammalia,Eulipotyphla,Soricidae,Crocidura,Crocidura hildegardeae,,1,0.0106,,,0.00022,
Chordata,Mammalia,Eulipotyphla,Soricidae,Crocidura,Crocidura russula,,1,0.011,,,0.00019,
Chordata,Mammalia,Eulipotyphla,Soricidae,Crocidura,Crocidura niobe,,1,0.0115,,,0.00028,
Chordata,Mammalia,Eulipotyphla,Soricidae,Crocidura,Crocidura jacksoni,,1,0.0126,,,0.00025,
Chordata,Mammalia,Eulipotyphla,Soricidae,Crocidura,Crocidura occidenlalis,,1,0.028,,,0.00044,
Chordata,Mammalia,Eulipotyphla,Soricidae,Crocidura,Crocidura giffardi,,1,0.082,,,0.00055,
Chordata,Mammalia,Eulipotyphla,Soricidae,Crocidura,Crocidura pyrenaicus,,1,0.0575,,,0.00133,
Chordata,Mammalia,Soricomorpha,Talpidae,Desmana,Desmana moschata,,1,0.44,,,0.004,
Chordata,Mammalia,Eulipotyphla,Talpidae,Talpa,Talpa europaea,,1,0.076,,,0.00102,
Chordata,Mammalia,Eulipotyphla,Talpidae,Scalopus,Scalopus aquaticus,,1,0.0396,,,0.00116,
Chordata,Mammalia,Afrosoricida,Chrysochloridae,Chrysochloris,Chrysochloris asiatica,,1,0.049,,,7e-04,
Chordata,Mammalia,Afrosoricida,Chrysochloridae,Chrysochloris,Chrysochloris stuhlmanni,,1,0.0398,,,0.00074,
Chordata,Mammalia,Macroscelidea,Macroscelididae,Elephantulus,Elephantulus fuscipes,,1,0.057,,,0.00133,
Chordata,Mammalia,Macroscelidea,Macroscelididae,Rhynchocyon,Rhynchocyon stuhlmanni,,1,0.49,,,0.0061,
Chordata,Mammalia,Scandentia,Tupaiidae,Tupaia,Tupaia javanica,,1,0.105,,,0.00255,
Chordata,Mammalia,Scandentia,Tupaiidae,Tupaia,Tupaia glis,,1,0.15,,,0.00315,
Chordata,Mammalia,Scandentia,Tupaiidae,Urogale,Urogale everetti,,1,0.275,,,0.00428,
Chordata,Mammalia,Primates,Cheirogaleidae,Cheirogaleus,Cheirogaleus medius,,1,0.177,,,0.00314,
Chordata,Mammalia,Primates,Cheirogaleidae,Cheirogaleus,Cheirogaleus major,,1,0.45,,,0.0068,
Chordata,Mammalia,Primates,Cheirogaleidae,Microcebus,Microcebus murinus,,1,0.054,,,0.00178,
Chordata,Mammalia,Primates,Lemuridae,Prolemur,Prolemur simus,,1,1.3,,,0.00953,
Chordata,Mammalia,Primates,Lepilemuridae,Lepilemur,Lepilemur ruficaudatus,,1,0.915,,,0.0076,
Chordata,Mammalia,Primates,Lemuridae,Eulemur,Eulemur fulvus,,1,1.4,,,0.0233,
Chordata,Mammalia,Primates,Lemuridae,Eulemur,Eulemur albifrons,,1,1.54,,,0.0223,
Chordata,Mammalia,Primates,Lemuridae,Eulemur,Eulemur rufiventer,,1,1.4,,,0.0266,
Chordata,Mammalia,Primates,Lemuridae,Eulemur,Eulemur mongoz,,1,1.6,,,0.0241,
Chordata,Mammalia,Primates,Lemuridae,Eulemur,Eulemur catta,,1,1.96,,,0.022,
Chordata,Mammalia,Primates,Lemuridae,Eulemur,Eulemur macaco,,1,2.04,,,0.0235,
Chordata,Mammalia,Primates,Lemuridae,Eulemur,Eulemur variegatus,,1,3,,,0.0315,
Chordata,Mammalia,Primates,Indriidae,Avahi,Avahi occidentalis,,1,0.86,,,0.00967,
Chordata,Mammalia,Primates,Indriidae,Avahi,Avahi laniger,,1,1.27,,,0.01145,
Chordata,Mammalia,Primates,Indriidae,Propithecus,Propithecus coquereli,,1,3.48,,,0.0267,
Chordata,Mammalia,Primates,Indriidae,Indri,Indri indri,,1,6.25,,,0.0383,
Chordata,Mammalia,Primates,Daubentoniidae,Daubentonia,Daubentonia madagascariensis,,1,2.8,,,0.04515,
Chordata,Mammalia,Primates,Lorisidae,Loris,Loris tardigradus,,1,0.322,,,0.0066,
Chordata,Mammalia,Primates,Lorisidae,Nycticebus,Nycticebus coucang,,1,0.6,,,0.0125,
Chordata,Mammalia,Primates,Lorisidae,Perodicticus,Perodicticus potto,,1,1.15,,,0.014,
Chordata,Mammalia,Primates,Galagidae,Galagoides,Galagoides demidovii,,1,0.081,,,0.00338,
Chordata,Mammalia,Primates,Galagidae,Galagoides,Galagoides senegalensis,,1,0.186,,,0.0048,
Chordata,Mammalia,Primates,Galagidae,Galagoides,Galagoides crassicaudatus,,1,0.85,,,0.0103,
Chordata,Mammalia,Primates,Tarsiidae,Carlito,Carlito syrichta,,1,0.0875,,,0.00363,
Chordata,Mammalia,Primates,Tarsiidae,Tarsius,Tarsius spectrum,,1,0.17,,,0.00465,
Chordata,Mammalia,Chiroptera,Phyllostomatidae,Artibeus,Artibeus jamaicensis,,1,0.0375,,,0.00093,brain weighed
Chordata,Mammalia,Chiroptera,Phyllostomatidae,Artibeus,Artibeus lituratus,,1,0.0587,,,0.00105,brain weighed
Chordata,Mammalia,Chiroptera,Phyllostomatidae,Carollia,Carollia perspicillata,,1,0.016,,,0.00047,brain weighed
Chordata,Mammalia,Chiroptera,Pteropidae,Casinycteris,Casinycteris argynnis,,1,0.0405,,,0.00092,brain weighed
Chordata,Mammalia,Chiroptera,Pteropidae,Cynopterus,Cynopterus brachyotis,,1,0.029,,,0.00088,brain weighed
Chordata,Mammalia,Chiroptera,Pteropidae,Cynopterus,Cynopterus horsfieldi,,1,0.053,,,0.00123,brain weighed
Chordata,Mammalia,Chiroptera,Desmodontidae,Diaemus,Diaemus youngi,,1,0.0346,,,0.00097,brain weighed
Chordata,Mammalia,Chiroptera,Desmodontidae,Diaemus,Diaemus rotundus,,1,0.03,,,0.00086,brain weighed
Chordata,Mammalia,Chiroptera,Pteropidae,Eonycteris,Eonycteris spelea,,1,0.05,,,0.00118,brain weighed
Chordata,Mammalia,Chiroptera,Phyllostomatidae,Glossophaga,Glossophaga soricina,,1,0.0112,,,0.00039,brain weighed
Chordata,Mammalia,Chiroptera,Hipposideridae,Hipposideros,Hipposideros bicolor,,1,0.0084,,,0.00024,brain weighed
Chordata,Mammalia,Chiroptera,Hipposideridae,Hipposideros,Hipposideros caffer,,1,0.0107,,,0.00032,brain weighed
Chordata,Mammalia,Chiroptera,Pteropidae,Hypsignathus,Hypsignathus monstrosus,,1,0.34,,,0.0034,brain weighed
Chordata,Mammalia,Chiroptera,Phyllostomatidae,Leptonycteris,Leptonycteris curasoae,,1,0.0245,,,0.00055,brain weighed
Chordata,Mammalia,Chiroptera,Phyllostomatidae,Mimon,Mimon crenulatum,,1,0.0148,,,0.00034,brain weighed
Chordata,Mammalia,Chiroptera,Phyllostomatidae,Mormoops,Mormoops megalophylla,,1,0.0156,,,0.00042,brain weighed
Chordata,Mammalia,Chiroptera,Vespertilionidae,Myotis,Myotis bechsteini,,1,0.0075,,,0.000265,brain weighed
Chordata,Mammalia,Chiroptera,Vespertilionidae,Myotis,Myotis bocagei,,1,0.0076,,,0.00021,brain weighed
Chordata,Mammalia,Chiroptera,Vespertilionidae,Myotis,Myotis dasycneme,,1,0.015,,,0.00031,brain weighed
Chordata,Mammalia,Chiroptera,Vespertilionidae,Myotis,Myotis daubentoni,,1,0.007,,,0.00023,brain weighed
Chordata,Mammalia,Chiroptera,Vespertilionidae,Myotis,Myotis myotis,,1,0.025,,,0.00048,brain weighed
Chordata,Mammalia,Chiroptera,Vespertilionidae,Myotis,Myotis mystacinus,,1,0.004,,,0.00016,brain weighed
Chordata,Mammalia,Chiroptera,Vespertilionidae,Myotis,Myotis nattereri,,1,0.007,,,0.00022,brain weighed
Chordata,Mammalia,Chiroptera,Vespertilionidae,Myotis,Myotis nigricans,,1,0.0045,,,0.00012,brain weighed
Chordata,Mammalia,Chiroptera,Noctilionidae,Noctilio,Noctilio leporinus,,1,0.0585,,,0.00126,brain weighed
Chordata,Mammalia,Chiroptera,Nycteridae,Nycteris,Nycteris arge,,1,0.0106,,,0.00036,brain weighed
Chordata,Mammalia,Chiroptera,Vespertilionidae,Nyctalus,Nyctalus noctula,,1,0.025,,,0.000369,brain weighed
Chordata,Mammalia,Chiroptera,Phyllostomatidae,Phyllostomus,Phyllostomus discolor,,1,0.033,,,0.00089,brain weighed
Chordata,Mammalia,Chiroptera,Phyllostomatidae,Pteronotus,Pteronotus davyi,,1,0.0106,,,0.00031,brain weighed
Chordata,Mammalia,Chiroptera,Rhinolophidae,Rhinolophus,Rhinolophus hipposideros,,1,0.00715,,,0.000235,brain weighed
Chordata,Mammalia,Chiroptera,Emballonuridae,Rhynchonycteris,Rhynchonycteris naso,,1,0.0043,,,0.00011,brain weighed
Chordata,Mammalia,Chiroptera,Pteropidae,Rousettus,Rousettus aegyptiacus,,1,0.13,,,0.0026,brain weighed
Chordata,Mammalia,Chiroptera,Emballonuridae,Saccopteryx,Saccopteryx bilineata,,1,0.008,,,0.00022,brain weighed
Chordata,Mammalia,Chiroptera,Phyllostomatidae,Sturnira,Sturnira lilium,,1,0.0171,,,0.00052,brain weighed
Chordata,Mammalia,Chiroptera,Phyllostomatidae,Uroderma,Uroderma bilobatum,,1,0.0164,,,0.00053,brain weighed
Chordata,Mammalia,Chiroptera,Phyllostomatidae,Vampyrops,Vampyrops helleri,,1,0.0116,,,0.00042,brain weighed
Chordata,Mammalia,Chiroptera,Vespertilionidae,Vespertilio,Vespertilio serotinus,,1,0.0234,,,0.00031,brain weighed
Chordata,Mammalia,Chiroptera,Vespertilionidae,Vespertilio,Vespertilio murinus,,1,0.0333,,,0.000445,brain weighed
Chordata,Mammalia,Chiroptera,Vespertilionidae,Scotophilus,Scotophilus gigas,,1,0.101,,,0.001046,brain weighed
Chordata,Mammalia,Chiroptera,Vespertilionidae,Miniopterus,Miniopterus schreibers,,1,0.0127,,,0.00029,brain weighed
Chordata,Mammalia,Chiroptera,Molossidae,Tadarida,Tadarida albiventer,,1,0.0115,,,0.00022,brain weighed
Chordata,Mammalia,Chiroptera,Molossidae,Chaerophon,Chaerophon limbatus,,1,0.0133,,,0.00029,brain weighed
Chordata,Mammalia,Chiroptera,Molossidae,Chaerophon,Chaerophon Ieucostigma,,1,0.0265,,,0.00039,brain weighed
Chordata,Mammalia,Chiroptera,Molossidae,Molossus,Molossus major,,1,0.013,,,0.00026,brain weighed
Chordata,Mammalia,Chiroptera,Molossidae,Molossus,Molossus ate,,1,0.0281,,,0.00048,brain weighed
Chordata,Mammalia,Chiroptera,Pteropidae,Pteropus,Pteropus vampyru,,1,1.22,,,0.0102,brain weighed
Chordata,Mammalia,Chiroptera,Pteropidae,Epomophorus,Epomophorus gambianus,,1,0.309,,,0.00433,brain weighed
Chordata,Mammalia,Chiroptera,Pteropidae,Pteropus,Pteropus edwarsi,,1,0.287,,,0.008,brain weighed
Chordata,Mammalia,Primates,Cercopithecidae,Semnopithecus,Semnopithecus entellus,,1,7.01,,,0.1115,
Chordata,Mammalia,Primates,Cercopithecidae,Semnopithecus,Semnopithecus entellus,,1,4.4,,,0.105,
Chordata,Mammalia,Primates,Cercopithecidae,Cercopithecus,Cercopithecus callitrichus,,1,3,,,0.0815,
Chordata,Mammalia,Primates,Cercopithecidae,Cercopithecus,Cercopithecus griseoviridis,,1,1.908,,,0.06,
Chordata,Mammalia,Primates,Cercopithecidae,Cercopithecus,Cercopithecus cynosurus,,1,2.92,,,0.072,
Chordata,Mammalia,Primates,Cercopithecidae,Cercopithecus,Cercopithecus sabaeus,,1,1.44,,,0.0748,
Chordata,Mammalia,Primates,Cercopithecidae,Cercopithecus,Cercopithecus rufoviridis,,1,2.05,,,0.051,
Chordata,Mammalia,Primates,Cercopithecidae,Papio,Papio cynocephalus,,1,,,,0.197,
Chordata,Mammalia,Primates,Cercopithecidae,Cercocebus,Cercocebus fuliginosus,,1,3.09,,,0.1035,
Chordata,Mammalia,Primates,Cercopithecidae,Cercocebus,Cercocebus fuliginosus,,1,,,,0.1305,
Chordata,Mammalia,Primates,Cercopithecidae,Cercocebus,Cercocebus fuliginosus,,1,,,,0.1018,
Chordata,Mammalia,Primates,Cercopithecidae,Cercocebus,Cercocebus fuliginosus,,1,2.25,,,0.1,
Chordata,Mammalia,Primates,Cercopithecidae,Cercocebus,Cercocebus fuliginosus,,1,7.735,,,0.0926,
Chordata,Mammalia,Primates,Cercopithecidae,Cercocebus,Cercocebus fuliginosus,,1,2.815,,,0.085,
Chordata,Mammalia,Primates,Cercopithecidae,Macaca,Macaca fascicularis,,1,4.035,,,0.079,
Chordata,Mammalia,Primates,Cercopithecidae,Macaca,Macaca fascicularis,,1,2.05,,,0.0757,
Chordata,Mammalia,Primates,Cercopithecidae,Macaca,Macaca fascicularis,,1,1.425,,,0.0739,
Chordata,Mammalia,Primates,Cercopithecidae,Macaca,Macaca fascicularis,,1,1.21,,,0.066,
Chordata,Mammalia,Primates,Cercopithecidae,Macaca,Macaca fascicularis,,1,,,,0.068,
Chordata,Mammalia,Primates,Cercopithecidae,Macaca,Macaca fascicularis,,1,1.98,,,0.0623,
Chordata,Mammalia,Primates,Cercopithecidae,Macaca,Macaca fascicularis,,1,,,,0.056,
Chordata,Mammalia,Primates,Cercopithecidae,Macaca,Macaca fascicularis,,1,2.49,,,0.0537,
Chordata,Mammalia,Primates,Cercopithecidae,Macaca,Macaca pileatus,,1,2.22,,,0.0601,
Chordata,Mammalia,Primates,Cercopithecidae,Macaca,Macaca pileatus,,1,1.72,,,0.0562,
Chordata,Mammalia,Primates,Cercopithecidae,Macaca,Macaca sylvanus,,1,,,,0.0877,
Chordata,Mammalia,Primates,Cercopithecidae,Macaca,Macaca rhesus,,1,,,,0.1057,
Chordata,Mammalia,Primates,Cercopithecidae,Macaca,Macaca rhesus,,1,3.845,,,0.1008,
Chordata,Mammalia,Primates,Cercopithecidae,Macaca,Macaca rhesus,,1,,,,0.097,
Chordata,Mammalia,Primates,Cercopithecidae,Macaca,Macaca rhesus,,1,1.752,,,0.0831,
Chordata,Mammalia,Primates,Cercopithecidae,Macaca,Macaca rhesus,,1,2.634,,,0.082,
Chordata,Mammalia,Primates,Cercopithecidae,Macaca,Macaca rhesus,,1,1.86,,,0.081,
Chordata,Mammalia,Primates,Cercopithecidae,Macaca,Macaca rhesus,,1,2.625,,,0.0802,
Chordata,Mammalia,Primates,Cercopithecidae,Macaca,Macaca rhesus,,1,1.985,,,0.0789,
Chordata,Mammalia,Primates,Cercopithecidae,Macaca,Macaca rhesus,,1,1.42,,,0.0784,
Chordata,Mammalia,Primates,Cercopithecidae,Macaca,Macaca assamensis,,1,3.655,,,0.0905,
Chordata,Mammalia,Primates,Cercopithecidae,Macaca,Macaca leonina,,1,2.05,,,0.09,
Chordata,Mammalia,Primates,Cercopithecidae,Macaca,Macaca nemestrina,,1,6.625,,,0.117,
Chordata,Mammalia,Primates,Atelidae,Ateles,Ateles paniscus,,1,2.55,,,0.12,
Chordata,Mammalia,Primates,Atelidae,Ateles,Ateles paniscus,,1,2.035,,,0.1083,
Chordata,Mammalia,Primates,Atelidae,Ateles,Ateles paniscus,,1,2.305,,,0.1088,
Chordata,Mammalia,Primates,Cebidae,Cebus,Cebus capucinus,,1,1.92,,,0.061,
Chordata,Mammalia,Primates,Cebidae,Cebus,Cebus capucinus,,1,0.9697,,,0.0637,
Chordata,Mammalia,Primates,Cebidae,Cebus,Cebus olivaceus,,1,1.262,,,0.0725,
Chordata,Mammalia,Primates,Cebidae,Sapajus,Sapajus libidinosus,,1,2.645,,,0.0577,
Chordata,Mammalia,Primates,Cebidae,Sapajus,Sapajus libidinosus,,1,2.52,,,0.0965,
Chordata,Mammalia,Primates,Cebidae,Cebus,Cebus apella,,1,,,,0.0665,
Chordata,Mammalia,Primates,Atelidae,Alouatta,Alouatta caraya,,1,2.955,,,0.0456,
Chordata,Mammalia,Primates,Atelidae,Lagothrix,Lagothrix lagothricha,,1,2.55,,,0.0925,
Chordata,Mammalia,Primates,Aotidae,Aotus,Aotus trivirgatus,,1,0.48,,,0.0155,
Chordata,Mammalia,Primates,Cebidae,Saimiri,Saimiri sciureus,,1,0.3285,,,0.0235,
Chordata,Mammalia,Primates,Cebidae,Saimiri,Saimiri sciureus,,1,0.365,,,0.0212,
Chordata,Mammalia,Primates,Cebidae,Callithrix,Callithrix jacchus,,1,0.242,,,0.009,
Chordata,Mammalia,Primates,Cebidae,Callithrix,Callithrix jacchus,,1,0.169,,,0.0072,
Chordata,Mammalia,Primates,Cebidae,Callithrix,Callithrix jacchus,,1,0.225,,,0.0067,
Chordata,Mammalia,Primates,Cebidae,Callithrix,Callithrix jacchus,,1,0.221,,,0.009,
Chordata,Mammalia,Primates,Cebidae,Callithrix,Callithrix jacchus,,1,0.155,,,0.0073,
Chordata,Mammalia,Primates,Cebidae,Callithrix,Callithrix jacchus,,1,0.187,,,0.0076,
Chordata,Mammalia,Primates,Cebidae,Callithrix,Callithrix jacchus,,1,0.235,,,0.0072,
Chordata,Mammalia,Primates,Cebidae,Leontopithecus,Leontopithecus rosalia,,1,,,,0.014,
Chordata,Mammalia,Primates,Cebidae,Leontopithecus,Leontopithecus rosalia,,1,0.407,,,0.0127,
Chordata,Mammalia,Primates,Cebidae,Midas,Midas ursulus,,1,0.225,,,0.0084,
Chordata,Mammalia,Primates,Indriidae,Propithecus,Propithecus coronatus,,1,,,,0.0316,
Chordata,Mammalia,Primates,Lemuridae,Eulemur,Eulemur macaco,,1,1.29,,,0.0245,
Chordata,Mammalia,Primates,Lemuridae,Eulemur,Eulemur macaco,,1,1.2485,,,0.024,
Chordata,Mammalia,Primates,Lemuridae,Eulemur,Eulemur macaco,,1,1.94,,,0.022,
Chordata,Mammalia,Primates,Lemuridae,Eulemur,Eulemur rufriventer,,1,1.015,,,0.0249,
Chordata,Mammalia,Primates,Lemuridae,Eulemur,Eulemur rufriventer,,1,1.79,,,0.0283,
Chordata,Mammalia,Primates,Lemuridae,Eulemur,Eulemur albifrons,,1,1.54,,,0.0223,
Chordata,Mammalia,Primates,Lemuridae,Eulemur,Eulemur mongoz,,1,1.808,,,0.0232,
Chordata,Mammalia,Primates,Lemuridae,Eulemur,Eulemur mongoz,,1,1.305,,,0.0258,
Chordata,Mammalia,Primates,Lemuridae,Eulemur,Eulemur mongoz,,1,1.565,,,0.0231,
Chordata,Mammalia,Primates,Lemuridae,Lemur,Lemur catta,,1,2.35,,,0.0208,
Chordata,Mammalia,Primates,Lorisidae,Perodicticus,Perodicticus potto,,1,0.538,,,0.0109,
Chordata,Mammalia,Primates,Lorisidae,Nycticebus,Nycticebus tardigradus,,1,0.527,,,0.0144,
Chordata,Mammalia,Primates,Lorisidae,Nycticebus,Nycticebus tardigradus,,1,0.365,,,0.0105,
Chordata,Mammalia,Chiroptera,Pteropodidae,Pteropus,Pteropus giganteus,,1,0.382,,,0.01,
Chordata,Mammalia,Chiroptera,Pteropodidae,Pteropus,Pteropus giganteus,,1,0.414,,,0.007,
Chordata,Mammalia,Chiroptera,Pteropodidae,Pteropus,Pteropus giganteus,,1,0.325,,,0.0062,
Chordata,Mammalia,Chiroptera,Pteropodidae,Pteropus,Pteropus giganteus,,1,0.405,,,0.0063,
Chordata,Mammalia,Chiroptera,Pteropodidae,Pteropus,Pteropus giganteus,,1,0.323,,,0.0075,
Chordata,Mammalia,Chiroptera,Pteropodidae,Pteropus,Pteropus giganteus,,1,0.38,,,0.0073,
Chordata,Mammalia,Chiroptera,Pteropodidae,Pteropus,Pteropus giganteus,,1,0.395,,,0.0068,
Chordata,Mammalia,Eulipotyphla,Erinaceidae,Erinaceus,Erinaceus europaeus,,1,0.718,,,0.0065,
Chordata,Mammalia,Eulipotyphla,Erinaceidae,Erinaceus,Erinaceus europaeus,,1,0.669,,,0.0036,
Chordata,Mammalia,Eulipotyphla,Erinaceidae,Erinaceus,Erinaceus europaeus,,1,0.515,,,0.0035,
Chordata,Mammalia,Eulipotyphla,Erinaceidae,Erinaceus,Erinaceus europaeus,,1,0.497,,,0.003,
Chordata,Mammalia,Eulipotyphla,Erinaceidae,Erinaceus,Erinaceus europaeus,,1,0.925,,,0.0033,
Chordata,Mammalia,Eulipotyphla,Erinaceidae,Erinaceus,Erinaceus europaeus,,1,0.92,,,0.0035,
Chordata,Mammalia,Eulipotyphla,Erinaceidae,Erinaceus,Erinaceus europaeus,,1,0.985,,,0.0033,
Chordata,Mammalia,Eulipotyphla,Erinaceidae,Erinaceus,Erinaceus europaeus,,1,0.448,,,0.0035,
Chordata,Mammalia,Eulipotyphla,Erinaceidae,Erinaceus,Erinaceus europaeus,,1,0.69,,,0.003,
Chordata,Mammalia,Eulipotyphla,Talpidae,Talpa,Talpa europaea,,1,0.077,,,0.0015,
Chordata,Mammalia,Carnivora,Ailuridae,Ailurus,Ailurus fulgens,,1,5.59,,,0.0468,
Chordata,Mammalia,Carnivora,Mustelidae,Mustela,Mustela putorius,,1,,,,0.0075,
Chordata,Mammalia,Carnivora,Mustelidae,Mustela,Mustela putorius,,1,0.415,,,0.0066,
Chordata,Mammalia,Carnivora,Mustelidae,Mustela,Mustela erminea,,1,0.179,,,0.0046,
Chordata,Mammalia,Carnivora,Mustelidae,Mustela,Mustela erminea,,1,0.098,,,0.004,
Chordata,Mammalia,Carnivora,Mustelidae,Mustela,Mustela erminea,,1,0.102,,,0.0033,
Chordata,Mammalia,Carnivora,Mustelidae,Galictis,Galictis vittata,,1,0.92,,,0.0153,
Chordata,Mammalia,Carnivora,Mustelidae,Eira,Eira barbara,,1,2,,,0.0442,
Chordata,Mammalia,Carnivora,Canidae,Canis,Canis mesomelas,,1,8,,,0.0548,
Chordata,Mammalia,Carnivora,Canidae,Vulpes,Vulpes vulpes,,1,2.91,,,0.0468,
Chordata,Mammalia,Carnivora,Canidae,Vulpes,Vulpes vulpes,,1,2.55,,,0.0436,
Chordata,Mammalia,Carnivora,Canidae,Vulpes,Vulpes vulpes,,1,4.235,,,0.0505,
Chordata,Mammalia,Carnivora,Canidae,Vulpes,Vulpes vulpes,,1,,,,0.054,
Chordata,Mammalia,Dasyuromorphia,Herpestidae,Mungos,Mungos mungo,,1,0.93,,,0.0108,
Chordata,Mammalia,Dasyuromorphia,Viverridae,Paradoxurus,Paradoxurus hermaphroditus,,1,3.047,,,0.0237,
Chordata,Mammalia,Dasyuromorphia,Viverridae,Paradoxurus,Paradoxurus hermaphroditus,,1,,,,0.0282,
Chordata,Mammalia,Dasyuromorphia,Dasyuridae,Dasyurus,Dasyurus viverrinus,,1,,,,0.0048,
Chordata,Mammalia,Carnivora,Viverridae,Arctictis,Arctictis binturong,,1,,,,0.0424,
Chordata,Mammalia,Carnivora,Herpestidae,Herpestes,Herpestes smithii,,1,1.205,,,0.0146,
Chordata,Mammalia,Carnivora,Viverridae,Genetta,Genetta pardina,,1,1.032,,,0.0154,
Chordata,Mammalia,Carnivora,Felidae,Caracal,Caracal caracal,,1,7.67,,,0.0519,
Chordata,Mammalia,Carnivora,Felidae,Felis,Felis silvestris,,1,3.96,,,0.032,
Chordata,Mammalia,Carnivora,Felidae,Felis,Felis silvestris,,1,3.62,,,0.03,
Chordata,Mammalia,Carnivora,Felidae,Felis,Felis silvestris,,1,3.46,,,0.0251,
Chordata,Mammalia,Carnivora,Felidae,Felis,Felis silvestris,,1,3.743,,,0.0328,
Chordata,Mammalia,Carnivora,Felidae,Felis,Felis silvestris,,1,2.577,,,0.0285,
Chordata,Mammalia,Carnivora,Felidae,Felis,Felis silvestris,,1,3.48,,,0.0252,
Chordata,Mammalia,Carnivora,Felidae,Felis,Felis silvestris,,1,3.58,,,0.0248,
Chordata,Mammalia,Carnivora,Felidae,Felis,Felis silvestris,,1,2.58,,,0.0215,
Chordata,Mammalia,Carnivora,Felidae,Panthera,Panthera leo,,1,84,,,0.2595,
Chordata,Mammalia,Rodentia,Sciuridae,Rubrisciurus,Rubrisciurus rubriventer,,1,0.365,,,0.0069,
Chordata,Mammalia,Rodentia,Sciuridae,Rubrisciurus,Rubrisciurus rubriventer,,1,0.365,,,0.0065,
Chordata,Mammalia,Rodentia,Sciuridae,Sciurus,Sciurus niger,,1,0.328,,,0.0072,
Chordata,Mammalia,Rodentia,Sciuridae,Marmota,Marmota sibirica,,1,1.89,,,0.0181,
Chordata,Mammalia,Rodentia,Sciuridae,Ictidomys,Ictidomys tridecemlineatus,,1,0.2,,,0.0022,
Chordata,Mammalia,Rodentia,Sciuridae,Ictidomys,Ictidomys tridecemlineatus,,1,0.115,,,0.0024,
Chordata,Mammalia,Rodentia,Gliridae,Glis,Glis glis,,1,0.148,,,0.0019,
Chordata,Mammalia,Rodentia,Cricetidae,Cricetus,Cricetus cricetus,,1,0.297,,,0.0022,
Chordata,Mammalia,Rodentia,Muridae,Rattus,Rattus norvegicus,,1,0.465,,,0.00875,
Chordata,Mammalia,Rodentia,Muridae,Rattus,Rattus norvegicus,,1,0.254,,,0.0073,
Chordata,Mammalia,Rodentia,Muridae,Gerbillus,Gerbillus gerbillus,,1,0.095,,,0.0034,
Chordata,Mammalia,Rodentia,Gliridae,Muscardinus,Muscardinus avellanarius,,1,0.013,,,5e-04,
Chordata,Mammalia,Rodentia,Dipodidae,Allactaga,Allactaga saliens,,1,0.193,,,0.0035,
Chordata,Mammalia,Rodentia,Dipodidae,Jaculus,Jaculus orientalis,,1,0.098,,,0.0025,
Chordata,Mammalia,Rodentia,Capromyidae,Capromys,Capromys pilorides,,1,0.155,,,0.0045,
Chordata,Mammalia,Rodentia,Hystricidae,Atherurus,Atherurus africanus,,1,3.629,,,0.0253,
Chordata,Mammalia,Rodentia,Chinchillidae,Lagidium,Lagidium viscacia,,1,2.252,,,0.016,
Chordata,Mammalia,Rodentia,Chinchillidae,Lagidium,Lagidium viscacia,,1,2.35,,,0.0152,
Chordata,Mammalia,Rodentia,Chinchillidae,Lagidium,Lagidium viscacia,,1,3.845,,,0.0148,
Chordata,Mammalia,Rodentia,Chinchillidae,Lagidium,Lagidium viscacia,,1,1.395,,,0.0143,
Chordata,Mammalia,Rodentia,Cuniculidae,Cuniculus,Cuniculus paca,,1,5.635,,,0.0358,
Chordata,Mammalia,Rodentia,Caviidae,Dolichotis,Dolichotis patagonum,,1,,,,0.0305,
Chordata,Mammalia,Rodentia,Caviidae,Cavia,Cavia porcellus,,1,0.348,,,0.0064,
Chordata,Mammalia,Rodentia,Caviidae,Cavia,Cavia porcellus,,1,0.648,,,0.0041,
Chordata,Mammalia,Rodentia,Caviidae,Cavia,Cavia porcellus,,1,0.493,,,0.0038,
Chordata,Mammalia,Rodentia,Caviidae,Cavia,Cavia porcellus,,1,0.1065,,,0.0029,
Chordata,Mammalia,Rodentia,Caviidae,Cavia,Cavia apera,,1,0.088,,,0.0028,
Chordata,Mammalia,Lagomorpha,Leporidae,Lepus,Lepus europaeus,,1,,,,0.0178,
Chordata,Mammalia,Lagomorpha,Leporidae,Oryctolagus,Oryctolagus cuniculus,,1,2.844,,,0.0137,
Chordata,Mammalia,Lagomorpha,Leporidae,Oryctolagus,Oryctolagus cuniculus,,1,2.217,,,0.0106,
Chordata,Mammalia,Lagomorpha,Leporidae,Oryctolagus,Oryctolagus cuniculus,,1,0.622,,,0.00905,
Chordata,Mammalia,Hyracoidea,Procaviidae,Procavia,Procavia capensis,,1,1.92,,,0.02,
Chordata,Mammalia,Hyracoidea,Procaviidae,Procavia,Procavia capensis,,1,0.6,,,0.0148,
Chordata,Mammalia,Artiodactyla,Tayassuidae,Pecari,Pecari tajacu,,1,,,,0.0853,
Chordata,Mammalia,Artiodactyla,Suidae,Sus,Sus scrofa,,1,,,,0.1698,
Chordata,Mammalia,Artiodactyla,Cervidae,Cervus,Cervus canadensis,,1,200,,,0.4093,
Chordata,Mammalia,Artiodactyla,Cervidae,Odocoileus,Odocoileus hemionus,,1,,,,0.195,
Chordata,Mammalia,Artiodactyla,Cervidae,Rusa,Rusa timorensis,,1,,,,0.1976,
Chordata,Mammalia,Artiodactyla,Bovidae,Boselaphus,Boselaphus tragocamelus,,1,125,,,0.2555,
Chordata,Mammalia,Artiodactyla,Bovidae,Boselaphus,Boselaphus tragocamelus,,1,125,,,0.288,
Chordata,Mammalia,Artiodactyla,Bovidae,Capra,Capra aegagrus,,1,,,,0.1306,
Chordata,Mammalia,Artiodactyla,Bovidae,Capra,Capra aegagrus,,1,,,,0.0858,
Chordata,Mammalia,Artiodactyla,Bovidae,Bos,Bos taurus,,1,,,,0.307,
Chordata,Mammalia,Cingulata,Chlamyphoridae,Euphractus,Euphractus sexcinctus,,1,7.99,,,0.0335,
Chordata,Mammalia,Pilosa,Bradypodidae,Bradypus,Bradypus tridactylus,,1,4.097,,,0.0249,
Chordata,Mammalia,Diprotodontia,Phalangeridae,Trichosurus,Trichosurus vulpecula,,1,1.62,,,0.0114,
Chordata,Mammalia,Diprotodontia,Macropodidae,Macropus,Macropus robustus,,1,,,,0.0358,
Chordata,Mammalia,Diprotodontia,Macropodidae,Onychogalea,Onychogalea fraenata,,1,1.433,,,0.0135,
Chordata,Mammalia,Didelphimorphia,Didelphidae,Didelphis,Didelphis marsupialis,,1,1.7,,,0.0063,
Annelida,Clitellata,Haplotaxida,Lumbricidae,Lumbricus,Lumbricus terrestris,,10,0.00609,,,2.14e-05,brain weighed
Arthropoda,Insecta,Blattodea,Blattidae,Periplaneta,Periplaneta americana,,5,9.2e-05,,,1.95e-07,brain weighed
Arthropoda,Insecta,Orthoptera,Acrididae,Melanoplus,Melanoplus femurrubrum,,54,0.000458,,,2.33e-06,brain weighed
Arthropoda,Insecta,Blattodea,Blaberidae,Blaberus,Blaberus craniifer,,35,0.004727,,,9.7e-06,brain weighed
Mollusca,Gastropoda,Stylommatophora,Limacidae,Limax,Limax maximus,,5,0.00417,,,1.33e-05,brain weighed
Chordata,Amphibia,Anura,Ranidae,Rana,Rana catesbeiana,male,6,0.5199,,,0.0004625,brain weighed
Chordata,Reptilia,Squamata,Iguanidae,Phrynosoma,Phrynosoma coronatum,male,2,0.025,,,0.0001383,brain weighed
Chordata,Reptilia,Squamata,Iguanidae,Phrynosoma,Phrynosoma coronatum,female,3,0.0249,,,0.0001269,brain weighed
Chordata,Aves,Passeriformes,Icteridae,Quiscalus,Quiscalus quiscula aeneus,male,1,0.082,,,0.00292,brain weighed
Chordata,Aves,Passeriformes,Turdidae,Sialia,Sialia sialis,female,1,0.034,,,0.001281,brain weighed
Chordata,Aves,Passeriformes,Turdidae,Sialia,Sialia sialis,male,1,0.029,,,0.001392,brain weighed
Chordata,Aves,Accipitriformes,Accipitridae,Buteo,Buteo vulpinus,male,1,0.558,,,0.00799,brain weighed
Chordata,Aves,Accipitriformes,Cathartidae,Cathartes,Cathartes aura,male,1,0.494,,,0.0093,brain weighed
Chordata,Aves,Passeriformes,Mimidae,Dumetella,Dumetella carolinensis,female,1,0.033,,,0.001412,brain weighed
Chordata,Aves,Passeriformes,Fringillidae,Serinus,Serinus canaria,male,1,0.0171,,,0.000848,brain weighed
Chordata,Aves,Passeriformes,Fringillidae,Serinus,Serinus canaria,female,1,0.0153,,,0.000564,brain weighed
Chordata,Aves,Passeriformes,Icteridae,Molothrus,Molothrus ater,female,1,0.066,,,0.002693,brain weighed
Chordata,Aves,Gruiformes,Gruidae,Balearica,Balearica pavonina,female,1,4.071,,,0.01354,brain weighed
Chordata,Aves,Gruiformes,Gruidae,Balearica,Balearica pavonina,male,1,4.825,,,0.01285,brain weighed
Chordata,Aves,Gruiformes,Gruidae,Antigone,Antigone canadensis,male,1,1.651,,,0.00858,brain weighed
Chordata,Aves,Passeriformes,Corvidae,Corvus,Corvus brachyrhynchos,male,1,0.337,,,0.0093,brain weighed
Chordata,Aves,Charadriiformes,Alcidae,Alle,Alle alle,female,1,0.102,,,0.00193,brain weighed
Chordata,Aves,Charadriiformes,Alcidae,Alle,Alle alle,male,1,0.104,,,0.00192,brain weighed
Chordata,Aves,Anseriformes,Anatidae,Anas,Anas acuta,female,1,0.67,,,0.0049548,brain weighed
Chordata,Aves,Accipitriformes,Accipitridae,Haliaeetus,Haliaeetus vocifer,female,1,3.5,,,0.01293,brain weighed
Chordata,Aves,Accipitriformes,Accipitridae,Aquila,Aquila rapax,female,2,2.625,,,0.01409,brain weighed
Chordata,Aves,Accipitriformes,Accipitridae,Aquila,Aquila rapax,male,1,1.67,,,0.01362,brain weighed
Chordata,Aves,Accipitriformes,Accipitridae,Aquila,Aquila rapax,male,1,2.438,,,0.01391,brain weighed
Chordata,Aves,Pelecaniformes,Ardeidae,Casmerodius,Casmerodius albus,female,1,1.03,,,0.00612,brain weighed
Chordata,Aves,Pelecaniformes,Ardeidae,Ardea,Ardea intermedia,male,1,0.525,,,0.0047,brain weighed
Chordata,Aves,Phoenicopteriformes,Phoenicopteridae,Phoeniconaias,Phoeniconaias minor,female,1,1.483,,,0.00699,brain weighed
Chordata,Aves,Phoenicopteriformes,Phoenicopteridae,Phoeniconaias,Phoeniconaias minor,male,1,1.598,,,0.00805,brain weighed
Chordata,Aves,Galliformes,Phasianidae,Gallus,Gallus bankiva,female,1,1.263,,,0.003916,brain weighed
Chordata,Aves,Galliformes,Phasianidae,Gallus,Gallus bankiva,male,1,2.2,,,0.00355,brain weighed
Chordata,Aves,Anseriformes,Anatidae,Alopochen,Alopochen aegyptiaca,female,1,1.935,,,0.00764,brain weighed
Chordata,Aves,Galliformes,Numididdae,Numida,Numida meleagris,male,1,1.62,,,0.0042,brain weighed
Chordata,Aves,Charadriiformes,Laridae,Larus,Larus philadelphia,male,1,0.205,,,0.00249,brain weighed
Chordata,Aves,Charadriiformes,Laridae,Larus,Larus argentatus,female,2,0.535,,,0.00508,brain weighed
Chordata,Aves,Charadriiformes,Laridae,Larus,Larus delawarensis,female,1,0.72,,,0.00872,brain weighed
Chordata,Aves,Procellariiformes,Procellariidae,Puffinus,Puffinus griseus,female,1,0.268,,,0.00301,brain weighed
Chordata,Aves,Accipitriformes,Accipitridae,Accipiter,Accipiter striatus,female,1,0.52,,,0.0057,brain weighed
Chordata,Aves,Falconiformes,Falconidae,Falco,Falco sparverius,male,1,0.112,,,0.00251,brain weighed
Chordata,Aves,Bucerotiformes,Bucorvidae,Bucorvus,Bucorvus leadbeateri,male,1,2.15,,,0.02625,brain weighed
Chordata,Aves,Apodiformes,Trochilidae,Amazilia,Amazilia tzacatl,female,1,0.0048,,,0.0001998,brain weighed
Chordata,Aves,Gaviiformes,Gaviidae,Gavia,Gavia stellata,female,1,1.53,,,0.00612,brain weighed
Chordata,Aves,Gaviiformes,Gaviidae,Gavia,Gavia stellata,male,2,1.568,,,0.00638,brain weighed
Chordata,Aves,Suliformes,Fregatidae,Fregata,Fregata aquila,female,1,1.405,,,0.00945,brain weighed
Chordata,Aves,Anseriformes,Anatidae,Mergus,Mergus serrator,female,1,0.77,,,0.005289,brain weighed
Chordata,Aves,Struthioniformes,Struthionidae,Struthio,Struthio camelus,male,1,123,,,0.04211,brain weighed
Chordata,Aves,Stringiformes,Strigidae,Bubo,Bubo virginianus,male,1,1.177,,,0.0137,brain weighed
Chordata,Aves,Galliformes,Phasianidae,Dendroperdix,Dendroperdix sephaena,male,1,0.208,,,0.0015,brain weighed
Chordata,Aves,Pelecaniformes,Pelecanidae,Pelicanus,Pelicanus occidentalis,female,2,3.29,,,0.01745,brain weighed
Chordata,Aves,Galliformes,Phasianidae,Phasianus,Phasianus colchicus,male,1,0.625,,,0.003289,brain weighed
Chordata,Aves,Passeriformes,Tyrannidae,Sayornis,Sayornis phoebe,male,1,0.0181,,,0.000793,brain weighed
Chordata,Aves,Passeriformes,Tyrannidae,Sayornis,Sayornis phoebe,female,1,0.0175,,,0.00075,brain weighed
Chordata,Aves,Columbiformes,Columbiformes,Columba,Columba livia,female,1,0.247,,,0.002285,brain weighed
Chordata,Aves,Columbiformes,Columbiformes,Columba,Columba livia,male,3,0.282,,,0.002694,brain weighed
Chordata,Aves,Galliformes,Phasianidae,Lagopus,Lagopus lagopus,male,3,0.542,,,0.002377,brain weighed
Chordata,Aves,Galliformes,Phasianidae,Lagopus,Lagopus lagopus,female,1,0.54,,,0.0028,brain weighed
Chordata,Aves,Passeriformes,Turdidae,Turdus,Turdus migratorius,male,2,0.0693,,,0.00209,brain weighed
Chordata,Aves,Anseriformes,Anatidae,Aythya,Aythya marila,female,1,0.787,,,0.0047859,brain weighed
Chordata,Aves,Passeriformes,Passeridae,Passer,Passer domesticus,female,11,0.02326,,,0.0010185,brain weighed
Chordata,Aves,Passeriformes,Passeridae,Passer,Passer domesticus,male,75,0.02357,,,0.0010278,brain weighed
Chordata,Aves,Passeriformes,Passerellidae,Melospiza,Melospiza melodia,female,1,0.021,,,0.0011,brain weighed
Chordata,Aves,Ciconiiformes,Ciconiidae,Ciconia,Ciconia abdimii,male,1,0.95,,,0.0073,brain weighed
Chordata,Aves,Ciconiiformes,Ciconiidae,Ciconia,Ciconia ciconia,male,1,3.35,,,0.01624,brain weighed
Chordata,Aves,Ciconiiformes,Ciconiidae,Ciconia,Ciconia ciconia,female,2,3.334,,,0.01578,brain weighed
Chordata,Aves,Pelecaniformes,Scopidae,Scopus,Scopus umbretta,male,1,0.3175,,,0.00393,brain weighed
Chordata,Aves,Ciconiiformes,Ciconiidae,Leptoptilos,Leptoptilos crumeniferus,male,2,7.13,,,0.03014,brain weighed
Chordata,Aves,Passeriformes,Hirundinidae,Hirundo,Hirundo rustica,male,1,0.0215,,,0.000904,brain weighed
Chordata,Aves,Passeriformes,Hirundinidae,Hirundo,Hirundo rustica,female,2,0.021,,,0.000879,brain weighed
Chordata,Aves,Anseriformes,Anatidae,Anas,Anas carolinensis,female,1,0.305,,,0.003116,brain weighed
Chordata,Aves,Passeriformes,Sturnidae,Sturnus,Sturnus vulgaris,female,10,0.05835,,,0.0018248,brain weighed
Chordata,Aves,Passeriformes,Sturnidae,Sturnus,Sturnus vulgaris,male,15,0.05736,,,0.0018701,brain weighed
Chordata,Aves,Accipitriformes,Accipitridae,Gyps,Gyps africanus,female,1,5.27,,,0.0196,brain weighed
Chordata,Mammalia,Carnivora,Ursidae,Ursus,Ursus arctos,female,1,142.88,,,0.2339,brain weighed
Chordata,Mammalia,Carnivora,Ursidae,Ursus,Ursus maritimus,male,1,199.57,,,0.489,brain weighed
Chordata,Mammalia,Carnivora,Ursidae,Ursus,Ursus maritimus,female,1,317,,,0.507,brain weighed
Chordata,Mammalia,Carnivora,Viverridae,Spilogale,Spilogale arizonae,female,1,,,,0.006,brain weighed
Chordata,Mammalia,Carnivora,Felidae,Felis,Felis silestris,,2,1.542,,,0.018,brain weighed
Chordata,Mammalia,Carnivora,Felidae,Felis,Felis silestris,female,2,2.885,,,0.02346,brain weighed
Chordata,Mammalia,Carnivora,Felidae,Felis,Felis silestris,male,5,3.778,,,0.02837,brain weighed
Chordata,Mammalia,Carnivora,Felidae,Felis,Felis silestris,male,1,5.012,,,0.02823,brain weighed
Chordata,Mammalia,Carnivora,Viverridae,Genetta,Genetta tigrina,male,2,1.302,,,0.01589,brain weighed
Chordata,Mammalia,Carnivora,Viverridae,Genetta,Genetta tigrina,female,1,1.525,,,0.01535,brain weighed
Chordata,Mammalia,Carnivora,Procyonidae,Bassariscus,Bassariscus astutus,male,1,,,,0.0171,brain weighed
Chordata,Mammalia,Carnivora,Felidae,Felis,Felis silvestris,female,1,2.7,,,0.02848,brain weighed
Chordata,Mammalia,Carnivora,Felidae,Acinonyx,Acinonyx jubatus,male,1,22.2,,,,
Chordata,Mammalia,Carnivora,Felidae,Acinonyx,Acinonyx jubatus,male,1,40.82,,,,
Chordata,Mammalia,Carnivora,Procyonidae,Nasua,Nasua narica,,1,,,,0.0233,brain weighed
Chordata,Mammalia,Carnivora,Procyonidae,Nasua,Nasua narica,male,1,6.25,,,0.04417,brain weighed
Chordata,Mammalia,Carnivora,Canidae,Canis,Canis latrans,female,1,8.51,,,0.08424,brain weighed
Chordata,Mammalia,Carnivora,Canidae,Canis,Canis latrans,female,1,,,,0.08,brain weighed
Chordata,Mammalia,Carnivora,Canidae,Canis,Canis familiaris,male,1,14.56,,,0.07999,brain weighed
Chordata,Mammalia,Carnivora,Canidae,Canis,Canis familiaris,female,2,12.47,,,0.08114,brain weighed
Chordata,Mammalia,Carnivora,Canidae,Canis,Canis familiaris,male,1,24.49,,,0.1059,brain weighed
Chordata,Mammalia,Carnivora,Canidae,Canis,Canis familiaris,male,2,31.75,,,0.1307,brain weighed
Chordata,Mammalia,Carnivora,Canidae,Canis,Canis familiaris,male,1,26.94,,,0.0793,brain weighed
Chordata,Mammalia,Carnivora,Canidae,Canis,Canis familiaris,female,2,14.75,,,0.06653,brain weighed
Chordata,Mammalia,Carnivora,Canidae,Canis,Canis familiaris,male,2,11.26,,,0.0876,brain weighed
Chordata,Mammalia,Carnivora,Canidae,Canis,Canis familiaris,female,4,23.71,,,0.08463,brain weighed
Chordata,Mammalia,Carnivora,Canidae,Canis,Canis familiaris,,1,19.28,,,0.09,brain weighed
Chordata,Mammalia,Carnivora,Canidae,Canis,Canis familiaris,male,1,38.42,,,0.0952,brain weighed
Chordata,Mammalia,Carnivora,Canidae,Otocyon,Otocyon megalotis,female,1,3.335,,,0.02609,brain weighed
Chordata,Mammalia,Carnivora,Canidae,Urocyon,Urocyon cinereoargenteus,female,2,,,,0.032,brain weighed
Chordata,Mammalia,Carnivora,Canidae,Urocyon,Urocyon cinereoargenteus,male,1,3.749,,,0.03728,brain weighed
Chordata,Mammalia,Carnivora,Canidae,Urocyon,Urocyon cinereoargenteus,male,4,,,,0.0352,brain weighed
Chordata,Mammalia,Carnivora,Canidae,Vulpes,Vulpes fulva,female,1,4.625,,,0.0533,brain weighed
Chordata,Mammalia,Carnivora,Canidae,Vulpes,Vulpes lagopus,male,1,3.385,,,0.0445,brain weighed
Chordata,Mammalia,Carnivora,Hyaenidae,Crocuta,Crocuta crocuta,,2,62.37,,,0.175,brain weighed
Chordata,Mammalia,Carnivora,Canidae,Canis,Canis mesomelas,male,2,2.85,,,0.046,brain weighed
Chordata,Mammalia,Carnivora,Felidae,Panthera,Panthera onca,female,1,34.47,,,0.147,brain weighed
Chordata,Mammalia,Carnivora,Procyonidae,Potos,Potos flavus,female,1,2.62,,,0.03105,brain weighed
Chordata,Mammalia,Carnivora,Felidae,Panthera,Panthera pardus,male,1,48,,,0.135,brain weighed
Chordata,Mammalia,Carnivora,Felidae,Puma,Puma concolor,male,1,28.79,,,0.1067,brain weighed
Chordata,Mammalia,Carnivora,Herpestidae,Ichneumia,Ichneumia albicauda,male,1,4.4,,,0.0283,brain weighed
Chordata,Mammalia,Carnivora,Procyonidae,Procyon,Procyon lotor,,1,5.175,,,0.04,brain weighed
Chordata,Mammalia,Carnivora,Procyonidae,Procyon,Procyon lotor,female,1,2.226,,,0.03355,brain weighed
Chordata,Mammalia,Carnivora,Procyonidae,Procyon,Procyon lotor,female,1,4.536,,,0.0405,brain weighed
Chordata,Mammalia,Carnivora,Procyonidae,Procyon,Procyon lotor,male,1,5.216,,,0.0427,brain weighed
Chordata,Mammalia,Carnivora,Mephitidae,Mephitis,Mephitis mephitis,male,1,1.7,,,0.0103,brain weighed
Chordata,Mammalia,Carnivora,Mephitidae,Mephitis,Mephitis mephitis,female,2,2.26,,,0.01,brain weighed
Chordata,Mammalia,Carnivora,Mephitidae,Conepatus,Conepatus mesoleucus,male,2,,,,0.0155,brain weighed
Chordata,Mammalia,Carnivora,Mephitidae,Conepatus,Conepatus mesoleucus,female,1,,,,0.016,brain weighed
Chordata,Mammalia,Carnivora,Felidae,Leptailurus,Leptailurus serval,male,1,9.955,,,0.06674,brain weighed
Chordata,Mammalia,Carnivora,Felidae,Leptailurus,Leptailurus serval,female,2,5.819,,,0.05316,brain weighed
Chordata,Mammalia,Carnivora,Felidae,Panthera,Panthera tigris,female,1,160,,,0.225,brain weighed
Chordata,Mammalia,Carnivora,Felidae,Panthera,Panthera tigris,male,1,209,,,0.302,brain weighed
Chordata,Mammalia,Carnivora,Mustelidae,Mustela,Mustela arctica,male,3,0.1693,,,0.00564,brain weighed
Chordata,Mammalia,Carnivora,Mustelidae,Mustela,Mustela arctica,female,1,0.121,,,0.00347,brain weighed
Chordata,Mammalia,Carnivora,Canidae,Canis,Canis lupus,male,1,22.68,,,0.119,brain weighed
Chordata,Mammalia,Carnivora,Canidae,Canis,Canis lubilus,male,1,29.94,,,0.152,brain weighed
Chordata,Mammalia,Chiroptera,Phyllostomidae,Desmodus,Desmodus rotundus,,5,0.028,,,0.000936,brain weighed
Chordata,Mammalia,Pilosa,Myrmecophagidae,Tamanduas,Tamanduas tetradactyla,,2,3.692,,,0.025,brain weighed
Chordata,Mammalia,Cingulata,Dasypodidae,Dasypus,Dasypus novemcinctus,male,1,2.086,,,0.0095,brain weighed
Chordata,Mammalia,Cingulata,Dasypodidae,Dasypus,Dasypus novemcinctus,,10,3.401,,,0.0075,brain weighed
Chordata,Mammalia,Pilosa,Bradypodidae,Bradypus,Bradypus griseus,,1,0.676,,,0.015,brain weighed
Chordata,Mammalia,Pilosa,Bradypodidae,Bradypus,Bradypus griseus,female,1,1.115,,,0.014,brain weighed
Chordata,Mammalia,Pilosa,Bradypodidae,Bradypus,Bradypus griseus,male,1,1.601,,,0.013,brain weighed
Chordata,Mammalia,Pilosa,Bradypodidae,Bradypus,Bradypus griseus,,4,2.005,,,,
Chordata,Mammalia,Pilosa,Bradypodidae,Bradypus,Bradypus griseus,,1,2.894,,,0.015,brain weighed
Chordata,Mammalia,Pilosa,Bradypodidae,Bradypus,Bradypus griseus,,10,3.121,,,0.0151,brain weighed
Chordata,Mammalia,Pilosa,Bradypodidae,Bradypus,Bradypus griseus,female,1,3.774,,,0.018,brain weighed
Chordata,Mammalia,Pilosa,Megalonychidae,Choloepus,Choloepus hoffmanni,,7,4.825,,,0.02307,brain weighed
Chordata,Mammalia,Pilosa,Megalonychidae,Choloepus,Choloepus hoffmanni,female,1,5.271,,,0.026,brain weighed
Chordata,Mammalia,Eulipotyphla,Talpidae,Scalopus,Scalopus aquaticus,male,1,0.0396,,,0.00116,brain weighed
Chordata,Mammalia,Eulipotyphla,Soricidae,Blarina,Blarina brevicauda,female,39,0.0163,,,0.0003443,brain weighed
Chordata,Mammalia,Eulipotyphla,Soricidae,Blarina,Blarina brevicauda,male,29,0.0188,,,0.000352,brain weighed
Chordata,Mammalia,Didelphimorphia,Didelphidae,Didelphis,Didelphis marsupialis,,4,1.147,,,0.0048,brain weighed
Chordata,Mammalia,Primates,Cercopithecidae,Papio,Papio cynocephalus,male,1,19.51,,,0.175,brain weighed
Chordata,Mammalia,Primates,Cercopithecidae,Cercopithecus,Cercopithecus mitis,female,1,1.22,,,0.0503,brain weighed
Chordata,Mammalia,Primates,Cercopithecidae,Cercopithecus,Cercopithecus mitis,male,2,2.9,,,0.06146,brain weighed
Chordata,Mammalia,Primates,Cercopithecidae,Cercopithecus,Cercopithecus mitis,male,1,4.55,,,0.0666,brain weighed
Chordata,Mammalia,Primates,Atelidae,Alouatta,Alouatta palliata,,28,6.174,,,0.05034,brain weighed
Chordata,Mammalia,Primates,Atelidae,Alouatta,Alouatta palliata,female,2,4.309,,,0.05425,brain weighed
Chordata,Mammalia,Primates,Atelidae,Alouatta,Alouatta palliata,female,2,6.577,,,0.05405,brain weighed
Chordata,Mammalia,Primates,Atelidae,Alouatta,Alouatta palliata,male,2,7.938,,,0.05345,brain weighed
Chordata,Mammalia,Primates,Atelidae,Alouatta,Alouatta palliata,,6,3.119,,,0.0423,brain weighed
Chordata,Mammalia,Primates,Atelidae,Lagothrix,Lagothrix lagothricha,female,1,5.26,,,0.0862,brain weighed
Chordata,Mammalia,Primates,Galagidae,Galago,Galago senegalensis,female,1,0.2,,,0.005,brain weighed
Chordata,Mammalia,Primates,Lemuridae,Lemur,Lemur catta,female,1,1.725,,,0.0218,brain weighed
Chordata,Mammalia,Primates,Cercopithecidae,Macacus,Macacus mulatta,female,7,3.627,,,0.0931,brain weighed
Chordata,Mammalia,Primates,Cercopithecidae,Macacus,Macacus mulatta,male,4,3.292,,,0.0917,brain weighed
Chordata,Mammalia,Primates,Cercopithecidae,Macacus,Macacus mulatta,female,11,9.163,,,0.109,brain weighed
Chordata,Mammalia,Primates,Cercopithecidae,Macacus,Macacus mulatta,male,6,8.89,,,0.118,brain weighed
Chordata,Mammalia,Primates,Atelidae,Ateles,Ateles dariensis,male,6,8.89,,,0.1184,brain weighed
Chordata,Mammalia,Primates,Cercopithecidae,Cercopithecus,Cercopithecus sp.,male,2,4.937,,,0.0607,brain weighed
Chordata,Mammalia,Primates,Cercopithecidae,Cercopithecus,Cercopithecus aethiops,male,4,3.955,,,0.06089,brain weighed
Chordata,Mammalia,Primates,Cebidae,Cebus,Cebus capucinus,female,4,2.718,,,0.0716,brain weighed
Chordata,Mammalia,Primates,Cebidae,Cebus,Cebus capucinus,male,5,3.833,,,0.0733,brain weighed
Chordata,Mammalia,Primates,Cebidae,Cebus,Cebus capucinus,,14,3.101,,,0.07218,brain weighed
Chordata,Mammalia,Primates,Cebidae,Saimiri,Saimiri oerstedii,,60,0.607,,,0.0199,brain weighed
Chordata,Mammalia,Primates,Cebidae,Saimiri,Saimiri oerstedii,male,3,0.907,,,0.0253,brain weighed
Chordata,Mammalia,Primates,Cebidae,Saimiri,Saimiri oerstedii,female,3,0.603,,,0.025,brain weighed
Chordata,Mammalia,Primates,Hominidae,Pan,Pan troglodytes,male,1,25.85,,,0.4305,brain weighed
Chordata,Mammalia,Primates,Hominidae,Pan,Pan troglodytes,male,1,56.69,,,0.44,brain weighed
Chordata,Mammalia,Primates,Hominidae,Pan,Pan troglodytes,female,1,43.99,,,0.325,brain weighed
Chordata,Mammalia,Primates,Hominidae,Gorilla,Gorilla gorilla,male,1,181,,,,
Chordata,Mammalia,Primates,Hominidae,Homo,Homo sapiens,male,1,57.2,,,1.248,brain weighed
Chordata,Mammalia,Primates,Hominidae,Homo,Homo sapiens,male,1,,,,1.297,brain weighed
Chordata,Mammalia,Primates,Hominidae,Homo,Homo sapiens,male,1,,,,1.268,brain weighed
Chordata,Mammalia,Primates,Hominidae,Homo,Homo sapiens,male,1,95,,,1.235,brain weighed
Chordata,Mammalia,Primates,Hominidae,Homo,Homo sapiens,male,1,42,,,1.27,brain weighed
Chordata,Mammalia,Primates,Hominidae,Homo,Homo sapiens,male,1,43.4,,,1.375,brain weighed
Chordata,Mammalia,Primates,Hominidae,Homo,Homo sapiens,male,1,49.9,,,1.4,brain weighed
Chordata,Mammalia,Primates,Hominidae,Homo,Homo sapiens,male,1,36.3,,,1.28,brain weighed
Chordata,Mammalia,Primates,Hominidae,Homo,Homo sapiens,male,1,45,,,1.19,brain weighed
Chordata,Mammalia,Primates,Hominidae,Homo,Homo sapiens,male,1,37,,,1.1,brain weighed
Chordata,Mammalia,Primates,Hominidae,Homo,Homo sapiens,female,1,45.8,,,1,brain weighed
Chordata,Mammalia,Primates,Hominidae,Homo,Homo sapiens,female,1,,,,1.109,brain weighed
Chordata,Mammalia,Primates,Hominidae,Homo,Homo sapiens,male,1,,,,1.513,brain weighed
Chordata,Mammalia,Primates,Hominidae,Homo,Homo sapiens,male,1,76.2,,,1.348,brain weighed
Chordata,Mammalia,Primates,Hominidae,Homo,Homo sapiens,male,1,86.2,,,1.265,brain weighed
Chordata,Mammalia,Primates,Hominidae,Homo,Homo sapiens,male,1,71.2,,,1.28,brain weighed
Chordata,Mammalia,Primates,Hominidae,Homo,Homo sapiens,male,4,73,,,1.365,brain weighed
Chordata,Mammalia,Primates,Hominidae,Homo,Homo sapiens,male,1,78.5,,,1.54,brain weighed
Chordata,Mammalia,Primates,Hominidae,Homo,Homo sapiens,male,1,36,,,1.327,brain weighed
Chordata,Mammalia,Primates,Hominidae,Homo,Homo sapiens,female,1,61,,,1.2,brain weighed
Chordata,Mammalia,Primates,Hominidae,Homo,Homo sapiens,female,1,46,,,1.16,brain weighed
Chordata,Mammalia,Primates,Hominidae,Homo,Homo sapiens,female,1,43,,,1.24,brain weighed
Chordata,Mammalia,Primates,Hominidae,Homo,Homo sapiens,female,1,63,,,1.18,brain weighed
Chordata,Mammalia,Primates,Hominidae,Homo,Homo sapiens,female,1,43,,,1.35,brain weighed
Chordata,Mammalia,Primates,Hominidae,Homo,Homo sapiens,female,1,44,,,1.3,brain weighed
Chordata,Mammalia,Primates,Hominidae,Homo,Homo sapiens,female,1,45,,,1.14,brain weighed
Chordata,Mammalia,Primates,Hominidae,Homo,Homo sapiens,male,1,51,,,1.5,brain weighed
Chordata,Mammalia,Primates,Hominidae,Homo,Homo sapiens,male,1,83,,,1.42,brain weighed
Chordata,Mammalia,Primates,Hominidae,Homo,Homo sapiens,male,1,56,,,1.57,brain weighed
Chordata,Mammalia,Primates,Hominidae,Homo,Homo sapiens,male,1,61,,,1.49,brain weighed
Chordata,Mammalia,Primates,Hominidae,Homo,Homo sapiens,male,1,51,,,1.31,brain weighed
Chordata,Mammalia,Primates,Hominidae,Homo,Homo sapiens,male,1,81.6,,,1.35,brain weighed
Chordata,Mammalia,Primates,Hominidae,Homo,Homo sapiens,male,1,,,,1.45,brain weighed
Chordata,Mammalia,Primates,Hominidae,Homo,Homo sapiens,male,1,79.4,,,1.274,brain weighed
Chordata,Mammalia,Primates,Hominidae,Homo,Homo sapiens,male,1,81.6,,,1.13,brain weighed
Chordata,Mammalia,Primates,Hominidae,Homo,Homo sapiens,male,1,74,,,1.377,brain weighed
Chordata,Mammalia,Primates,Hominidae,Homo,Homo sapiens,male,1,50,,,1.48,brain weighed
Chordata,Mammalia,Primates,Hominidae,Homo,Homo sapiens,male,1,65.8,,,1.31,brain weighed
Chordata,Mammalia,Primates,Hominidae,Homo,Homo sapiens,male,1,74.8,,,1.41,brain weighed
Chordata,Mammalia,Primates,Hominidae,Homo,Homo sapiens,male,1,74.3,,,1.36,brain weighed
Chordata,Mammalia,Primates,Hominidae,Homo,Homo sapiens,male,1,,,,1.3,brain weighed
Chordata,Mammalia,Primates,Hominidae,Homo,Homo sapiens,female,1,57,,,1.351,brain weighed
Chordata,Mammalia,Primates,Hominidae,Homo,Homo sapiens,male,3,68,,,1.411,brain weighed
Chordata,Reptilia,Crocodilia,Alligatoridae,Alligator,Alligator mississippiensis,female,1,52.4,,,0.00723,brain weighed
Chordata,Reptilia,Crocodilia,Alligatoridae,Alligator,Alligator mississippiensis,male,1,109,,,0.0084,brain weighed
Chordata,Reptilia,Crocodilia,Alligatoridae,Alligator,Alligator mississippiensis,male,1,173,,,0.0112,brain weighed
Chordata,Reptilia,Crocodilia,Alligatoridae,Alligator,Alligator mississippiensis,male,1,205,,,0.01408,brain weighed
Chordata,Reptilia,Crocodilia,Crocodylidae,Crocodylus,Crocodylus acutus,male,1,134,,,0.0156,brain weighed
Chordata,Reptilia,Squamata,Helodermatidae,Heloderma,Heloderma suspectum,female,1,0.514,,,0.000729,brain weighed
Chordata,Reptilia,Squamata,Iguanidae,Amblyrhynchus,Amblyrhynchus cristatus,female,1,4.19,,,0.00144,brain weighed
Chordata,Reptilia,Squamata,Lacertidae,Lacerta,Lacerta viridis,female,1,0.026,,,0.000134,brain weighed
Chordata,Reptilia,Squamata,Colubridae,Coluber,Coluber constrictor,female,1,0.59,,,0.000271,brain weighed
Chordata,Reptilia,Squamata,Colubridae,Coluber,Coluber constrictor,male,1,0.286,,,0.000303,brain weighed
Chordata,Reptilia,Squamata,Colubridae,Coluber,Coluber constrictor,female,1,0.417,,,0.000299,brain weighed
Chordata,Reptilia,Squamata,Boidae,Boa,Boa constrictor,female,1,1.829,,,0.00044,brain weighed
Chordata,Reptilia,Squamata,Colubridae,Thamnophis,Thamnophis sirtalis,female,1,0.052,,,7.7e-05,brain weighed
Chordata,Reptilia,Squamata,Colubridae,Thamnophis,Thamnophis sirtalis,,1,0.057,,,0.000123,brain weighed
Chordata,Reptilia,Squamata,Pythonidae,Python,Python bivittatus,male,1,6.14,,,0.001123,brain weighed
Chordata,Reptilia,Squamata,Viperidae,Agkistrodon,Agkistrodon piscivorus,female,1,0.728,,,0.00064,brain weighed
Chordata,Reptilia,Testudines,Emydidae,Clemmys,Clemmys guttata,male,1,2.163,,,0.00136,brain weighed
Chordata,Reptilia,Testudines,Chelydridae,Chelydra,Chelydra serpentina,female,1,5.125,,,0.00098,brain weighed
Chordata,Reptilia,Testudines,Cheloniidae,Chelonia,Chelonia mydas,female,1,68.04,,,0.00582,brain weighed
Chordata,Reptilia,Testudines,Cheloniidae,Chelonia,Chelonia mydas,male,1,114.3,,,0.0086,brain weighed
Chordata,Reptilia,Testudines,Trionychidae,Apalone,Apalone forex,female,1,3.253,,,0.0025,brain weighed
Chordata,Reptilia,Testudines,Chelydridae,Macrochelys,Macrochelys lacertina,male,1,1.848,,,0.00101,brain weighed
Chordata,Mammalia,Rodentia,Dasyproctidae,Dasyprocta,Dasyprocta punctata,,2,3.172,,,0.01834,brain weighed
Chordata,Mammalia,Rodentia,Dasyproctidae,Dasyprocta,Dasyprocta punctata,,3,3.627,,,0.02185,brain weighed
Chordata,Mammalia,Rodentia,Dasyproctidae,Dasyprocta,Dasyprocta punctata,male,1,4.559,,,0.048,brain weighed
Chordata,Mammalia,Rodentia,Castoridae,Castor,Castor canadensis,male,1,4.18,,,0.02548,brain weighed
Chordata,Mammalia,Rodentia,Castoridae,Castor,Castor canadensis,female,1,5.83,,,0.02952,brain weighed
Chordata,Mammalia,Rodentia,Caviidae,Hydrochoerus,Hydrochoerus isthmius,,2,27.67,,,0.05221,brain weighed
Chordata,Mammalia,Rodentia,Sciuridae,Tamias,Tamias striatus,female,2,0.075,,,0.0016,brain weighed
Chordata,Mammalia,Rodentia,Sciuridae,Tamias,Tamias striatus,male,2,,,,0.00222,brain weighed
Chordata,Mammalia,Rodentia,Sciuridae,Tamias,Tamias striatus,male,4,,,,0.00173,brain weighed
Chordata,Mammalia,Rodentia,Geomyidae,Thomomys,Thomomys sp.,female,5,,,,0.00133,brain weighed
Chordata,Mammalia,Rodentia,Geomyidae,Thomomys,Thomomys sp.,female,2,,,,0.0012,brain weighed
Chordata,Mammalia,Rodentia,Caviidae,Cavia,Cavia porcellus,,1,0.351,,,0.00363,brain weighed
Chordata,Mammalia,Rodentia,Caviidae,Cavia,Cavia porcellus,male,2,0.361,,,0.0041,brain weighed
Chordata,Mammalia,Rodentia,Caviidae,Cavia,Cavia porcellus,female,2,0.324,,,0.0038,brain weighed
Chordata,Mammalia,Rodentia,Caviidae,Cavia,Cavia porcellus,female,56,0.21494,,,0.00332,brain weighed
Chordata,Mammalia,Rodentia,Caviidae,Cavia,Cavia porcellus,male,46,0.21457,,,0.00328,brain weighed
Chordata,Mammalia,Rodentia,Caviidae,Cavia,Cavia porcellus,female,10,0.432,,,0.004,brain weighed
Chordata,Mammalia,Rodentia,Caviidae,Cavia,Cavia porcellus,male,10,0.456,,,0.00423,brain weighed
Chordata,Mammalia,Lagomorpha,Leporidae,Lepus,Lepus capensis,female,1,2.93,,,0.01023,brain weighed
Chordata,Mammalia,Lagomorpha,Leporidae,Lepus,Lepus arcticus,female,2,1.901,,,0.01436,brain weighed
Chordata,Mammalia,Lagomorpha,Leporidae,Lepus,Lepus arcticus,male,2,2.64,,,0.0139,brain weighed
Chordata,Mammalia,Rodentia,Cricetidae,Lemmus,Lemmus trimucronatus,female,4,0.032,,,0.001126,brain weighed
Chordata,Mammalia,Rodentia,Cricetidae,Lemmus,Lemmus trimucronatus,male,1,0.048,,,0.001312,brain weighed
Chordata,Mammalia,Rodentia,Cricetidae,Dicrostonyx,Dicrostonyx groenlandicus,male,4,0.0521,,,0.0008983,brain weighed
Chordata,Mammalia,Rodentia,Cricetidae,Dicrostonyx,Dicrostonyx groenlandicus,,3,0.0552,,,0.0008447,brain weighed
Chordata,Mammalia,Rodentia,Muridae,Mastomys,Mastomys coucha,male,1,0.0218,,,0.0007132,brain weighed
Chordata,Mammalia,Rodentia,Dipodidae,Zapus,Zapus hudsonicus,female,3,0.0193,,,0.0006961,brain weighed
Chordata,Mammalia,Rodentia,Dipodidae,Zapus,Zapus hudsonicus,male,1,0.0152,,,0.000522,brain weighed
Chordata,Mammalia,Rodentia,Cricetidae,Microtus,Microtus drummondi,male,67,0.0237,,,0.0006606,brain weighed
Chordata,Mammalia,Rodentia,Cricetidae,Microtus,Microtus drummondi,female,42,0.0229,,,0.0006464,brain weighed
Chordata,Mammalia,Rodentia,Cricetidae,Microtus,Microtus drummondi,female,4,0.0325,,,0.0006724,brain weighed
Chordata,Mammalia,Rodentia,Cricetidae,Microtus,Microtus pennsylvanicus,female,42,0.0252,,,0.0007166,brain weighed
Chordata,Mammalia,Rodentia,Cricetidae,Microtus,Microtus pennsylvanicus,male,53,0.0279,,,0.0007394,brain weighed
Chordata,Mammalia,Rodentia,Cricetidae,Microtus,Microtus pennsylvanicus,female,10,0.0413,,,0.0007635,brain weighed
Chordata,Mammalia,Rodentia,Cricetidae,Peromyscus,Peromyscus sp.,male,14,0.0122,,,0.000407,brain weighed
Chordata,Mammalia,Rodentia,Cricetidae,Peromyscus,Peromyscus sp.,female,2,0.0184,,,0.0004511,brain weighed
Chordata,Mammalia,Rodentia,Cricetidae,Peromyscus,Peromyscus sp.,female,8,0.02,,,0.000443,brain weighed
Chordata,Mammalia,Rodentia,Cricetidae,Ondatra,Ondatra zibethicus,male,1,0.9,,,0.00533,brain weighed
Chordata,Mammalia,Rodentia,Erethizontidae,Erethizon,Erethizon dorsatum,female,1,2.8,,,0.03077,brain weighed
Chordata,Mammalia,Rodentia,Erethizontidae,Erethizon,Erethizon dorsatum,female,2,2.725,,,0.02122,brain weighed
Chordata,Mammalia,Rodentia,Erethizontidae,Erethizon,Erethizon dorsatum,male,1,3.41,,,0.01915,brain weighed
Chordata,Mammalia,Rodentia,Sciuridae,Cynomys,Cynomys gunnisoni,male,1,,,,0.0056,brain weighed
Chordata,Mammalia,Lagomorpha,Leporidae,Sylvilagus,Sylvilagus audubonii,male,2,,,,0.00725,brain weighed
Chordata,Mammalia,Lagomorpha,Leporidae,Lepus,Lepus sp.,male,2,3.68,,,0.01059,brain weighed
Chordata,Mammalia,Lagomorpha,Leporidae,Lepus,Lepus sp.,female,22,2.587,,,0.01014,brain weighed
Chordata,Mammalia,Lagomorpha,Leporidae,Lepus,Lepus californicus,female,1,,,,0.012,brain weighed
Chordata,Mammalia,Lagomorpha,Leporidae,Sylvilagus,Sylvilagus gabbi,,2,0.439,,,0.0045,brain weighed
Chordata,Mammalia,Rodentia,Cricetidae,Neotoma,Neotoma sp.,male,2,,,,0.0022,brain weighed
Chordata,Mammalia,Rodentia,Cricetidae,Neotoma,Neotoma sp.,female,4,,,,0.00187,brain weighed
Chordata,Mammalia,Rodentia,Muridae,Rattus,Rattus norvegicus,female,1,0.197,,,0.00161,brain weighed
Chordata,Mammalia,Rodentia,Muridae,Rattus,Rattus norvegicus,male,2,0.278,,,0.0023,brain weighed
Chordata,Mammalia,Rodentia,Sciuridae,Sciurus,Sciurus aberti,male,4,,,,0.00625,brain weighed
Chordata,Mammalia,Rodentia,Sciuridae,Callospermophilus,Callospermophilus sp.,male,1,,,,0.003,brain weighed
Chordata,Mammalia,Rodentia,Sciuridae,Spermophilus,Spermophilus tridecemlineatus,male,1,,,,0.002,brain weighed
Chordata,Mammalia,Rodentia,Sciuridae,Tamiasciurus,Tamiasciurus hudsonicus,female,4,0.248,,,0.00502,brain weighed
Chordata,Mammalia,Rodentia,Sciuridae,Tamiasciurus,Tamiasciurus hudsonicus,male,4,0.183,,,0.00471,brain weighed
Chordata,Mammalia,Rodentia,Sciuridae,Tamiasciurus,Tamiasciurus hudsonicus,female,2,0.169,,,0.00421,brain weighed
Chordata,Mammalia,Rodentia,Sciuridae,Tamiasciurus,Tamiasciurus hudsonicus,male,1,0.183,,,0.00397,brain weighed
Chordata,Mammalia,Rodentia,Sciuridae,Tamiasciurus,Tamiasciurus hudsonicus,male,1,0.063,,,0.00409,brain weighed
Chordata,Mammalia,Rodentia,Sciuridae,Tamiasciurus,Tamiasciurus hudsonicus,female,7,,,,0.0043,brain weighed
Chordata,Mammalia,Rodentia,Sciuridae,Tamiasciurus,Tamiasciurus hudsonicus,male,7,,,,0.0044,brain weighed
Chordata,Mammalia,Artiodactyla,Bovidae,Bison,Bison bison,male,1,54.88,,,0.334,brain weighed
Chordata,Mammalia,Artiodactyla,Bovidae,Syncerus,Syncerus caffer,male,2,750,,,0.64,brain weighed
Chordata,Mammalia,Artiodactyla,Bovidae,Syncerus,Syncerus caffer,female,1,572,,,0.642,brain weighed
Chordata,Mammalia,Artiodactyla,Bovidae,Syncerus,Syncerus caffer,male,1,759,,,0.653,brain weighed
Chordata,Mammalia,Artiodactyla,Bovidae,Tragelaphus,Tragelaphus sylvaticus,female,1,35.38,,,0.14,brain weighed
Chordata,Mammalia,Artiodactyla,Bovidae,Tragelaphus,Tragelaphus sylvaticus,male,1,53.07,,,0.19,brain weighed
Chordata,Mammalia,Artiodactyla,Cervidae,Rangifer,Rangifer tarandus,female,1,71.7,,,0.278,brain weighed
Chordata,Mammalia,Artiodactyla,Cervidae,Rangifer,Rangifer tarandus,male,2,128.47,,,0.306,brain weighed
Chordata,Mammalia,Artiodactyla,Cervidae,Rangifer,Rangifer tarandus,male,1,62.14,,,0.285,brain weighed
Chordata,Reptilia,Testudines,Cryptodira,Emys,Emys orbicularis,,30,0.25,,,0.00025,brain weighed
Chordata,Reptilia,Testudines,Testudinidae,Testudo,Testudo graeca,,30,0.32,,,3e-04,brain weighed
Chordata,Reptilia,Squamata,Lacertidae,Lacerta,Lacerta viridis,,15,0.05,,,0.000121,brain weighed
Chordata,Reptilia,Squamata,Colubridae,Natrix,Natrix natrix,,20,0.07,,,1e-04,brain weighed
Chordata,Reptilia,Squamata,Colubridae,Hierophis,Hierophis viridiflavus,,6,0.22,,,0.000209,brain weighed
Chordata,Reptilia,Squamata,Agamidae,Phrynocephalus,Phrynocephalus przewalskii,male,15,,,,8e-04,brain weighed
Chordata,Reptilia,Squamata,Dactyloidae,Anolis,Anolis carolinensis,male,10,,,,2.78684e-05,histological reconstruction
Chordata,Reptilia,Squamata,Leiocephalidae,Leiocephalus,Leiocephalus carinatus,male,10,,,,7.16912e-05,histological reconstruction
Chordata,Reptilia,Squamata,Phrynosomatidae,Sceloporus,Sceloporus olivaceus,male,10,,,,7.15876e-05,histological reconstruction
Chordata,Reptilia,Squamata,Gekkonidae,Hemidactylus,Hemidactylus turcicus,male,10,,,,2.11344e-05,histological reconstruction
Chordata,Reptilia,Squamata,Scincidae,Scincella,Scincella lateralis,male,9,,,,9.6348e-06,histological reconstruction
Chordata,Reptilia,Squamata,Teiidae,Aspidoscelis,Aspidoscelis gularis,male,10,,,,6.67184e-05,histological reconstruction
Chordata,Reptilia,Squamata,Dactyloidae,Anolis,Anolis cristatellus,male,10,,,,9.80875476e-05,histological reconstruction
Chordata,Reptilia,Squamata,Dactyloidae,Anolis,Anolis evermanni,male,10,,,,7.25691064e-05,histological reconstruction
Chordata,Reptilia,Squamata,Dactyloidae,Anolis,Anolis gundlachi,male,10,,,,9.08275704e-05,histological reconstruction
Chordata,Reptilia,Squamata,Dactyloidae,Anolis,Anolis krugi,male,10,,,,5.01088336e-05,histological reconstruction
Chordata,Reptilia,Squamata,Dactyloidae,Anolis,Anolis pulchellus,male,8,,,,4.10070556e-05,histological reconstruction
Chordata,Reptilia,Squamata,Dactyloidae,Anolis,Anolis stratulus,male,10,,,,7.1019872e-05,histological reconstruction
Chordata,Reptilia,Squamata,Agamidae,Ctenophorus,Ctenophorus caudicinctus,,19,0.01528,,,0.000105837627392,histological reconstruction
Chordata,Reptilia,Squamata,Agamidae,Ctenophorus,Ctenophorus cristatus,,20,0.03557,,,0.000182870277632,histological reconstruction
Chordata,Reptilia,Squamata,Agamidae,Ctenophorus,Ctenophorus decresii,,19,0.01608,,,0.00011085896192,histological reconstruction
Chordata,Reptilia,Squamata,Agamidae,Ctenophorus,Ctenophorus fionni,,21,0.01493,,,9.8617652224e-05,histological reconstruction
Chordata,Reptilia,Squamata,Agamidae,Ctenophorus,Ctenophorus fordi,,20,0.00399,,,4.6336152576e-05,histological reconstruction
Chordata,Reptilia,Squamata,Agamidae,Ctenophorus,Ctenophorus gibba,,19,0.01507,,,0.000102931788288,histological reconstruction
Chordata,Reptilia,Squamata,Agamidae,Ctenophorus,Ctenophorus isolepis,,20,0.00819,,,6.574770944e-05,histological reconstruction
Chordata,Reptilia,Squamata,Agamidae,Ctenophorus,Ctenophorus nuchalis,,17,0.02619,,,0.000148007104,histological reconstruction
Chordata,Reptilia,Squamata,Agamidae,Ctenophorus,Ctenophorus ornatus,,17,0.02175,,,0.000117611626496,histological reconstruction
Chordata,Reptilia,Squamata,Agamidae,Ctenophorus,Ctenophorus pictus,,28,0.00959,,,8.3510948864e-05,histological reconstruction
Chordata,Reptilia,Squamata,Agamidae,Ctenophorus,Ctenophorus rufescens,,20,0.02044,,,0.000120325051392,histological reconstruction
Chordata,Reptilia,Squamata,Agamidae,Ctenophorus,Ctenophorus salinarum,,20,0.00884,,,8.3453927424e-05,histological reconstruction
Chordata,Reptilia,Squamata,Agamidae,Ctenophorus,Ctenophorus tjantjalka,,19,0.01056,,,9.4429095936e-05,histological reconstruction
Chordata,Reptilia,Squamata,Agamidae,Ctenophorus,Ctenophorus vadnappa,,18,0.01435,,,0.000104970371072,histological reconstruction
Chordata,Reptilia,Squamata,Agamidae,Agama,Agama inermis,,1,,,,9.9e-05,brain weighed
Chordata,Reptilia,Squamata,Agamidae,Calotes,Calotes versicolor,,1,,,,9.7e-05,brain weighed
Chordata,Reptilia,Squamata,Agamidae,Agama,Agama agama,,1,,,,0.000173,brain weighed
Chordata,Reptilia,Squamata,Agamidae,Uromastyx,Uromastyx acanthinurus,,1,,,,0.000335,brain weighed
Chordata,Reptilia,Squamata,Anguidae,Anguis,Anguis fragilis,,1,,,,4.4e-05,brain weighed
Chordata,Reptilia,Squamata,Chamaeleonidae,Furcifer,Furcifer lateralis,,1,,,,6.1e-05,brain weighed
Chordata,Reptilia,Testudines,Cheloniidae,Caretta,Caretta caretta,,1,,,,0.0027,brain weighed
Chordata,Reptilia,Squamata,Colubridae,Thamnophis,Thamnophis sirtalis,,1,,,,1e-04,brain weighed
Chordata,Reptilia,Squamata,Colubridae,Natrix,Natrix maura,,1,,,,9.5e-05,brain weighed
Chordata,Reptilia,Squamata,Colubridae,Coronella,Coronella girondica,,1,,,,8.8e-05,brain weighed
Chordata,Reptilia,Squamata,Colubridae,Zamenis,Zamenis longissima,,1,,,,0.000168,brain weighed
Chordata,Reptilia,Squamata,Colubridae,Coluber,Coluber constrictor,,1,,,,0.000291,brain weighed
Chordata,Reptilia,Squamata,Colubridae,Naja,Naja melanoleuca,,1,,,,0.000646,brain weighed
Chordata,Reptilia,Squamata,Colubridae,Cerastes,Cerastes vipera,,1,,,,7.6e-05,brain weighed
Chordata,Reptilia,Squamata,Colubridae,Vipera,Vipera berus,,1,,,,0.000105,brain weighed
Chordata,Reptilia,Squamata,Colubridae,Vipera,Vipera aspis,,1,,,,0.0001015,brain weighed
Chordata,Reptilia,Squamata,Viperidae,Agkistrodon,Agkistrodon piscivorus,,1,,,,0.00064,brain weighed
Chordata,Reptilia,Squamata,Cordylidae,Cordylus,Cordylus cordylus,,1,,,,0.000175,brain weighed
Chordata,Reptilia,Squamata,Dactyloidae,Anolis,Anolis auratus,,1,,,,7.3e-05,brain weighed
Chordata,Reptilia,Testudines,Emydidae,Trachemys,Trachemys scripta,,1,,,,0.000738,brain weighed
Chordata,Reptilia,Squamata,Gekkonidae,Hemidactylus,Hemidactylus mabouia,,1,,,,3.3e-05,brain weighed
Chordata,Reptilia,Squamata,Gekkonidae,Phelsuma,Phelsuma cepediana,,1,,,,5.9e-05,brain weighed
Chordata,Reptilia,Squamata,Gekkonidae,Gekko,Gekko gecko,,1,,,,0.000198,brain weighed
Chordata,Reptilia,Squamata,Gerrhosauridae,Zonosaurus,Zonosaurus quadrilineatus,,1,,,,0.000209,brain weighed
Chordata,Reptilia,Squamata,Gerrhosauridae,Zonosaurus,Zonosaurus maximus,,1,,,,0.000565,brain weighed
Chordata,Reptilia,Squamata,Gerrhosauridae,Ameiva,Ameiva sp.,,1,,,,0.000231,brain weighed
Chordata,Reptilia,Squamata,Gerrhosauridae,Callopistes,Callopistes maculatus,,1,,,,0.000318,brain weighed
Chordata,Reptilia,Squamata,Iguanidae,Iguana,Iguana iguana,,1,,,,0.000606,brain weighed
Chordata,Reptilia,Squamata,Lacertidae,Psammodromus,Psammodromus hispanicus,,1,,,,2.5e-05,brain weighed
Chordata,Reptilia,Squamata,Lacertidae,Lacerta,Lacerta vivipara,,1,,,,2.8e-05,brain weighed
Chordata,Reptilia,Squamata,Lacertidae,Lacerta,Lacerta muralis,,1,,,,4.6e-05,brain weighed
Chordata,Reptilia,Squamata,Lacertidae,Psammodromus,Psammodromus algirus,,1,,,,4.5e-05,brain weighed
Chordata,Reptilia,Squamata,Lacertidae,Lacerta,Lacerta lepida,,1,,,,0.000224,brain weighed
Chordata,Reptilia,Squamata,Liolaemidae,Liolaemus,Liolaemus chiliensis,,1,,,,0.0001035,brain weighed
Chordata,Reptilia,Squamata,Opluridae,Chalarodon,Chalarodon madagascariensis,,1,,,,6e-05,brain weighed
Chordata,Reptilia,Squamata,Opluridae,Oplurus,Oplurus cuvieri,,1,,,,0.000267,brain weighed
Chordata,Reptilia,Squamata,Phyllodactylidae,Tarentola,Tarentola mauritanica,,1,,,,7e-05,brain weighed
Chordata,Reptilia,Squamata,Pythonoidea,Python,Python molurus,,1,,,,0.0011234,brain weighed
Chordata,Reptilia,Squamata,Scincidae,Chalcides,Chalcides mionecton,,1,,,,3e-05,brain weighed
Chordata,Reptilia,Squamata,Scincidae,Chalcides,Chalcides chalcides,,1,,,,5.55e-05,brain weighed
Chordata,Reptilia,Squamata,Scincidae,Chalcides,Chalcides ocellatus,,1,,,,9e-05,brain weighed
Chordata,Reptilia,Squamata,Scincidae,Scincus,Scincus scincus,,1,,,,0.000116,brain weighed
Chordata,Reptilia,Squamata,Scincidae,Eumeces,Eumeces schneiderii,,1,,,,0.0001715,brain weighed
Chordata,Reptilia,Testudines,Testudinidae,Testudo,Testudo gracea,,1,,,,0.000318,brain weighed
Chordata,Reptilia,Testudines,Testudinidae,Testudo,Testudo hermanni,,1,,,,0.000476,brain weighed
Chordata,Reptilia,Squamata,Trogonophidae,Trogonophis,Trogonophis wiegmanni,,1,,,,2.1e-05,brain weighed
Chordata,Reptilia,Squamata,Varanidae,Varanus,Varanus griseus,,1,,,,0.000722,brain weighed
Chordata,Reptilia,Squamata,Phyllodactylidae,Phyllodactylus,Phyllodactylus gerrophygus,,1,,,,1.8e-05,brain weighed
Chordata,Reptilia,Squamata,Scincidae,Chalcides,Chalcides polylepis,,1,,,,3.7e-05,brain weighed
Chordata,Reptilia,Squamata,Anguidae,Ophisaurus,Ophisaurus apodus,,1,,,,0.000342,brain weighed
Chordata,Reptilia,Squamata,Dactyloidae,Anolis,Anolis caroliensis,,1,,,,5.5e-05,brain weighed
Chordata,Reptilia,Squamata,Agamidae,Bronchocela,Bronchocela cristatella,,1,,,,2.9e-05,brain weighed
Chordata,Reptilia,Squamata,Agamidae,Draco,Draco volans,,1,,,,5.8e-05,brain weighed
Chordata,Reptilia,Squamata,Agamidae,Acanthosaura,Acanthosaura armata,,1,,,,0.000182,brain weighed
Chordata,Reptilia,Squamata,Teiidae,Tupinambis,Tupinambis teguinix,,1,,,,0.001563,brain weighed
Arthropoda,Arachnida,Araneae,Salticidae,Marpissa,Marpissa bina,,3,0.000168,0.00020427529234278,1.21592435918322,,
Arthropoda,Arachnida,Araneae,Salticidae,Phidippus,Phidippus clarus,,7,0.00026,0.000361410132606458,1.3900389715633,,
Arthropoda,Arachnida,Araneae,Salticidae,Sarinda,Sarinda hentzi,,2,4.6e-06,1.57134840263677e-05,3.41597478834081,,
Arthropoda,Arachnida,Araneae,Salticidae,Zygoballus,Zygoballus rufipes,,2,3e-06,4.71404520791032e-06,1.57134840263677,,
Arthropoda,Arachnida,Trombidiformes,Tetranychidae,Tetranychus,Tetranychus cinnabarinus,male,5,4.94e-09,2.60722222222222e-08,5.27777777777778,,
Arthropoda,Arachnida,Mesostigmata,Phytoseiidae,Phytoseiulus,Phytoseiulus persimilis,male,12,8.59e-09,9.8785e-08,11.5,,
Arthropoda,Arachnida,Araneae,Lycosidae,Pardosa,Pardosa lugubris,female,24,2.24e-05,3.56625946602474e-05,1.59208011876105,,
Arthropoda,Arachnida,Araneae,Lycosidae,Pardosa,Pardosa lugubris,male,25,2.14e-05,3.25306042797243e-05,1.52012169531422,,
Arthropoda,Arachnida,Araneae,Salticidae,Marpissa,Marpissa muscosa,female,20,3.91e-05,4.95892480380877e-05,1.26826721325033,,
Arthropoda,Arachnida,Araneae,Salticidae,Marpissa,Marpissa muscosa,male,20,2.75e-05,3.58667766867778e-05,1.30424642497374,,
Arthropoda,Arachnida,Araneae,Pholcidae,Pholcus,Pholcus phalangioideus,female,27,2.76e-05,3.67419710119499e-05,1.3312308337663,,
Arthropoda,Arachnida,Araneae,Pholcidae,Pholcus,Pholcus phalangioideus,male,12,1.13e-05,1.74822989764066e-05,1.54710610410678,,
Arthropoda,Arachnida,Araneae,Theraphosidae,Aphonopelma,Aphonopelma anax,female,10,0.01319,0.000966183574879227,0.0732512187171514,,
Arthropoda,Arachnida,Araneae,Theraphosidae,Aphonopelma,Aphonopelma anax,male,38,0.00778,0.00126811594202899,0.162996907715808,,
Arthropoda,Arachnida,Amblypygi,Phrynichidae,Damon,Damon annulatipes,,1,0.00064,0.000307681551416334,0.480752424088022,,
Arthropoda,Arachnida,Araneae,Araneidae,Metazygia,Metazygia rogenhoferi,,1,1.44e-05,5e-05,3.47222222222222,,
Arthropoda,Arachnida,Araneae,Araneidae,Metazygia,Metazygia rogenhoferi,,1,2.35e-05,0.000104444444444444,4.44444444444444,,
Arthropoda,Arachnida,Araneae,Araneidae,Metazygia,Metazygia rogenhoferi,,1,1.6e-05,6.16666666666667e-05,3.85416666666667,,
Arthropoda,Arachnida,Araneae,Araneidae,Metazygia,Metazygia rogenhoferi,,1,1.53e-05,4.88888888888889e-05,3.19535221496006,,
Arthropoda,Arachnida,Araneae,Araneidae,Metazygia,Metazygia rogenhoferi,,1,2.45e-05,6.33333333333333e-05,2.58503401360544,,
Arthropoda,Arachnida,Araneae,Araneidae,Metazygia,Metazygia rogenhoferi,,1,1.72e-05,5.88888888888889e-05,3.42377260981912,,
Arthropoda,Arachnida,Araneae,Araneidae,Metazygia,Metazygia rogenhoferi,,1,1.4e-05,5.88888888888889e-05,4.20634920634921,,
Arthropoda,Arachnida,Araneae,Araneidae,Metazygia,Metazygia rogenhoferi,,1,2.04e-05,7.77777777777778e-05,3.81263616557734,,
Arthropoda,Arachnida,Araneae,Araneidae,Metazygia,Metazygia rogenhoferi,,1,1.55e-05,4.77777777777778e-05,3.08243727598566,,
Arthropoda,Arachnida,Araneae,Araneidae,Metazygia,Metazygia rogenhoferi,,1,1.79e-05,6.38888888888889e-05,3.56921166977033,,
Arthropoda,Arachnida,Araneae,Uloboridae,Zosis,Zosis geniculata,,1,3.43e-05,6.05555555555556e-05,1.7654680919987,,
Arthropoda,Arachnida,Araneae,Uloboridae,Zosis,Zosis geniculata,,1,3.01e-05,4.05555555555556e-05,1.34736064968623,,
Arthropoda,Arachnida,Araneae,Uloboridae,Zosis,Zosis geniculata,,1,2.48e-05,4.77777777777778e-05,1.92652329749104,,
Arthropoda,Arachnida,Araneae,Uloboridae,Zosis,Zosis geniculata,,1,2.86e-05,5.11111111111111e-05,1.78710178710179,,
Arthropoda,Arachnida,Araneae,Uloboridae,Zosis,Zosis geniculata,,1,5.11e-05,0.000118333333333333,2.31572080887149,,
Arthropoda,Arachnida,Araneae,Uloboridae,Zosis,Zosis geniculata,,1,5.32e-05,6.11111111111111e-05,1.14870509607352,,
Arthropoda,Arachnida,Araneae,Uloboridae,Zosis,Zosis geniculata,,1,3.48e-05,4.33333333333333e-05,1.24521072796935,,
Arthropoda,Arachnida,Araneae,Uloboridae,Zosis,Zosis geniculata,,1,2.42e-05,3.22222222222222e-05,1.33149678604224,,
Arthropoda,Arachnida,Araneae,Uloboridae,Zosis,Zosis geniculata,,1,2.8e-05,3.5e-05,1.25,,
Arthropoda,Arachnida,Araneae,Uloboridae,Zosis,Zosis geniculata,,1,2.74e-05,4.16666666666667e-05,1.52068126520681,,
Arthropoda,Arachnida,Araneae,Uloboridae,Zosis,Zosis geniculata,,1,2.8e-05,5.16666666666667e-05,1.8452380952381,,
Arthropoda,Arachnida,Araneae,Uloboridae,Zosis,Zosis geniculata,,1,3.01e-05,6.94444444444444e-05,2.30712440014766,,
Arthropoda,Arachnida,Araneae,Uloboridae,Zosis,Zosis geniculata,,1,4.43e-05,9.22222222222222e-05,2.08176573865061,,
Arthropoda,Arachnida,Araneae,Uloboridae,Zosis,Zosis geniculata,,1,2.42e-05,4.5e-05,1.8595041322314,,
Arthropoda,Arachnida,Araneae,Uloboridae,Zosis,Zosis geniculata,,1,4.7e-05,8.83333333333333e-05,1.87943262411348,,
Arthropoda,Arachnida,Araneae,Uloboridae,Zosis,Zosis geniculata,,1,2.45e-05,3.72222222222222e-05,1.51927437641723,,
Arthropoda,Arachnida,Araneae,Uloboridae,Zosis,Zosis geniculata,,1,2.87e-05,3.94444444444444e-05,1.37437088656601,,
Arthropoda,Arachnida,Araneae,Uloboridae,Zosis,Zosis geniculata,,1,2.92e-05,4.27777777777778e-05,1.46499238964992,,
Arthropoda,Arachnida,Araneae,Uloboridae,Zosis,Zosis geniculata,,1,6.37e-05,8.88888888888889e-05,1.39542996685854,,
Arthropoda,Arachnida,Araneae,Uloboridae,Zosis,Zosis geniculata,,1,5.01e-05,6.88888888888889e-05,1.37502772233311,,
Arthropoda,Arachnida,Araneae,Araneidae,Mecynogea,Mecynogea lemniscata,female,35,4.7e-05,5.77777777777778e-05,1.22931442080378,,
Arthropoda,Arachnida,Araneae,Araneidae,Micrathena,Micrathena sagittata,female,26,5.2e-05,5e-05,0.961538461538462,,
Arthropoda,Arachnida,Araneae,Araneidae,Nephila,Nephila clavipes,female,19,0.000848,0.00123350849606987,1.45460907555409,,
Arthropoda,Arachnida,Ixodida,Ixodidae,Amblyomma,Amblyomma americanum,,4,3.1e-06,1.43518518518519e-06,0.462962962962963,,
Arthropoda,Arachnida,Ixodida,Ixodidae,Amblyomma,Amblyomma maculatum,,7,4.5e-06,1.69983416252073e-06,0.377740925004607,,
Arthropoda,Arachnida,Ixodida,Ixodidae,Amblyomma,Amblyomma cajenense,,7,7.5e-06,1.81623931623932e-06,0.242165242165242,,
Arthropoda,Arachnida,Ixodida,Ixodidae,Dermacentor,Dermacentor andersoni,,13,2.07e-05,3.39259259259259e-06,0.163893361960995,,
Arthropoda,Arachnida,Ixodida,Ixodidae,Dermacentor,Dermacentor variabilis,,9,5.6e-06,1.72222222222222e-06,0.307539682539683,,
Arthropoda,Arachnida,Ixodida,Argasidae,Ornithodoros,Ornithodoros moubata,,6,1.32e-05,2.72376543209877e-06,0.206345866068088,,
Arthropoda,Arachnida,Mesostigmata,Uropodidae,Cilliba,Cilliba cassidea,male,1,1.025e-07,1.68794245411242e-07,1.64677312596334,,
Arthropoda,Arachnida,Mesostigmata,Uropodidae,Cilliba,Cilliba cassidea,female,1,9.71e-08,1.72718216642307e-07,1.77876639178483,,
Arthropoda,Arachnida,Mesostigmata,Epicriidae,Epicrius,Epicrius mollis,male,1,3.95e-08,1.31274373927283e-07,3.32340187157677,,
Arthropoda,Arachnida,Mesostigmata,Epicriidae,Epicrius,Epicrius mollis,female,1,5.73e-08,1.432508771825e-07,2.50001530859511,,
Arthropoda,Arachnida,Mesostigmata,Parasitidae,Pergamasus,Pergamasus crassipes,male,1,2.88e-07,1.14947278349685e-06,3.9912249426974,,
Arthropoda,Arachnida,Mesostigmata,Parasitidae,Pergamasus,Pergamasus crassipes,female,1,3.401e-07,2.08903054809902e-06,6.14240090590715,,
Arthropoda,Arachnida,Araneae,Theraphosidae,Aphonopelma,Aphonopelma eutylenum,female,1,0.01503,0.00185013646561,0.12309623856354,,
Arthropoda,Arachnida,Araneae,Theraphosidae,Aphonopelma,Aphonopelma eutylenum,female,1,0.00868,0.00439450158652283,0.506278984622446,,
Arthropoda,Arachnida,Araneae,Sicariidae,Loxosceles,Loxosceles laeta,female,1,9.72e-05,7.25007265636451e-05,0.745892248597172,,
Arthropoda,Arachnida,Araneae,Sicariidae,Loxosceles,Loxosceles laeta,female,1,9.61e-05,0.000103963306015793,1.08182420411855,,
Arthropoda,Arachnida,Araneae,Sicariidae,Loxosceles,Loxosceles laeta,female,1,0.0001112,0.000139529700179091,1.25476349081916,,
Arthropoda,Arachnida,Araneae,Sicariidae,Loxosceles,Loxosceles laeta,female,1,7.62e-05,4.99297456523216e-05,0.655246005935979,,
Arthropoda,Arachnida,Araneae,Sicariidae,Loxosceles,Loxosceles laeta,female,1,0.0001979,0.000188091507594362,0.950437127813857,,
Arthropoda,Arachnida,Araneae,Sicariidae,Loxosceles,Loxosceles laeta,female,1,0.0002917,0.000177831970816488,0.609639941091834,,
Arthropoda,Arachnida,Araneae,Sicariidae,Loxosceles,Loxosceles laeta,female,1,0.0003279,0.000328989146010503,1.00332157978195,,
Arthropoda,Arachnida,Araneae,Sicariidae,Loxosceles,Loxosceles laeta,female,1,0.0001655,0.000162100681090414,0.979460308703408,,
Arthropoda,Arachnida,Araneae,Sicariidae,Loxosceles,Loxosceles laeta,female,1,0.0001839,0.000229129654705859,1.2459470076447,,
Arthropoda,Arachnida,Araneae,Sicariidae,Loxosceles,Loxosceles deserta,female,1,7.9e-05,6.22411897857708e-05,0.7878631618452,,
Arthropoda,Arachnida,Araneae,Sicariidae,Loxosceles,Loxosceles deserta,female,1,6.32e-05,4.03541779929723e-05,0.638515474572346,,
Arthropoda,Arachnida,Araneae,Plectreuridae,Plectreurys,Plectreurys tristis,female,1,0.0003404,0.000142949545771715,0.419945786638412,,
Arthropoda,Arachnida,Araneae,Plectreuridae,Plectreurys,Plectreurys tristis,female,1,8.1e-05,5.9505313311671e-05,0.73463349767495,,
Arthropoda,Arachnida,Araneae,Plectreuridae,Plectreurys,Plectreurys sp.,female,1,6.47e-05,3.35144868077227e-05,0.517998250505761,,
Arthropoda,Arachnida,Araneae,Theridiidae,Steatoda,Steatoda medialis,female,1,2.43e-05,8.48121706970943e-05,3.49021278588865,,
Arthropoda,Arachnida,Araneae,Theridiidae,Latrodectus,Latrodectus mactans,female,1,0.0003505,0.000716115667095626,2.0431260116851,,
Arthropoda,Arachnida,Araneae,Theridiidae,Latrodectus,Latrodectus mactans,female,1,4.82e-05,0.000394650181388898,8.18776309935474,,
Arthropoda,Arachnida,Araneae,Theridiidae,Latrodectus,Latrodectus mactans,female,1,0.000169,0.000601208855183434,3.55744884723926,,
Arthropoda,Arachnida,Araneae,Linyphiidae,Frontinella,Frontinella pyramitela,female,1,4.6e-06,1.23114441334492e-05,2.67640089857591,,
Arthropoda,Arachnida,Araneae,Linyphiidae,Frontinella,Frontinella pyramitela,female,1,4.8e-06,2.25709809113235e-05,4.70228768985906,,
Arthropoda,Arachnida,Araneae,Linyphiidae,Frontinella,Frontinella pyramitela,female,1,7.6e-06,4.3774023585597e-05,5.75973994547329,,
Arthropoda,Arachnida,Araneae,Araneidae,Cyclosa,Cyclosa conica,female,1,1.05e-05,3.96702088744473e-05,3.77811513089974,,
Arthropoda,Arachnida,Araneae,Araneidae,Cyclosa,Cyclosa conica,female,1,1.08e-05,3.76183015188724e-05,3.48317606656226,,
Arthropoda,Arachnida,Araneae,Araneidae,Neoscona,Neoscona oacavensis,female,1,0.0001406,0.000160048773734839,1.13832698246685,,
Arthropoda,Arachnida,Araneae,Araneidae,Neoscona,Neoscona oacavensis,female,1,0.0001931,0.000216134241453885,1.11928659478967,,
Arthropoda,Arachnida,Araneae,Araneidae,Argiope,Argiope aurantia,female,1,0.000258,0.000405593687285298,1.57206855536937,,
Arthropoda,Arachnida,Araneae,Araneidae,Argiope,Argiope aurantia,female,1,0.000858,0.0010471567204617,1.22046237816049,,
Arthropoda,Arachnida,Araneae,Araneidae,Argiope,Argiope aurantia,female,1,0.000853,0.00119831389565572,1.40482285539944,,
Arthropoda,Arachnida,Araneae,Agelenidae,Agelenopsis,Agelenopsis aperta,female,1,0.0006325,0.000981495685083308,1.55177183412381,,
Arthropoda,Arachnida,Araneae,Agelenidae,Agelenopsis,Agelenopsis aperta,female,1,0.000715,0.0011620635323739,1.62526368164181,,
Arthropoda,Arachnida,Araneae,Agelenidae,Agelenopsis,Agelenopsis aperta,female,1,0.0003208,0.000363871571055275,1.13426300204263,,
Arthropoda,Arachnida,Araneae,Lycosidae,Schizocosa,Schizocosa pacifica,female,1,0.0005121,0.000577269936035061,1.12726017581539,,
Arthropoda,Arachnida,Araneae,Oxyopidae,Peucetia,Peucetia viridans,female,1,0.0001616,8.95999545267689e-05,0.554455164150798,,
Arthropoda,Arachnida,Araneae,Oxyopidae,Peucetia,Peucetia viridans,female,1,0.0001332,0.000261960172395057,1.96666796092385,,
Arthropoda,Arachnida,Araneae,Oxyopidae,Peucetia,Peucetia longipalpis,female,1,0.0002574,0.000277691462121131,1.078832409173,,
Arthropoda,Arachnida,Araneae,Gnaphosidae,Zelotes,Zelotes rusticus,female,1,5.25e-05,4.30900544670721e-05,0.820762942229944,,
Arthropoda,Arachnida,Araneae,Clubionidae,Liocranoides,Liocranoides sp.,female,1,0.0001455,9.98594913046432e-05,0.686319527866964,,
Arthropoda,Arachnida,Araneae,Thomisidae,Misumenoidea,Misumenoidea formosipes,female,1,4.87e-05,0.000117642688386292,2.4156609524906,,
Arthropoda,Arachnida,Araneae,Thomisidae,Misumenoidea,Misumenoidea sp.,female,1,2.79e-05,3.28305176891978e-05,1.17672106412895,,
Arthropoda,Arachnida,Araneae,Thomisidae,Misumenoidea,Misumenoidea sp.,female,1,3.6e-05,3.62503632818225e-05,1.00695453560618,,
Arthropoda,Arachnida,Araneae,Thomisidae,Misumenoidea,Misumenoidea sp.,female,1,3e-05,4.65099000596968e-05,1.55033000198989,,
Arthropoda,Arachnida,Araneae,Thomisidae,Misumenoidea,Misumenoidea sp.,female,1,4.23e-05,4.3774023585597e-05,1.03484689327653,,
Arthropoda,Arachnida,Araneae,Salticidae,Metaphidippus,Metaphidippus vitis,female,1,5.7e-06,1.77831970816488e-05,3.11985913713137,,
Arthropoda,Arachnida,Araneae,Salticidae,Menemerus,Menemerus bivittatus,female,1,2.79e-05,6.90808809710203e-05,2.47601723910467,,
Arthropoda,Arachnida,Araneae,Salticidae,Phidippus,Phidippus johnsoni,female,1,0.000173,0.000156628928142214,0.905369526833609,,
Arthropoda,Arachnida,Sarcoptiformes,Ameronothridae,Alaskozeres,Alaskozeres antarcticus,,7,2.2999e-07,8.67057490358537e-07,3.76997908760615,,
Arthropoda,Arachnida,Araneae,Lycosidae,Lycosa,Lycosa howarthi,female,4,0.0001844,0.000269746755492578,1.46283489963437,,
Arthropoda,Arachnida,Araneae,Lycosidae,Lycosa,Lycosa sp.,female,4,0.000123,0.000119845435339127,0.974353132838434,,
Chordata,Aves,Passeriformes,Tyrannidae,Empidonax,Empidonax occidentalis,,5,0.01172,0.277,23.6348122866894,,
Chordata,Aves,Passeriformes,Paridae,Parus,Parus gambeli,,5,0.01165,0.326,27.9828326180257,,
Chordata,Aves,Passeriformes,Certhiidae,Certhia,Certhia americana,,4,0.00747,0.227,30.3882195448461,,
Chordata,Aves,Passeriformes,Sittidae,Sitta,Sitta canadensis,,6,0.01038,0.291,28.0346820809249,,
Chordata,Aves,Passeriformes,Sittidae,Sitta,Sitta carolinensis,,4,0.01767,0.41,23.203169213356,,
Chordata,Aves,Passeriformes,Turdidae,Sialia,Sialia mexicana,,3,0.02368,0.44,18.5810810810811,,
Chordata,Aves,Passeriformes,Turdidae,Catharus,Catharus guttatus,,7,0.02907,0.571,19.6422428620571,,
Chordata,Aves,Passeriformes,Turdidae,Turdus,Turdus migratorius,,3,0.07311,0.944,12.9120503351115,,
Chordata,Aves,Passeriformes,Emberizidae,Pipilo,Pipilo chlorurus,,6,0.03025,0.575,19.0082644628099,,
Chordata,Aves,Passeriformes,Emberizidae,Junco,Junco hyemalis,,7,0.02199,0.448,20.3728967712597,,
Chordata,Aves,Passeriformes,Parulidae,Oreothlypis,Oreothlypis celata,,7,0.00898,0.267,29.7327394209354,,
Chordata,Aves,Passeriformes,Parulidae,Setophaga,Setophaga coronata,,8,0.01267,0.345,27.2296764009471,,
Chordata,Aves,Passeriformes,Parulidae,Cardellina,Cardellina rubrifrons,,6,0.00999,0.266,26.6266266266266,,
Chordata,Aves,Passeriformes,Cardinalidae,Piranga,Piranga ludoviciana,,5,0.0283,0.512,18.0918727915194,,
Chordata,Aves,Passeriformes,Pachycephalidae,Pachycephala,Pachycephala hypoxantha,,7,0.02299,0.399,17.3553719008264,,
Chordata,Aves,Passeriformes,Rhipiduridae,Rhipidura,Rhipidura albicollis,,8,0.01218,0.309,25.3694581280788,,
Chordata,Aves,Passeriformes,Pycnonotidae,Alophoixus,Alophoixus ochraceus,,9,0.04912,0.76,15.4723127035831,,
Chordata,Aves,Passeriformes,Cettiidae,Orthotomus,Orthotomus cuculatus,,5,0.00713,0.225,31.5568022440393,,
Chordata,Aves,Passeriformes,Cettiidae,Urosphena,Urosphena whiteheadi,,6,0.0104,0.299,28.75,,
Chordata,Aves,Passeriformes,Zosteropidae,Yuhina,Yuhina everetti,,2,0.01381,0.365,26.4301230992035,,
Chordata,Aves,Passeriformes,Zosteropidae,Zosterops,Zosterops atricapilla,,7,0.00849,0.235,27.6796230859835,,
Chordata,Aves,Passeriformes,Timaliidae,Stachyris,Stachyris nigriceps,,7,0.01567,0.344,21.9527760051053,,
Chordata,Aves,Passeriformes,Pellorneidae,Trichastoma,Trichastoma pyrrogenys,,5,0.01897,0.392,20.6642066420664,,
Chordata,Aves,Passeriformes,Pellorneidae,Napothera,Napothera crassa,,4,0.02779,0.459,16.5167326376394,,
Chordata,Aves,Passeriformes,Muscicapidae,Rhinomyias,Rhinomyias gularis,,6,0.02558,0.461,18.0218921032056,,
Chordata,Aves,Passeriformes,Muscicapidae,Brachypteryx,Brachypteryx montana,,1,0.02027,0.448,22.101628021707,,
Chordata,Aves,Passeriformes,Muscicapidae,Enicurus,Enicurus leschenaulti,,1,0.03569,0.609,17.0636032502101,,
Chordata,Aves,Passeriformes,Muscicapidae,Myophonus,Myophonus borneensis,,4,0.11625,1.411,12.1376344086021,,
Chordata,Aves,Passeriformes,Muscicapidae,Ficedula,Ficedula hyperythra,,5,0.00844,0.23,27.2511848341232,,
Chordata,Aves,Passeriformes,Nectariniidae,Aethopyga,Aethopyga siparaja,,2,0.00601,0.176,29.2845257903494,,
Chordata,Aves,Passeriformes,Muscicapidae,Cossypha,Cossypha caffra,,6,0.02999,0.653,21.7739246415472,,
Chordata,Aves,Passeriformes,Muscicapidae,Erythropygia,Erythropygia coryphaeus,,6,0.021,0.402,19.1428571428571,,
Chordata,Aves,Passeriformes,Pycnonotidae,Pycnonotus,Pycnonotus capensis,,7,0.03436,0.786,22.8754365541327,,
Chordata,Aves,Passeriformes,Cisticolidae,Prinia,Prinia maculosa,,6,0.00919,0.338,36.7791077257889,,
Chordata,Aves,Passeriformes,Cisticolidae,Apalis,Apalis thoracica,,7,0.01149,0.307,26.7188859878155,,
Chordata,Aves,Passeriformes,Zosteropidae,Zosterops,Zosterops virens,,5,0.01087,0.407,37.442502299908,,
Chordata,Aves,Passeriformes,Macrosphenidae,Sphenoeacus,Sphenoeacus afer,,3,0.02805,0.474,16.8983957219251,,
Chordata,Aves,Passeriformes,Macrosphenidae,Sylvietta,Sylvietta rufescens,,6,0.01157,0.327,28.2627484874676,,
Chordata,Aves,Passeriformes,Sylviidae,Sylvia,Sylvia subcaerulea,,4,0.0132,0.374,28.3333333333333,,
Chordata,Aves,Passeriformes,Fringillidae,Serinus,Serinus flaviventris,,6,0.01605,0.399,24.8598130841122,,
Chordata,Aves,Passeriformes,Fringillidae,Serinus,Serinus albogularis,,4,0.0305,0.64,20.983606557377,,
Chordata,Aves,Passeriformes,Emberizidae,Emberiza,Emberiza capensis,,6,0.0199,0.469,23.5678391959799,,
Chordata,Aves,Passeriformes,Coliidae,Colius,Colius colius,,6,0.04521,0.725,16.0362751603627,,
Chordata,Aves,Passeriformes,Malaconotidae,Telophorus,Telophorus zeylonus,,1,0.06765,1.138,16.8218773096822,,
Chordata,Aves,Passeriformes,Cisticolidae,Cisticola,Cisticola subruficapilla,,1,0.01015,0.298,29.35960591133,,
Chordata,Aves,Passeriformes,Remizidae,Anthoscopus,Anthoscopus minutus,,3,0.0069,0.223,32.3188405797101,,
Chordata,Aves,Passeriformes,Nectariniidae,Nectarinia,Nectarinia chalybea,,5,0.00808,0.298,36.8811881188119,,
Chordata,Aves,Passeriformes,Hirundinidae,Hirundo,Hirundo tahitica,,14,0.01407,0.233640166666667,16.6055555555556,,
Chordata,Aves,Coraciiformes,Meropidae,Merops,Merops viridis,,12,0.03381,0.392008166666667,11.5944444444444,,
Chordata,Aves,Apterygiformes,Apterygidae,Apteryx,Apteryx owenii,,1,0.666,1.16,1.74174174174174,,
Chordata,Aves,Apterygiformes,Apterygidae,Apteryx,Apteryx owenii,,1,1.525,3.42,2.24262295081967,,
Chordata,Aves,Apterygiformes,Apterygidae,Apteryx,Apteryx owenii,,1,1.525,2.55,1.67213114754098,,
Chordata,Aves,Apterygiformes,Apterygidae,Apteryx,Apteryx australis,,1,1.85,3.58,1.93513513513514,,
Chordata,Aves,Apterygiformes,Apterygidae,Apteryx,Apteryx australis,,1,3.07,3.89,1.2671009771987,,
Chordata,Aves,Apterygiformes,Apterygidae,Apteryx,Apteryx australis,,1,2.15,4.13,1.92093023255814,,
Chordata,Aves,Apterygiformes,Apterygidae,Apteryx,Apteryx australis,,1,2.08,4.39,2.11057692307692,,
Chordata,Aves,Apterygiformes,Apterygidae,Apteryx,Apteryx australis,,1,2.22,4.54,2.04504504504505,,
Chordata,Aves,Apterygiformes,Apterygidae,Apteryx,Apteryx australis,,1,2.68,4.12,1.53731343283582,,
Chordata,Aves,Apterygiformes,Apterygidae,Apteryx,Apteryx haasti,,1,2.21,3.5,1.58371040723982,,
Chordata,Aves,Apterygiformes,Apterygidae,Apteryx,Apteryx haasti,,1,2.87,4.87,1.69686411149826,,
Chordata,Aves,Casuariiformes,Casuariidae,Dromaius,Dromaius novaehollandiae,,1,44.61,46.02,1.03160726294553,,
Chordata,Aves,Casuariiformes,Casuariidae,Dromaius,Dromaius novaehollandiae,,1,38.76,38.88,1.0030959752322,,
Chordata,Aves,Casuariiformes,Casuariidae,Dromaius,Dromaius novaehollandiae,,1,35.41,42.38,1.19683705168032,,
Chordata,Aves,Casuariiformes,Casuariidae,Dromaius,Dromaius novaehollandiae,,1,36.92,46.58,1.26164680390033,,
Chordata,Aves,Passeriformes,Aegithalidae,Psaltriparus,Psaltriparus minimus,,1,0.0055,0.121,22,,
Chordata,Aves,Passeriformes,Fringillidae,Drepanis,Drepanis coccinea,,6,0.015,0.310133333333333,20.6755555555556,,
Chordata,Aves,Passeriformes,Fringillidae,Himatione,Himatione sanguinea,,7,0.0129,0.2471375,19.1579457364341,,
Chordata,Aves,Passeriformes,Fringillidae,Loxops,Loxops virens,,6,0.0107,0.208370833333333,19.4739096573209,,
Chordata,Aves,Passeriformes,Fringillidae,Loxops,Loxops parva,,4,0.0079,0.140529166666667,17.7885021097046,,
Chordata,Aves,Psittaciformes,Psittacidae,Amazona,Amazona viridigenalis,,3,0.3419,2.01333333333333,5.88866140196939,,
Chordata,Aves,Anseriformes,Anatidae,Anas,Anas crecca,,1,0.25,1.66666666666667,6.66666666666667,,
Chordata,Aves,Anseriformes,Anatidae,Anas,Anas querquedula,,1,0.289,2.23333333333333,7.7277970011534,,
Chordata,Aves,Anseriformes,Anatidae,Aythya,Aythya nyroca,,1,0.44,3.27222222222222,7.43686868686869,,
Chordata,Aves,Anseriformes,Anatidae,Anas,Anas penelope,,1,0.539,3.13611111111111,5.8183879612451,,
Chordata,Aves,Anseriformes,Anatidae,Anas,Anas clypeata,,1,0.554,3.87777777777778,6.9995988768552,,
Chordata,Aves,Anseriformes,Anatidae,Aythya,Aythya fuligula,,1,0.571,2.70277777777778,4.73341116948823,,
Chordata,Aves,Anseriformes,Anatidae,Anas,Anas acuta,,1,0.721,4.36388888888889,6.0525504700262,,
Chordata,Aves,Anseriformes,Anatidae,Anas,Anas strepera,,1,0.791,6.20277777777778,7.84169124877089,,
Chordata,Aves,Anseriformes,Anatidae,Aythya,Aythya ferina,,1,0.816,5.81666666666667,7.12826797385621,,
Chordata,Aves,Anseriformes,Anatidae,Anas,Anas plathyrhynchos,,1,1.236,7.57777777777778,6.13088816972312,,
Chordata,Aves,Anseriformes,Anatidae,Netta,Netta rufina,,1,1.237,7.1,5.73969280517381,,
Chordata,Aves,Psittaciformes,Psittaculidae,Loriculus,Loriculus galgulus,,1,0.027,0.516666666666667,19.1358024691358,,
Chordata,Aves,Psittaciformes,Psittaculidae,Melopsittacus,Melopsittacus undulatus,,1,0.039,0.622222222222222,15.954415954416,,
Chordata,Aves,Psittaciformes,Psittaculidae,Neophema,Neophema pulchella,,1,0.04,0.580555555555555,14.5138888888889,,
Chordata,Aves,Psittaciformes,Psittaculidae,Neophema,Neophema bourkii,,1,0.04,0.538888888888889,13.4722222222222,,
Chordata,Aves,Cuculiformes,Cuculidae,Cuculus,Cuculus canorus,,1,0.128,1.25555555555556,9.80902777777778,,
Chordata,Aves,Cuculiformes,Cuculidae,Centropus,Centropus senegalensis,,1,0.175,1.50833333333333,8.61904761904762,,
Chordata,Aves,Cuculiformes,Cuculidae,Eudynamys,Eudynamys scolopacea,,1,0.188,1.64444444444444,8.74704491725768,,
Chordata,Aves,Gruiformes,Rallidae,Fulica,Fulica atra,,1,0.754,4.36388888888889,5.78765104627174,,
Chordata,Aves,Charadriiformes,Scolopacidae,Tringa,Tringa ochropus,,1,0.09,0.922222222222222,10.2469135802469,,
Chordata,Aves,Accipitriformes,Accipitridae,Buteo,Buteo buteo,,1,1.012,3.75555555555556,3.71102327624067,,
Chordata,Aves,Galliformes,Phasianidae,Coturnix,Coturnix chinensis,,1,0.049,0.627777777777778,12.81179138322,,
Chordata,Aves,Galliformes,Phasianidae,Coturnix,Coturnix japonica,,1,0.115,0.977777777777778,8.5024154589372,,
Chordata,Aves,Bucerotiformes,Upupidae,Upupa,Upupa epops,,1,0.067,0.552777777777778,8.25041459369818,,
Chordata,Aves,Sphenisciformes,Spheniscidae,Eudyptula,Eudyptula minor,,5,0.96,4.18,4.35416666666667,,
Chordata,Aves,Passeriformes,Maluridae,Malurus,Malurus cyaneus,,10,0.0087,0.176666666666667,20.3065134099617,,
Chordata,Aves,Passeriformes,Maluridae,Malurus,Malurus lamberti,,7,0.0078,0.183333333333333,23.5042735042735,,
Chordata,Aves,Passeriformes,Meliphagidae,Acanthagenys,Acanthagenys rufogularis,,7,0.0434,0.633333333333333,14.5929339477727,,
Chordata,Aves,Passeriformes,Meliphagidae,Manorina,Manorina flavigula,,5,0.0411,0.61,14.8418491484185,,
Chordata,Aves,Passeriformes,Meliphagidae,Meliphaga,Meliphaga lewinii,,7,0.0362,0.533333333333333,14.7329650092081,,
Chordata,Aves,Passeriformes,Meliphagidae,Lichenostomus,Lichenostomus virescens,,4,0.0207,0.353333333333333,17.0692431561997,,
Chordata,Aves,Passeriformes,Meliphagidae,Acanthorhynchus,Acanthorhynchus tenuirostris,,7,0.0113,0.276666666666667,24.4837758112094,,
Chordata,Aves,Passeriformes,Pardalotidae,Pardalotus,Pardalotus punctatus,,2,0.0078,0.22,28.2051282051282,,
Chordata,Aves,Passeriformes,Acanthizidae,Sericornis,Sericornis citreogularis,,3,0.0169,0.363333333333333,21.4990138067061,,
Chordata,Aves,Passeriformes,Acanthizidae,Sericornis,Sericornis frontalis,,11,0.0132,0.32,24.2424242424242,,
Chordata,Aves,Passeriformes,Acanthizidae,Sericornis,Sericornis magnirostris,,1,0.0087,0.203333333333333,23.3716475095785,,
Chordata,Aves,Passeriformes,Acanthizidae,Smicrornis,Smicrornis brevirostris,,1,0.0059,0.163333333333333,27.683615819209,,
Chordata,Aves,Passeriformes,Acanthizidae,Acanthiza,Acanthiza pusilla,,6,0.0064,0.223333333333333,34.8958333333333,,
Chordata,Aves,Passeriformes,Acanthizidae,Acanthiza,Acanthiza uropygialis,,2,0.0066,0.176666666666667,26.7676767676768,,
Chordata,Aves,Passeriformes,Acanthizidae,Acanthiza,Acanthiza chrysorrhoa,,8,0.0083,0.223333333333333,26.9076305220884,,
Chordata,Aves,Passeriformes,Acanthizidae,Acanthiza,Acanthiza lineata,,1,0.0073,0.16,21.9178082191781,,
Chordata,Aves,Passeriformes,Pomatostomidae,Pomatostomus,Pomatostomus superciliosus,,4,0.0361,0.343333333333333,9.51061865189289,,
Chordata,Aves,Passeriformes,Pomatostomidae,Pomatostomus,Pomatostomus ruficeps,,8,0.0454,0.44,9.69162995594714,,
Chordata,Aves,Passeriformes,Petroicidae,Eopsaltria,Eopsaltria australis,,7,0.0192,0.35,18.2291666666667,,
Chordata,Aves,Passeriformes,Psophodidae,Psophodes,Psophodes olivaceus,,1,0.061,0.706666666666667,11.5846994535519,,
Chordata,Aves,Passeriformes,Pachycephalidae,Pachycephala,Pachycephala pectoralis,,4,0.024,0.36,15,,
Chordata,Aves,Passeriformes,Dicruridae,Rhipidura,Rhipidura fuliginosa,,1,0.0089,0.163333333333333,18.3520599250936,,
Chordata,Aves,Passeriformes,Artamidae,Cracticus,Cracticus torquatus,,2,0.0937,0.71,7.57737459978655,,
Chordata,Aves,Passeriformes,Artamidae,Strepera,Strepera graculina,,1,0.3067,1.88333333333333,6.14063688729486,,
Chordata,Aves,Passeriformes,Passeridae,Passer,Passer domesticus,,35,0.023,0.313333333333333,13.6231884057971,,
Chordata,Aves,Passeriformes,Estrildidae,Taeniopygia,Taeniopygia guttata,,8,0.0117,0.213333333333333,18.2336182336182,,
Chordata,Aves,Passeriformes,Estrildidae,Neochmia,Neochmia temporalis,,2,0.0096,0.176666666666667,18.4027777777778,,
Chordata,Aves,Passeriformes,Pycnonotidae,Pycnonotus,Pycnonotus jocosus,,2,0.0329,0.356666666666667,10.8409321175279,,
Chordata,Aves,Passeriformes,Zosteropidae,Zosterops,Zosterops lateralis,,6,0.0104,0.21,20.1923076923077,,
Chordata,Aves,Passeriformes,Turdidae,Zoothera,Zoothera lunulata,,2,0.1132,1.02333333333333,9.04004711425206,,
Chordata,Aves,Passeriformes,Turdidae,Turdus,Turdus merula,,3,0.0851,0.96,11.2808460634548,,
Chordata,Aves,Passeriformes,Sturnidae,Sturnus,Sturnus vulgaris,,8,0.0575,0.586666666666667,10.2028985507246,,
Chordata,Aves,Passeriformes,Sturnidae,Acridotheres,Acridotheres tristis,,4,0.1023,0.883333333333333,8.63473444118605,,
Chordata,Aves,Spheniscoiformes,Spheniscudae,Eudyptes,Eudyptes pachyrhynchus,,4,2.6,6.92954166666667,2.66520833333333,,
Chordata,Aves,Spheniscoiformes,Spheniscudae,Megadyptes,Megadyptes antipodes,,1,4.8,11.5330833333333,2.40272569444444,,
Chordata,Aves,Spheniscoiformes,Spheniscudae,Spheniscus,Spheniscus humboldti,,3,3.87,9.49783333333333,2.45422049956934,,
Chordata,Aves,Passeriformes,Passerellidae,Calamospiza,Calamospiza melanocorys,male,10,0.0326,0.454588888888889,13.9444444444444,,
Chordata,Aves,Spheniscoformes,Spheniscidae,Pygoscelis,Pygoscelis adeliae,,8,3.5,17.8888888888889,5.11111111111111,,
Chordata,Aves,Procellariiformes,Procellariidae,Macronectes,Macronectes giganteus,male,2,3.98,18.1311111111111,4.55555555555556,,
Chordata,Aves,Procellariiformes,Procellariidae,Macronectes,Macronectes giganteus,female,6,3.28,16.5822222222222,5.05555555555556,,
Chordata,Aves,Pelecaniformes,Phalacrocoracidae,Leucocarbo,Leucocarbo atriceps,,6,2.66,15.2211111111111,5.72222222222222,,
Chordata,Aves,Charadriiformes,Stercorariidae,Stercorarius,Stercorarius maccormicki,,9,1.13,8.16111111111111,7.22222222222222,,
Chordata,Aves,Procellariiformes,Diomedediae,Phoebastria,Phoebastria immutabilis,,4,2.522,7.42588888888889,2.94444444444445,,
Chordata,Aves,Procellariiformes,Procellariidae,Pterodroma,Pterodroma hypoleuca,,5,0.169,1.25811111111111,7.44444444444444,,
Chordata,Aves,Galliformes,Phasianidae,Alectoris,Alectoris chukar,,1,0.475,1.92638888888889,4.05555555555556,,
Chordata,Aves,Procellariiformes,Procellariidae,Macronectes,Macronectes giganteus,,6,4.78,13.3564814814815,2.79424298775763,,
Chordata,Aves,Procellariiformes,Diomedeidae,Thalassarche,Thalassarche chrysostoma,,3,3.753,8.50694444444444,2.266705154395,,
Chordata,Aves,Procellariiformes,Diomedeidae,Phoebetria,Phoebetria fusca,,4,2.875,8.27546296296296,2.87842190016103,,
Chordata,Aves,Procellariiformes,Procellariidae,Procellaria,Procellaria aequinoctialis,,7,1.287,6.30787037037037,4.90122017899796,,
Chordata,Aves,Procellariiformes,Procellariidae,Procellaria,Procellaria cinerea,,2,1.014,5.01157407407407,4.94238074366279,,
Chordata,Aves,Procellariiformes,Procellariidae,Pterodroma,Pterodroma brevirostris,,2,0.315,1.77083333333333,5.62169312169312,,
Chordata,Aves,Procellariiformes,Procellariidae,Pterodroma,Pterodroma mollis,,2,0.274,1.74768518518519,6.37841308461746,,
Chordata,Aves,Procellariiformes,Procellariidae,Pachyptila,Pachyptila salvini,,3,0.165,1.55092592592593,9.39955106621773,,
Chordata,Aves,Procellariiformes,Procellariidae,Pelecanoides,Pelecanoides georgicus,,2,0.127,0.983796296296296,7.7464275298921,,
Chordata,Aves,Passeriformes,Nectariniidae,Aethopyga,Aethopyga christinae,,12,0.0052,0.371655555555556,71.4722222222222,,
Chordata,Aves,Passeriformes,Nectariniidae,Cinnyris,Cinnyris bifasciatus,,1,0.0062,0.23715,38.25,,
Chordata,Aves,Passeriformes,Nectariniidae,Aethopyga,Aethopyga siparaja,,2,0.0068,0.400066666666667,58.8333333333333,,
Chordata,Aves,Passeriformes,Nectariniidae,Cinnyris,Cinnyris venustus,,3,0.0071,0.327783333333333,46.1666666666667,,
Chordata,Aves,Passeriformes,Nectariniidae,Cinnyris,Cinnyris cupreus,,2,0.0074,0.400833333333333,54.1666666666667,,
Chordata,Aves,Passeriformes,Nectariniidae,Hedydipna,Hedydipna collaris,,3,0.0083,0.432752777777778,52.1388888888889,,
Chordata,Aves,Passeriformes,Nectariniidae,Cyanomitra,Cyanomitra veroxii,,1,0.0084,0.444966666666667,52.9722222222222,,
Chordata,Aves,Passeriformes,Nectariniidae,Chalcomitra,Chalcomitra adelberti,,1,0.0095,0.444916666666667,46.8333333333333,,
Chordata,Aves,Passeriformes,Nectariniidae,Chalcomitra,Chalcomitra amethystina,,1,0.01,0.409166666666667,40.9166666666667,,
Chordata,Aves,Passeriformes,Nectariniidae,Anthreptes,Anthreptes orientalis,,1,0.0118,0.362194444444444,30.6944444444444,,
Chordata,Aves,Passeriformes,Nectariniidae,Chalcomitra,Chalcomitra senegalensis,,2,0.0126,0.392,31.1111111111111,,
Chordata,Aves,Passeriformes,Nectariniidae,Nectarinia,Nectarinia tacazze,,1,0.0135,0.5925,43.8888888888889,,
Chordata,Aves,Passeriformes,Nectariniidae,Nectarinia,Nectarinia killmensis,,2,0.0142,0.548672222222222,38.6388888888889,,
Chordata,Aves,Galliformes,Phasianidae,Coturnix,Coturnix pectoralis,,1,0.0958,0.633344444444444,6.61111111111111,,
Chordata,Aves,Galliformes,Phasianidae,Coturnix,Coturnix chinensis,,1,0.0449,0.366683333333333,8.16666666666667,,
Chordata,Aves,Passeriformes,Meliphagidae,Lichmera,Lichmera indistincta,,6,0.0101,0.211538888888889,20.9444444444444,,
Chordata,Aves,Passeriformes,Meliphagidae,Gliciphila,Gliciphila melanops,,13,0.0188,0.2914,15.5,,
Chordata,Aves,Passeriformes,Meliphagidae,Melithreptus,Melithreptus lunatus,,11,0.0143,0.247866666666667,17.3333333333333,,
Chordata,Aves,Passeriformes,Meliphagidae,Phylidonyris,Phylidonyris novaehollandiae,,12,0.0174,0.31712962962963,18.225840783312,,
Chordata,Aves,Passeriformes,Meliphagidae,Acanthorhynchus,Acanthorhynchus tenuirostris,,6,0.0097,0.248842592592593,25.6538755250095,,
Chordata,Aves,Passeriformes,Meliphagidae,Phylidonyris,Phylidonyris pyrrhopterus,,1,0.0146,0.321759259259259,22.0383054287164,,
Chordata,Aves,Passeriformes,Remizidae,Auriparus,Auriparus flaviceps,,10,0.0068,0.163955555555556,24.1111111111111,,
Chordata,Aves,Passeriformes,Passerellidae,Spizella,Spizella arborea,,1,0.0166,0.329516666666667,19.8504016064257,,
Chordata,Aves,Passeriformes,Passerellidae,Junco,Junco hyemalis,,1,0.018,0.295595833333333,16.4219907407407,,
Chordata,Aves,Passeriformes,Passerellidae,Melospiza,Melospiza melodia,,1,0.0186,0.377975,20.3212365591398,,
Chordata,Aves,Passeriformes,Passerellidae,Zonotrichia,Zonotrichia albicollis,,1,0.0236,0.460354166666667,19.5065324858757,,
Chordata,Aves,Passeriformes,Passerellidae,Passerella,Passerella iliaca,,1,0.0317,0.547579166666667,17.2737907465825,,
Chordata,Aves,Passeriformes,Icteridae,Molothrus,Molothrus ater,,1,0.0337,0.533041666666667,15.8172601384768,,
Chordata,Aves,Passeriformes,Corvidae,Corvus,Corvus cryptoleucus,,1,0.64,3.82820833333333,5.98157552083333,,
Chordata,Aves,Passeriformes,Corvidae,Corvus,Corvus corax,,1,0.866,4.59869583333333,5.31027232486528,,
Chordata,Aves,Galliformes,Phasianidae,Excalfactoria,Excalfactoria chinensis,,1,0.0427,0.29075,6.80913348946136,,
Chordata,Aves,Galliformes,Odontophoridae,Colinus,Colinus virginianus,,1,0.194,1.11454166666667,5.74506013745704,,
Chordata,Aves,Columbiformes,Columbidae,Leptotila,Leptotila verreauxi,,2,0.131,0.8867875,6.76937022900763,,
Chordata,Aves,Passeriformes,Pipridae,Ceratopipra,Ceratopipra mentalis,female,2,0.0145,0.297534166666667,20.5195977011494,,
Chordata,Aves,Passeriformes,Pipridae,Manacus,Manacus vitellinus,male,2,0.0182,0.236476666666667,12.9932234432234,,
Chordata,Aves,Passeriformes,Pipridae,Manacus,Manacus vitellinus,female,9,0.015,0.28638875,19.0925833333333,,
Chordata,Aves,Passeriformes,Furnariidade,Xiphorhynchus,Xiphorhynchus guttatus,,2,0.0452,0.44630125,9.87392146017699,,
Chordata,Aves,Passeriformes,Thamnophilidae,Thamnophilus,Thamnophilus punctatus,male,1,0.021,0.34163125,16.2681547619048,,
Chordata,Aves,Passeriformes,Estrildidae,Lonchura,Lonchura malacca,,3,0.0118,0.140972222222222,11.9467984934087,,
Chordata,Aves,Passeriformes,Estrildidae,Lonchura,Lonchura maja,,3,0.0128,0.152199074074074,11.890552662037,,
Chordata,Aves,Passeriformes,Passeridae,Passer,Passer montanus,,10,0.0175,0.197685185185185,11.2962962962963,,
Chordata,Aves,Passeriformes,Pycnonotidae,Pycnonotus,Pycnonotus goiavier,,9,0.0286,0.244675925925926,8.5551023051023,,
Chordata,Aves,Passeriformes,Nectariniidae,Arachnothera,Arachnothera longirostra,,2,0.013,0.188541666666667,14.5032051282051,,
Chordata,Aves,Passeriformes,Muscicapidae,Copsychus,Copsychus saularis,,4,0.0335,0.231134259259259,6.89953012714207,,
Chordata,Aves,Passeriformes,Pycnonotidae,Pycnonotus,Pycnonotus finlaysoni,,3,0.0263,0.224884259259259,8.55073229122659,,
Chordata,Aves,Passeriformes,Pellorneidae,Malacopteron,Malacopteron cinereum,,1,0.0158,0.211226851851852,13.3687880918894,,
Chordata,Aves,Passeriformes,Pycnonotidae,Alophoixus,Alophoixus bres,,2,0.035,0.355208333333333,10.1488095238095,,
Chordata,Aves,Passeriformes,Nectariniidae,Arachnothera,Arachnothera flavigaster,,2,0.0363,0.298611111111111,8.22620140801959,,
Chordata,Aves,Passeriformes,Monarchidae,Hypothymis,Hypothymis azurea,,1,0.0108,0.138888888888889,12.8600823045267,,
Chordata,Aves,Cuculiformes,Chloropseidae,Chloropsis,Chloropsis sonnerati,,1,0.0397,0.378472222222222,9.53330534564791,,
Chordata,Aves,Cuculiformes,Cuculidae,Cacomantis,Cacomantis variolosus,,1,0.0238,0.121527777777778,5.1062091503268,,
Chordata,Aves,Passeriformes,Laniidae,Lanius,Lanius cristatus,,1,0.0268,0.252314814814815,9.41473189607518,,
Chordata,Aves,Passeriformes,Acrocephalidae,Acrocephalus,Acrocephalus arundinaceus,,4,0.0269,0.255787037037037,9.50881178576346,,
Chordata,Aves,Passeriformes,Acrocephalidae,Acrocephalus,Acrocephalus bistrigiceps,,1,0.0219,0.128472222222222,5.86631151699645,,
Chordata,Aves,Passeriformes,Muscicapidae,Larvivora,Larvivora cyane,,3,0.0079,0.173611111111111,21.9760900140647,,
Chordata,Aves,Strigiformes,Strigidae,Otus,Otus scops,,2,0.0134,0.354166666666667,26.4303482587065,,
Chordata,Aves,Piciformes,Picidae,Melanerpes,Melanerpes formicivorus,female,1,0.0784,2.80092592592593,35.7260959939531,,
Chordata,Aves,Piciformes,Picidae,Melanerpes,Melanerpes formicivorus,male,1,0.0867,2.40740740740741,27.7670981246529,,
Chordata,Aves,Piciformes,Picidae,Melanerpes,Melanerpes formicivorus,male,1,0.0845,2.06018518518519,24.3808897655051,,
Chordata,Aves,Piciformes,Picidae,Melanerpes,Melanerpes formicivorus,female,1,0.0794,1.74768518518519,22.011148428025,,
Chordata,Aves,Galliformes,Odontophoridae,Callipepla,Callipepla gambelii,,1,0.145,0.536111111111111,3.69731800766283,,
Chordata,Aves,Galliformes,Odontophoridae,Callipepla,Callipepla gambelii,,1,0.145,0.733333333333333,5.05747126436782,,
Chordata,Aves,Procellariiformes,Procellariidae,Ardenna,Ardenna pacificus,,1,0.3378,1.50133333333333,4.44444444444444,,
Chordata,Aves,Procellariiformes,Procellariidae,Puffinus,Puffinus nativitatis,,1,0.3076,1.48673333333333,4.83333333333333,,
Chordata,Aves,Procellariiformes,Procellariidae,Pterodroma,Pterodroma hypoleuca,,1,0.1674,0.8463,5.05555555555556,,
Chordata,Aves,Procellariiformes,Procellariidae,Bulweria,Bulweria bulwerii,,1,0.087,0.512333333333333,5.88888888888889,,
Chordata,Aves,Phaethontiformes,Phaethontidae,Phaethon,Phaethon rubricauda,,1,0.5932,3.36146666666667,5.66666666666667,,
Chordata,Aves,Charadriiformes,Laridae,Onychoprion,Onychoprion lunatus,,1,0.1317,0.709716666666667,5.38888888888889,,
Chordata,Aves,Charadriiformes,Laridae,Gygis,Gygis alba,,1,0.0981,0.82295,8.38888888888889,,
Chordata,Aves,Charadriiformes,Laridae,Anous,Anous minutus,,1,0.0902,0.641422222222222,7.11111111111111,,
Chordata,Aves,Apodiformes,Trochilidae,Ocreatus,Ocreatus underwoodii,,1,0.0027,0.36975,136.944444444444,,
Chordata,Aves,Apodiformes,Trochilidae,Chlorostilbon,Chlorostilbon mellisugus,male,1,0.0029,0.344777777777778,118.888888888889,,
Chordata,Aves,Apodiformes,Trochilidae,Orthorhyncus,Orthorhyncus cristatus,male,1,0.0029,0.302083333333333,104.166666666667,,
Chordata,Aves,Apodiformes,Trochilidae,Orthorhyncus,Orthorhyncus cristatus,male,1,0.0029,0.241666666666667,83.3333333333333,,
Chordata,Aves,Apodiformes,Trochilidae,Archilochus,Archilochus alexandri,male,1,0.0029,0.38425,132.5,,
Chordata,Aves,Apodiformes,Trochilidae,Archilochus,Archilochus alexandri,female,1,0.0032,0.424888888888889,132.777777777778,,
Chordata,Aves,Apodiformes,Trochilidae,Chaetocercus,Chaetocercus mulsant,female,1,0.0033,0.408833333333333,123.888888888889,,
Chordata,Aves,Apodiformes,Trochilidae,Urosticte,Urosticte benjamini,female,1,0.0039,0.296833333333333,76.1111111111111,,
Chordata,Aves,Apodiformes,Trochilidae,Trochilus,Trochilus scitulus,female,1,0.004,0.57,142.5,,
Chordata,Aves,Apodiformes,Trochilidae,Chrysuronia,Chrysuronia oenone,male,1,0.005,0.598611111111111,119.722222222222,,
Chordata,Aves,Apodiformes,Trochilidae,Florisuga,Florisuga mellivora,male,1,0.0069,0.774333333333333,112.222222222222,,
Chordata,Aves,Apodiformes,Trochilidae,Aglaeactis,Aglaeactis cupripennis,,1,0.0072,0.494,68.6111111111111,,
Chordata,Aves,Apodiformes,Trochilidae,Boissonneaua,Boissonneaua matthewsii,,1,0.0072,0.552,76.6666666666667,,
Chordata,Aves,Apodiformes,Trochilidae,Anthracothorax,Anthracothorax nigricollis,,1,0.0077,0.573222222222222,74.4444444444444,,
Chordata,Aves,Apodiformes,Trochilidae,Eugenes,Eugenes fulgens,male,1,0.0079,0.625416666666667,79.1666666666667,,
Chordata,Aves,Apodiformes,Trochilidae,Lampornis,Lampornis clemenciae,male,1,0.008,0.56,70,,
Chordata,Aves,Apodiformes,Trochilidae,Lampornis,Lampornis clemenciae,male,1,0.0083,0.696277777777778,83.8888888888889,,
Chordata,Aves,Apodiformes,Trochilidae,Oreotrochilus,Oreotrochilus estella,male,1,0.0085,0.684722222222222,80.5555555555556,,
Chordata,Aves,Apodiformes,Trochilidae,Oreotrochilus,Oreotrochilus estella,male,1,0.0089,0.536472222222222,60.2777777777778,,
Chordata,Aves,Apodiformes,Trochilidae,Eulampis,Eulampis jugularis,male,1,0.0095,0.538333333333333,56.6666666666667,,
Chordata,Aves,Apodiformes,Trochilidae,Patagona,Patagona gigas,,1,0.0175,0.957638888888889,54.7222222222222,,
Chordata,Aves,Charadriiformes,Laridae,Onychoprion,Onychoprion fuscatus,,4,0.1504,0.810488888888889,5.38888888888889,,
Chordata,Aves,Struthioniformes,Struthionidae,Struthio,Struthio camelus,,14,95.4,59.89,0.627777777777778,,
Arthropoda,Insecta,Orthoptera,Tettigonildae,Requena,Requena verticalis,male,23,0.000371,0.000674473799191069,1.81798867706488,,
Arthropoda,Insecta,Hemiptera,Cicadidae,Fidicina,Fidicina mannifera,both,17,0.00284,0.0037690700099193,1.32713732743637,,
Arthropoda,Insecta,Blattodea,Blaberidae,Blaberus,Blaberus giganteous,,5,0.00433,0.00359114031409278,0.829362659143829,,
Arthropoda,Insecta,Coleoptera,Scarabaeidae,Aphodius,Aphodius fossor,,10,0.0001213,0.000277810694444444,2.29027777777778,,
Arthropoda,Insecta,Hymenoptera,Formicidae,Paraponera,Paraponera clavata,,6,0.00019,0.000411541214153826,2.16600639028329,,
Arthropoda,Insecta,Coleoptera,Tenebrionidae,Onymacris,Onymacris plana,male,6,0.000691,0.00128602777777778,1.86111111111111,,
Arthropoda,Insecta,Coleoptera,Tenebrionidae,Onymacris,Onymacris plana,male,12,0.000687,0.000573261877000505,0.834442324600443,,
Arthropoda,Insecta,Coleoptera,Tenebrionidae,Physadesmia,Physadesmia globosa,male,8,0.000652,0.000655622222222222,1.00555555555556,,
Arthropoda,Insecta,Coleoptera,Tenebrionidae,Physadesmia,Physadesmia globosa,male,13,0.000743,0.00062507253772877,0.841282015785693,,
Arthropoda,Insecta,Coleoptera,Tenebrionidae,Physosterna,Physosterna cribripes,male,9,0.001226,0.00130092222222222,1.06111111111111,,
Arthropoda,Insecta,Coleoptera,Tenebrionidae,Physosterna,Physosterna cribripes,male,8,0.001285,0.00102443055555556,0.797222222222222,,
Arthropoda,Insecta,Coleoptera,Tenebrionidae,Physosterna,Physosterna cribripes,male,13,0.001226,0.000779847909559782,0.636091280228207,,
Arthropoda,Insecta,Coleoptera,Tenebrionidae,Epiphysa,Epiphysa arenicola,male,13,0.001187,0.000901177191494923,0.759205721562698,,
Arthropoda,Insecta,Diptera,Pantophthalmidae,Pantophthalmus,Pantophthalmus tabaninus,,10,0.001746,0.00299088908953743,1.71299489664229,,
Arthropoda,Insecta,Coleoptera,Scarabaeidae,Sisyphus,Sisyphus fasciculatus,,6,0.000136,0.000208533333333333,1.53333333333333,,
Arthropoda,Insecta,Coleoptera,Scarabaeidae,Scarabaeus,Scarabaeus rusticus,,6,0.000564,0.000476266666666667,0.844444444444444,,
Arthropoda,Insecta,Coleoptera,Scarabaeidae,Anachalcos,Anachalcos convexus,,5,0.001421,0.000876283333333333,0.616666666666667,,
Arthropoda,Insecta,Coleoptera,Scarabaeidae,Scarabaeus,Scarabaeus flavicornis,,12,0.000322,0.000280855555555556,0.872222222222222,,
Arthropoda,Insecta,Coleoptera,Scarabaeidae,Scarabaeus,Scarabaeus bacchus,,7,0.007285,0.00206408333333333,0.283333333333333,,
Arthropoda,Insecta,Coleoptera,Tenebrionidae,Helius,Helius waitei,,13,0.000716,0.00137492985230718,1.92029308981449,,
Arthropoda,Insecta,Coleoptera,Tenebrionidae,Helius,Helius waitei,,28,0.000672,0.00166666666666667,2.48015873015873,,
Arthropoda,Insecta,Coleoptera,Tenebrionidae,Helius,Helius waitei,,8,0.000704,0.00142403448988957,2.02277626404769,,
Arthropoda,Insecta,Coleoptera,Tenebrionidae,Helius,Helius waitei,,6,0.000757,0.00107638888888889,1.42191398796419,,
Arthropoda,Insecta,Coleoptera,Tenebrionidae,Helius,Helius waitei,,9,0.000716,0.00117851130197758,1.64596550555528,,
Arthropoda,Insecta,Coleoptera,Tenebrionidae,Pterohelaeus,Pterohelaeus sp.,,7,0.000252,0.000274985970461435,1.09121416849776,,
Arthropoda,Insecta,Coleoptera,Tenebrionidae,Pterohelaeus,Pterohelaeus sp.,,7,0.000245,0.000479166666666667,1.95578231292517,,
Arthropoda,Insecta,Coleoptera,Tenebrionidae,Pterohelaeus,Pterohelaeus sp.,,6,0.000229,0.000309359216769115,1.35091361034548,,
Arthropoda,Insecta,Coleoptera,Tenebrionidae,Pterohelaeus,Pterohelaeus sp.,,7,0.000258,0.000395833333333333,1.53423772609819,,
Arthropoda,Insecta,Coleoptera,Tenebrionidae,Pterohelaeus,Pterohelaeus sp.,,7,0.00025,0.000294627825494395,1.17851130197758,,
Arthropoda,Insecta,Coleoptera,Carabidae,Cerotalis,Cerotalis sp.,,7,0.000607,0.000451762665758072,0.744254803555308,,
Arthropoda,Insecta,Coleoptera,Carabidae,Cerotalis,Cerotalis sp.,,11,0.000562,0.000472222222222222,0.840253064452353,,
Arthropoda,Insecta,Coleoptera,Carabidae,Cerotalis,Cerotalis sp.,,5,0.000552,0.000343732463076794,0.62270373745796,,
Arthropoda,Insecta,Coleoptera,Carabidae,Cerotalis,Cerotalis sp.,,8,0.00056,0.000284722222222222,0.50843253968254,,
Arthropoda,Insecta,Coleoptera,Carabidae,Cerotalis,Cerotalis sp.,,6,0.000558,0.000287262129857035,0.514806684331604,,
Arthropoda,Insecta,Coleoptera,Carabidae,Carenum,Carenum sp.,,3,0.00461,0.00266147135696603,0.577325673962263,,
Arthropoda,Insecta,Coleoptera,Carabidae,Carenum,Carenum sp.,,11,0.00424,0.00241666666666667,0.569968553459119,,
Arthropoda,Insecta,Coleoptera,Carabidae,Carenum,Carenum sp.,,6,0.00439,0.00250433651670236,0.570463899021038,,
Arthropoda,Insecta,Coleoptera,Carabidae,Carenum,Carenum sp.,,3,0.00343,0.00205555555555556,0.599287333981211,,
Chordata,Aves,Galliformes,Odontophoridae,Callipepla,Callipepla californica,male,1,0.1496,0.797866666666667,5.33333333333333,,
Chordata,Aves,Galliformes,Odontophoridae,Callipepla,Callipepla californica,female,1,0.1274,0.743166666666667,5.83333333333333,,
Arthropoda,Insecta,Lepidoptera,Crambidae,Ostrinia,Ostrinia nubilalis,male,34,4e-05,0.000406892427378474,10.1723106844619,,
Arthropoda,Insecta,Lepidoptera,Crambidae,Ostrinia,Ostrinia nubilalis,female,31,6.65e-05,0.000702728899760081,10.5673518760914,,
Arthropoda,Insecta,Lepidoptera,Crambidae,Ostrinia,Ostrinia nubilalis,male,33,3.36e-05,0.000340130465993074,10.1229305355082,,
Arthropoda,Insecta,Lepidoptera,Crambidae,Ostrinia,Ostrinia nubilalis,female,34,6.22e-05,0.000540574366625927,8.69090621585091,,
Arthropoda,Insecta,Lepidoptera,Crambidae,Ostrinia,Ostrinia nubilalis,male,30,3.28e-05,0.000236471657309471,7.20950174723996,,
Arthropoda,Insecta,Lepidoptera,Crambidae,Ostrinia,Ostrinia nubilalis,female,33,5.65e-05,0.000337587388321959,5.9749980233975,,
Arthropoda,Insecta,Blattodea,Blattidae,Periplaneta,Periplaneta americana,male,15,0.00073,0.00210888888888889,2.88888888888889,,
Arthropoda,Insecta,Blattodea,Blaberidae,Blaberus,Blaberus discoidalis,male,8,0.00408,0.00385333333333333,0.944444444444445,,
Arthropoda,Insecta,Blattodea,Blaberidae,Gromphadorhina,Gromphadorhina chopardi,male,22,0.0034,0.00264444444444444,0.777777777777778,,
Arthropoda,Insecta,Blattodea,Blaberidae,Eublaberus,Eublaberus posticus,male,3,0.0022,0.00415555555555556,1.88888888888889,,
Arthropoda,Insecta,Blattodea,Blaberidae,Byrsotria,Byrsotria fumagata,female,2,0.00495,0.0055,1.11111111111111,,
Arthropoda,Insecta,Hymenoptera,Formicidae,Camponotus,Camponotus herculeanus,,23,7.48e-06,0.000111784444444444,14.9444444444444,,
Arthropoda,Insecta,Hymenoptera,Formicidae,Camponotus,Camponotus herculeanus,,12,1.042e-05,0.000237923333333333,22.8333333333333,,
Arthropoda,Insecta,Hymenoptera,Formicidae,Formica,Formica fusca,,23,1.46e-06,2.14944444444445e-05,14.7222222222222,,
Arthropoda,Insecta,Hymenoptera,Formicidae,Formica,Formica fusca,,12,1.23e-06,3.82666666666667e-05,31.1111111111111,,
Arthropoda,Insecta,Hymenoptera,Formicidae,Myrmica,Myrmica alaskensis,,11,1.15e-06,1.0925e-05,9.5,,
Arthropoda,Insecta,Hymenoptera,Formicidae,Myrmica,Myrmica alaskensis,,11,6.7e-07,9.08222222222223e-06,13.5555555555556,,
Arthropoda,Insecta,Hymenoptera,Formicidae,Leptothorax,Leptothorax acerovorum,,11,3.7e-07,5.03611111111111e-06,13.6111111111111,,
Arthropoda,Insecta,Hymenoptera,Formicidae,Pogonomymex,Pogonomymex maricopa,,13,3.78e-06,3.528e-05,9.33333333333334,,
Arthropoda,Insecta,Hymenoptera,Formicidae,Aphaenogaster,Aphaenogaster cockerelli,,11,4.72e-06,8.12888888888889e-05,17.2222222222222,,
Arthropoda,Insecta,Hymenoptera,Formicidae,Camponotus,Camponotus vafer,,12,4.51e-06,5.78783333333333e-05,12.8333333333333,,
Arthropoda,Insecta,Hymenoptera,Formicidae,Forelius,Forelius foetidus,,14,1e-07,1.32222222222222e-06,13.2222222222222,,
Arthropoda,Insecta,Hymenoptera,Formicidae,Camponotus,Camponotus sp.,,12,1.541e-05,7.705e-05,5,,
Arthropoda,Insecta,Hymenoptera,Formicidae,Camponotus,Camponotus laevigatus,,12,1.915e-05,0.000115963888888889,6.05555555555556,,
Arthropoda,Insecta,Hymenoptera,Formicidae,Formica,Formica occulta,,11,1.3e-06,1.92111111111111e-05,14.7777777777778,,
Arthropoda,Insecta,Hymenoptera,Formicidae,Lasius,Lasius sitiens,,11,2.9e-07,3.19e-06,11,,
Arthropoda,Insecta,Coleoptera,Carabidae,Anthia,Anthia babaulti,,2,0.001295,0.00317443804300681,2.45130350811337,,
Arthropoda,Insecta,Coleoptera,Carabidae,Cypholoba,Cypholoba bihamata,,2,0.000245,0.000947051682269183,3.86551707048646,,
Arthropoda,Insecta,Coleoptera,Carabidae,Cypholoba,Cypholoba tenuicollis,,4,5.9e-05,0.000241971940522037,4.10121933088198,,
Arthropoda,Insecta,Coleoptera,Carabidae,Cypholoba,Cypholoba tetrastigma,,4,0.000132,0.000790262538654086,5.9868374140461,,
Arthropoda,Insecta,Coleoptera,Carabidae,Cypholoba,Cypholoba trilunata,,3,0.000213,0.000522127647228147,2.45130350811337,,
Arthropoda,Insecta,Coleoptera,Carabidae,Cypholoba,Cypholoba sp.,,4,0.000192,0.000923198613517157,4.80832611206852,,
Arthropoda,Insecta,Coleoptera,Carabidae,Chilanthia,Chilanthia cavernosa,,3,0.001026,0.00154771532266112,1.5084944665313,,
Arthropoda,Insecta,Coleoptera,Carabidae,Anthia,Anthia hexastictum,,1,0.002025,0.0023864853865046,1.17851130197758,,
Arthropoda,Insecta,Coleoptera,Carabidae,Cypholoba,Cypholoba chanleri,,3,0.000326,0.000768389368889382,2.35702260395516,,
Arthropoda,Insecta,Coleoptera,Carabidae,Crepidogaster,Crepidogaster bioculata,,3,0.000171,0.000282135605693433,1.64991582276861,,
Arthropoda,Insecta,Coleoptera,Carabidae,Triaenogenius,Triaenogenius sculpturatus,,1,0.00017,0.000336582827844797,1.97989898732233,,
Arthropoda,Insecta,Coleoptera,Carabidae,Calosoma,Calosoma chlorostictum,,1,0.000521,0.000785925617062808,1.5084944665313,,
Arthropoda,Insecta,Coleoptera,Carabidae,Calosoma,Calosoma indet,,1,7.9e-05,0.00052509749570913,6.64680374315355,,
Arthropoda,Insecta,Coleoptera,Tenebrionidae,Phrynocolus,Phrynocolus petrosus,,4,0.001109,0.00035026770108336,0.315841028929991,,
Arthropoda,Insecta,Coleoptera,Tenebrionidae,Phrynocolus,Phrynocolus sp.,,4,0.000204,0.000188486383593086,0.923952860750422,,
Arthropoda,Insecta,Coleoptera,Tenebrionidae,Vieta,Vieta muscosa,,4,0.00014,0.000133313198479704,0.952237131997884,,
Arthropoda,Insecta,Coleoptera,Tenebrionidae,Pimelia,Pimelia cenchronota,,4,0.001474,0.000611468232008463,0.414835978296108,,
Arthropoda,Insecta,Coleoptera,Tenebrionidae,Adesmia,Adesmia baccata,,5,0.000407,0.000176512708764994,0.433692159127749,,
Arthropoda,Insecta,Coleoptera,Tenebrionidae,Rhytinota,Rhytinota praelonga,,4,0.000105,9.84999746192861e-05,0.938094996374153,,
Arthropoda,Insecta,Coleoptera,Tenebrionidae,Zophosis,Zophosis congesta,,4,1.1e-05,1.01116269709676e-05,0.919238815542512,,
Arthropoda,Insecta,Coleoptera,Tenebrionidae,Peristeptus,Peristeptus sp.,,4,5.5e-05,5.3669404692059e-05,0.975807358037436,,
Arthropoda,Insecta,Coleoptera,Tenebrionidae,Phrynocolus,Phrynocolus auriculatus,,2,0.000193,0.000166495362698185,0.862670273047588,,
Arthropoda,Insecta,Coleoptera,Tenebrionidae,Vieta,Vieta bulbifera,,4,0.000479,0.000530636498828425,1.10780062385893,,
Arthropoda,Insecta,Blattodea,Blaberidae,Nauphoeta,Nauphoeta cinerea,male,48,0.000515,0.000728167609730048,1.41391768879621,,
Arthropoda,Insecta,Coleoptera,Cerambycidae,Stenodontes,Stenodontes molaria,,1,0.001798,0.00421189396832246,2.34254392009036,,
Arthropoda,Insecta,Coleoptera,Cerambycidae,Stenodontes,Stenodontes molaria,,1,0.004089,0.00806018155724066,1.97118648990968,,
Arthropoda,Insecta,Coleoptera,Cerambycidae,Stenodontes,Stenodontes molaria,,1,0.002674,,,,
Arthropoda,Insecta,Coleoptera,Cerambycidae,Stenodontes,Stenodontes sp.,,1,0.003814,,,,
Arthropoda,Insecta,Coleoptera,Cerambycidae,Stenodontes,Stenodontes sp.,,1,0.001043,0.00200967971281793,1.92682618678613,,
Arthropoda,Insecta,Coleoptera,Cerambycidae,Dryoctenes,Dryoctenes scrupulosa,,1,0.001823,0.0027824191232302,1.52628586024696,,
Arthropoda,Insecta,Coleoptera,Cerambycidae,Macrodontia,Macrodontia dejeani,,1,0.00486,0.00768104314817677,1.58046155312279,,
Arthropoda,Insecta,Coleoptera,Cerambycidae,Xenambyx,Xenambyx laticauda,,1,0.001217,0.00154811722366353,1.27207660120258,,
Arthropoda,Insecta,Coleoptera,Cerambycidae,Nyssicus,Nyssicus setosus,,1,0.000996,0.000704678693707587,0.707508728622075,,
Arthropoda,Insecta,Coleoptera,Cerambycidae,Brasilanus,Brasilanus batus,,1,0.001965,0.00613842969333052,3.12388279558805,,
Arthropoda,Insecta,Coleoptera,Cerambycidae,Oncideres,Oncideres putator,,1,0.000681,0.00107928434168449,1.58485219043243,,
Arthropoda,Insecta,Coleoptera,Cerambycidae,Acanthoderes,Acanthoderes circumflexa,,1,0.000139,0.000267957295042391,1.92775032404598,,
Arthropoda,Insecta,Coleoptera,Cerambycidae,Trachysomus,Trachysomus peregrinus,,1,0.000547,0.00059460355750136,1.08702661334801,,
Arthropoda,Insecta,Coleoptera,Cerambycidae,Eburia,Eburia sp.,,1,0.000715,0.00202446098479078,2.83141396474234,,
Arthropoda,Insecta,Coleoptera,Cerambycidae,Eburia,Eburia sp.,,1,0.000449,0.000615572206672458,1.37098487009456,,
Arthropoda,Insecta,Coleoptera,Cerambycidae,Acrocinus,Acrocinus longimanus,,1,0.005383,0.0183550747104038,3.40982253583574,,
Arthropoda,Insecta,Coleoptera,Cerambycidae,Taeinotes,Taeinotes scalaris,,1,0.000397,0.000937850532648369,2.36234391095307,,
Arthropoda,Insecta,Coleoptera,Scarabaeidae,Pelidnota,Pelidnota sp.,,1,0.000937,0.000524885627302014,0.560176763395959,,
Arthropoda,Insecta,Coleoptera,Scarabaeidae,Pelidnota,Pelidnota sp.,,1,0.001105,0.00190537504450897,1.72432130724793,,
Arthropoda,Insecta,Coleoptera,Scarabaeidae,Pelidnota,Pelidnota sp.,,1,0.001078,0.00108673486252606,1.00810284093326,,
Arthropoda,Insecta,Coleoptera,Scarabaeidae,Pelidnota,Pelidnota sp.,,1,0.003879,0.00200593006558456,0.517125564729199,,
Arthropoda,Insecta,Coleoptera,Scarabaeidae,Pelidnota,Pelidnota sp.,,1,0.005289,0.00172222222222222,0.325623411272872,,
Arthropoda,Insecta,Coleoptera,Scarabaeidae,Pelidnota,Pelidnota sp.,,1,0.001335,0.00125040237295901,0.936630990980531,,
Arthropoda,Insecta,Coleoptera,Scarabaeidae,Strategus,Strategus aloeus,,1,0.00632,,,,
Arthropoda,Insecta,Coleoptera,Scarabaeidae,Strategus,Strategus aloeus,,1,0.0037,0.00311233089720851,0.841170512759057,,
Arthropoda,Insecta,Coleoptera,Scarabaeidae,Strategus,Strategus aloeus,,1,0.005389,0.00547795325296328,1.01650644887053,,
Arthropoda,Insecta,Coleoptera,Scarabaeidae,Strategus,Strategus aloeus,,1,0.0048,0.00600031191834032,1.25006498298757,,
Arthropoda,Insecta,Coleoptera,Scarabaeidae,Coeloesis,Coeloesis biloba,,1,0.00278,0.00184583207436806,0.663968372074842,,
Arthropoda,Insecta,Coleoptera,Scarabaeidae,Coeloesis,Coeloesis biloba,,1,0.00469,0.00561585862442995,1.19741122056076,,
Arthropoda,Insecta,Coleoptera,Scarabaeidae,Cyclocephala,Cyclocephala sp.,,1,0.000273,0.000774058611831767,2.83537953051929,,
Arthropoda,Insecta,Coleoptera,Scarabaeidae,Cyclocephala,Cyclocephala sp.,,1,0.000338,0.000899356863753689,2.66081912353163,,
Arthropoda,Insecta,Coleoptera,Scarabaeidae,Cyclocephala,Cyclocephala sp.,,1,0.00017,0.000476343761127241,2.80202212427789,,
Arthropoda,Insecta,Coleoptera,Scarabaeidae,Cyclocephala,Cyclocephala sp.,,1,0.000204,0.000202365814065841,0.991989284636476,,
Arthropoda,Insecta,Coleoptera,Scarabaeidae,Anomala,Anomala sp.,,1,1e-04,0.000134910542710561,1.34910542710561,,
Arthropoda,Insecta,Coleoptera,Scarabaeidae,Dyscinetus,Dyscinetus sp.,,1,0.00039,0.000462469433612169,1.18581906054402,,
Arthropoda,Insecta,Coleoptera,Passalidae,Popilius,Popilius sp.,,1,0.000724,,,,
Arthropoda,Insecta,Coleoptera,Passalidae,Popilius,Popilius sp.,,1,0.000563,0.00078732844095302,1.39845193774959,,
Arthropoda,Insecta,Coleoptera,Passalidae,Popilius,Popilius sp.,,1,0.000744,,,,
Arthropoda,Insecta,Coleoptera,Tenebrionidae,Nyctobates,Nyctobates procerus,,1,0.002198,0.00172674613408625,0.785598787118403,,
Arthropoda,Insecta,Coleoptera,Tenebrionidae,Zophobas,Zophobas sp.,,1,0.000535,0.00125040237295901,2.33720069711964,,
Arthropoda,Insecta,Diptera,Glossinidae,Glossina,Glossina pallidipes,male,7,2.316e-05,0.000151692804882782,6.54977568578507,,
Arthropoda,Insecta,Diptera,Glossinidae,Glossina,Glossina pallidipes,female,6,2.672e-05,0.00015878125370908,5.94241218971109,,
Arthropoda,Insecta,Blattodea,Rhinotermitidae,Coptotermes,Coptotermes formosanus,,165,3.99e-06,1.02289860787897e-05,2.56365565884453,,
Arthropoda,Insecta,Blattodea,Rhinotermitidae,Reticlitermes,Reticlitermes flavipes,,157,4.14e-06,1.73582643703274e-05,4.19281748075541,,
Arthropoda,Insecta,Hymenoptera,Formicidae,Solenopsis,Solenopsis invicta,,76,2.96e-06,6.64355555555556e-06,2.24444444444444,,
Arthropoda,Insecta,Hemiptera,Reduviidae,Rhodnius,Rhodnius prolixus,,5,2e-05,0.000154149278298667,7.70746391493337,,
Arthropoda,Insecta,Hymenoptera,Formicidae,Anoplolepis,Anoplolepis steinergroeveri,,1,9.4e-07,7.91959594928933e-06,8.42510207371206,,
Arthropoda,Insecta,Hymenoptera,Formicidae,Anoplolepis,Anoplolepis steinergroeveri,,1,9.8e-07,2.54558441227157e-06,2.59753511456283,,
Arthropoda,Insecta,Hymenoptera,Formicidae,Anoplolepis,Anoplolepis steinergroeveri,,1,1.15e-06,3.25269119345812e-06,2.82842712474619,,
Arthropoda,Insecta,Hymenoptera,Formicidae,Anoplolepis,Anoplolepis steinergroeveri,,1,1.17e-06,5.09116882454314e-06,4.35142634576337,,
Arthropoda,Insecta,Hymenoptera,Formicidae,Anoplolepis,Anoplolepis steinergroeveri,,1,1.59e-06,4.94974746830583e-06,3.11304872220493,,
Arthropoda,Insecta,Hymenoptera,Formicidae,Anoplolepis,Anoplolepis steinergroeveri,,1,1.9e-06,5.23259018078045e-06,2.75399483198971,,
Arthropoda,Insecta,Hymenoptera,Formicidae,Anoplolepis,Anoplolepis steinergroeveri,,1,2.9e-06,1.24450793488832e-05,4.2914066720287,,
Arthropoda,Insecta,Hymenoptera,Formicidae,Anoplolepis,Anoplolepis steinergroeveri,,1,3.32e-06,1.08894444302728e-05,3.27995314164844,,
Arthropoda,Insecta,Hymenoptera,Formicidae,Anoplolepis,Anoplolepis steinergroeveri,,1,4.3e-06,1.58391918985787e-05,3.68353299966946,,
Arthropoda,Insecta,Hymenoptera,Formicidae,Anoplolepis,Anoplolepis steinergroeveri,,1,4.64e-06,9.75807358037436e-06,2.10303309921861,,
Arthropoda,Insecta,Hymenoptera,Formicidae,Anoplolepis,Anoplolepis steinergroeveri,,1,4.74e-06,1.27279220613579e-05,2.68521562475904,,
Arthropoda,Insecta,Hymenoptera,Formicidae,Anoplolepis,Anoplolepis steinergroeveri,,1,4.87e-06,1.28693434175952e-05,2.64257565043022,,
Arthropoda,Insecta,Hymenoptera,Formicidae,Anoplolepis,Anoplolepis steinergroeveri,,1,5.58e-06,1.38592929112563e-05,2.48374424932909,,
Arthropoda,Insecta,Hymenoptera,Formicidae,Anoplolepis,Anoplolepis steinergroeveri,,1,6.02e-06,1.83847763108502e-05,3.05394955329738,,
Arthropoda,Insecta,Hymenoptera,Formicidae,Anoplolepis,Anoplolepis steinergroeveri,,1,6.58e-06,1.88090403795622e-05,2.85851677500945,,
Arthropoda,Insecta,Hymenoptera,Formicidae,Anoplolepis,Anoplolepis steinergroeveri,,1,6.6e-06,1.69705627484771e-05,2.5712973861329,,
Arthropoda,Insecta,Hymenoptera,Formicidae,Anoplolepis,Anoplolepis steinergroeveri,,1,6.95e-06,1.85261976670875e-05,2.66563995209893,,
Arthropoda,Insecta,Hymenoptera,Formicidae,Anoplolepis,Anoplolepis steinergroeveri,,1,6.97e-06,1.11722871427475e-05,1.60291063740996,,
Arthropoda,Insecta,Hymenoptera,Formicidae,Anoplolepis,Anoplolepis steinergroeveri,,1,7.11e-06,1.01823376490863e-05,1.43211499987149,,
Arthropoda,Insecta,Hymenoptera,Formicidae,Anoplolepis,Anoplolepis steinergroeveri,,1,7.28e-06,1.28693434175952e-05,1.76776695296637,,
Arthropoda,Insecta,Hymenoptera,Formicidae,Anoplolepis,Anoplolepis steinergroeveri,,1,7.33e-06,1.38592929112563e-05,1.89076301654247,,
Arthropoda,Insecta,Hymenoptera,Formicidae,Anoplolepis,Anoplolepis steinergroeveri,,1,7.48e-06,9.75807358037436e-06,1.3045552914939,,
Arthropoda,Insecta,Hymenoptera,Formicidae,Anoplolepis,Anoplolepis steinergroeveri,,1,7.87e-06,2.07889393668845e-05,2.64154248626232,,
Arthropoda,Insecta,Hymenoptera,Formicidae,Anoplolepis,Anoplolepis steinergroeveri,,1,8.3e-06,2.31931024229188e-05,2.79434968950828,,
Arthropoda,Insecta,Hymenoptera,Formicidae,Anoplolepis,Anoplolepis steinergroeveri,,1,8.8e-06,1.06066017177982e-05,1.2052956497498,,
Arthropoda,Insecta,Hymenoptera,Formicidae,Anoplolepis,Anoplolepis steinergroeveri,,1,8.9e-06,1.3717871555019e-05,1.54133388258641,,
Arthropoda,Insecta,Hymenoptera,Formicidae,Anoplolepis,Anoplolepis steinergroeveri,,1,1.024e-05,1.32936074863071e-05,1.29820385608468,,
Arthropoda,Insecta,Hymenoptera,Formicidae,Anoplolepis,Anoplolepis steinergroeveri,,1,1.048e-05,1.76776695296637e-05,1.68680052763966,,
Arthropoda,Insecta,Hymenoptera,Formicidae,Atta,Atta columbica,,1,3.6e-06,1.46e-05,4.05555555555556,,
Arthropoda,Insecta,Hymenoptera,Formicidae,Atta,Atta columbica,,1,4.5e-06,8.6e-06,1.91111111111111,,
Arthropoda,Insecta,Hymenoptera,Formicidae,Atta,Atta columbica,,1,4.5e-06,1.46e-05,3.24444444444444,,
Arthropoda,Insecta,Hymenoptera,Formicidae,Atta,Atta columbica,,1,4.9e-06,1.33e-05,2.71428571428571,,
Arthropoda,Insecta,Hymenoptera,Formicidae,Atta,Atta columbica,,1,7.4e-06,2.29e-05,3.09459459459459,,
Arthropoda,Insecta,Hymenoptera,Formicidae,Atta,Atta columbica,,1,8.3e-06,1.32e-05,1.59036144578313,,
Arthropoda,Insecta,Hymenoptera,Formicidae,Atta,Atta columbica,,1,1.04e-05,2.13e-05,2.04807692307692,,
Arthropoda,Insecta,Hymenoptera,Formicidae,Atta,Atta columbica,,1,1.04e-05,2.36e-05,2.26923076923077,,
Arthropoda,Insecta,Hymenoptera,Formicidae,Atta,Atta columbica,,1,1.14e-05,2.31e-05,2.02631578947368,,
Arthropoda,Insecta,Hymenoptera,Formicidae,Atta,Atta columbica,,1,1.2e-05,1.79e-05,1.49166666666667,,
Arthropoda,Insecta,Hymenoptera,Formicidae,Atta,Atta columbica,,1,1.2e-05,1.89e-05,1.575,,
Arthropoda,Insecta,Hymenoptera,Formicidae,Atta,Atta columbica,,1,1.23e-05,4.89e-05,3.97560975609756,,
Arthropoda,Insecta,Hymenoptera,Formicidae,Atta,Atta columbica,,1,1.27e-05,2.66e-05,2.09448818897638,,
Arthropoda,Insecta,Hymenoptera,Formicidae,Atta,Atta columbica,,1,1.35e-05,2.64e-05,1.95555555555556,,
Arthropoda,Insecta,Hymenoptera,Formicidae,Atta,Atta columbica,,1,1.5e-05,2.57e-05,1.71333333333333,,
Arthropoda,Insecta,Hymenoptera,Formicidae,Atta,Atta columbica,,1,1.6e-05,1.67e-05,1.04375,,
Arthropoda,Insecta,Hymenoptera,Formicidae,Atta,Atta columbica,,1,1.6e-05,2.36e-05,1.475,,
Arthropoda,Insecta,Hymenoptera,Formicidae,Atta,Atta columbica,,1,1.76e-05,2.99e-05,1.69886363636364,,
Arthropoda,Insecta,Hymenoptera,Formicidae,Atta,Atta columbica,,1,1.9e-05,5.18e-05,2.72631578947368,,
Arthropoda,Insecta,Hymenoptera,Formicidae,Atta,Atta columbica,,1,1.92e-05,3.62e-05,1.88541666666667,,
Arthropoda,Insecta,Hymenoptera,Formicidae,Atta,Atta columbica,,1,1.99e-05,2.98e-05,1.49748743718593,,
Arthropoda,Insecta,Hymenoptera,Formicidae,Atta,Atta columbica,,1,2.15e-05,3.37e-05,1.56744186046512,,
Arthropoda,Insecta,Hymenoptera,Formicidae,Atta,Atta columbica,,1,2.22e-05,4.91e-05,2.21171171171171,,
Arthropoda,Insecta,Hymenoptera,Formicidae,Atta,Atta columbica,,1,2.35e-05,5.25e-05,2.23404255319149,,
Arthropoda,Insecta,Hymenoptera,Formicidae,Atta,Atta columbica,,1,2.44e-05,3.07e-05,1.25819672131148,,
Arthropoda,Insecta,Hymenoptera,Formicidae,Atta,Atta columbica,,1,2.67e-05,4.12e-05,1.54307116104869,,
Arthropoda,Insecta,Hymenoptera,Formicidae,Atta,Atta columbica,,1,3.33e-05,3.65e-05,1.0960960960961,,
Arthropoda,Insecta,Hymenoptera,Formicidae,Camponotus,Camponotus fulvopilosus,,1,1.085e-05,1.79e-05,1.64976958525346,,
Arthropoda,Insecta,Hymenoptera,Formicidae,Camponotus,Camponotus fulvopilosus,,1,1.386e-05,2.65e-05,1.91197691197691,,
Arthropoda,Insecta,Hymenoptera,Formicidae,Camponotus,Camponotus fulvopilosus,,1,1.448e-05,2.57e-05,1.77486187845304,,
Arthropoda,Insecta,Hymenoptera,Formicidae,Camponotus,Camponotus fulvopilosus,,1,1.471e-05,2.49e-05,1.69272603670972,,
Arthropoda,Insecta,Hymenoptera,Formicidae,Camponotus,Camponotus fulvopilosus,,1,2.215e-05,3.07e-05,1.38600451467269,,
Arthropoda,Insecta,Hymenoptera,Formicidae,Camponotus,Camponotus fulvopilosus,,1,2.269e-05,4.39e-05,1.93477302776554,,
Arthropoda,Insecta,Hymenoptera,Formicidae,Camponotus,Camponotus fulvopilosus,,1,2.338e-05,4.45e-05,1.90333618477331,,
Arthropoda,Insecta,Hymenoptera,Formicidae,Camponotus,Camponotus fulvopilosus,,1,2.431e-05,2.64e-05,1.08597285067873,,
Arthropoda,Insecta,Hymenoptera,Formicidae,Camponotus,Camponotus fulvopilosus,,1,2.438e-05,4.35e-05,1.78424938474159,,
Arthropoda,Insecta,Hymenoptera,Formicidae,Camponotus,Camponotus fulvopilosus,,1,2.746e-05,6.55e-05,2.38528769118718,,
Arthropoda,Insecta,Hymenoptera,Formicidae,Camponotus,Camponotus fulvopilosus,,1,2.762e-05,3.97e-05,1.4373642288197,,
Arthropoda,Insecta,Hymenoptera,Formicidae,Camponotus,Camponotus fulvopilosus,,1,3.202e-05,2.8e-05,0.874453466583385,,
Arthropoda,Insecta,Hymenoptera,Formicidae,Camponotus,Camponotus fulvopilosus,,1,3.351e-05,4.89e-05,1.45926589077887,,
Arthropoda,Insecta,Hymenoptera,Formicidae,Camponotus,Camponotus fulvopilosus,,1,3.968e-05,4.97e-05,1.25252016129032,,
Arthropoda,Insecta,Hymenoptera,Formicidae,Camponotus,Camponotus fulvopilosus,,1,4.792e-05,6.32e-05,1.31886477462437,,
Arthropoda,Insecta,Hymenoptera,Formicidae,Camponotus,Camponotus fulvopilosus,,1,4.917e-05,3.79e-05,0.770795200325402,,
Arthropoda,Insecta,Hymenoptera,Formicidae,Camponotus,Camponotus fulvopilosus,,1,5.39e-05,7.93e-05,1.47124304267161,,
Arthropoda,Insecta,Hymenoptera,Formicidae,Camponotus,Camponotus fulvopilosus,,1,5.831e-05,4.31e-05,0.739152803978734,,
Arthropoda,Insecta,Hymenoptera,Formicidae,Camponotus,Camponotus fulvopilosus,,1,5.949e-05,4.89e-05,0.821986888552698,,
Arthropoda,Insecta,Hymenoptera,Formicidae,Camponotus,Camponotus fulvopilosus,,1,5.966e-05,8.1e-05,1.35769359704995,,
Arthropoda,Insecta,Hymenoptera,Formicidae,Camponotus,Camponotus fulvopilosus,,1,8.474e-05,8.49e-05,1.00188812839273,,
Arthropoda,Insecta,Hymenoptera,Formicidae,Camponotus,Camponotus fulvopilosus,,1,8.895e-05,8.01e-05,0.900505902192243,,
Arthropoda,Insecta,Hymenoptera,Formicidae,Camponotus,Camponotus fulvopilosus,,1,0.00010606,8.61e-05,0.811804638883651,,
Arthropoda,Insecta,Hymenoptera,Formicidae,Camponotus,Camponotus fulvopilosus,,1,0.0001553,7.27e-05,0.468126207340631,,
Arthropoda,Insecta,Hymenoptera,Formicidae,Camponotus,Camponotus maculatus,,1,7.7e-06,2.46073159852919e-05,3.19575532276518,,
Arthropoda,Insecta,Hymenoptera,Formicidae,Camponotus,Camponotus maculatus,,1,1.04e-05,2.30516810666815e-05,2.21650779487322,,
Arthropoda,Insecta,Hymenoptera,Formicidae,Camponotus,Camponotus maculatus,,1,1.08e-05,3.40825468531916e-05,3.15579137529552,,
Arthropoda,Insecta,Hymenoptera,Formicidae,Camponotus,Camponotus maculatus,,1,1.09e-05,2.99813275223096e-05,2.75058050663391,,
Arthropoda,Insecta,Hymenoptera,Formicidae,Camponotus,Camponotus maculatus,,1,1.1e-05,2.30516810666815e-05,2.09560736969831,,
Arthropoda,Insecta,Hymenoptera,Formicidae,Camponotus,Camponotus maculatus,,1,1.1e-05,2.98399061660723e-05,2.71271874237021,,
Arthropoda,Insecta,Hymenoptera,Formicidae,Camponotus,Camponotus maculatus,,1,1.11e-05,2.17788888605457e-05,1.96206205950862,,
Arthropoda,Insecta,Hymenoptera,Formicidae,Camponotus,Camponotus maculatus,,1,1.12e-05,2.88499566724111e-05,2.57588898860814,,
Arthropoda,Insecta,Hymenoptera,Formicidae,Camponotus,Camponotus maculatus,,1,1.34e-05,2.82842712474619e-05,2.11076651100462,,
Arthropoda,Insecta,Hymenoptera,Formicidae,Camponotus,Camponotus maculatus,,1,1.42e-05,2.02232539419353e-05,1.42417281281234,,
Arthropoda,Insecta,Hymenoptera,Formicidae,Camponotus,Camponotus maculatus,,1,1.51e-05,3.3799704140717e-05,2.23839100269649,,
Arthropoda,Insecta,Hymenoptera,Formicidae,Camponotus,Camponotus maculatus,,1,1.52e-05,2.95570634535977e-05,1.94454364826301,,
Arthropoda,Insecta,Hymenoptera,Formicidae,Camponotus,Camponotus maculatus,,1,1.57e-05,3.95979797464467e-05,2.5221643150603,,
Arthropoda,Insecta,Hymenoptera,Formicidae,Camponotus,Camponotus maculatus,,1,1.62e-05,2.54558441227157e-05,1.57134840263677,,
Arthropoda,Insecta,Hymenoptera,Formicidae,Camponotus,Camponotus maculatus,,1,1.66e-05,3.59210244842766e-05,2.16391713760702,,
Arthropoda,Insecta,Hymenoptera,Formicidae,Camponotus,Camponotus maculatus,,1,1.83e-05,3.153696244092e-05,1.72333128092459,,
Arthropoda,Insecta,Hymenoptera,Formicidae,Camponotus,Camponotus maculatus,,1,1.84e-05,3.5638181771802e-05,1.93685770498924,,
Arthropoda,Insecta,Hymenoptera,Formicidae,Camponotus,Camponotus maculatus,,1,1.87e-05,3.47896536343781e-05,1.86040928526086,,
Arthropoda,Insecta,Hymenoptera,Formicidae,Camponotus,Camponotus maculatus,,1,1.89e-05,3.3799704140717e-05,1.78834413442947,,
Arthropoda,Insecta,Hymenoptera,Formicidae,Camponotus,Camponotus maculatus,,1,1.92e-05,4.35577777210913e-05,2.26863425630684,,
Arthropoda,Insecta,Hymenoptera,Formicidae,Camponotus,Camponotus maculatus,,1,2.17e-05,3.04055915910215e-05,1.40117933599178,,
Arthropoda,Insecta,Hymenoptera,Formicidae,Camponotus,Camponotus maculatus,,1,2.22e-05,3.43653895656662e-05,1.54799052097596,,
Arthropoda,Insecta,Hymenoptera,Formicidae,Camponotus,Camponotus maculatus,,1,2.35e-05,3.94565583902094e-05,1.67900248468976,,
Arthropoda,Insecta,Hymenoptera,Formicidae,Camponotus,Camponotus maculatus,,1,2.36e-05,3.29511760032931e-05,1.39623627132598,,
Arthropoda,Insecta,Hymenoptera,Formicidae,Camponotus,Camponotus maculatus,,1,2.43e-05,4.01636651713959e-05,1.65282572721794,,
Arthropoda,Insecta,Hymenoptera,Formicidae,Camponotus,Camponotus maculatus,,1,2.48e-05,3.47896536343781e-05,1.40280861428944,,
Arthropoda,Insecta,Hymenoptera,Formicidae,Camponotus,Camponotus maculatus,,1,2.54e-05,4.69518902707868e-05,1.84849961696011,,
Arthropoda,Insecta,Hymenoptera,Formicidae,Camponotus,Camponotus maculatus,,1,2.56e-05,3.11126983722081e-05,1.21533978016438,,
Arthropoda,Insecta,Hymenoptera,Formicidae,Camponotus,Camponotus maculatus,,1,2.57e-05,3.26683332908185e-05,1.2711413731836,,
Arthropoda,Insecta,Hymenoptera,Formicidae,Camponotus,Camponotus maculatus,,1,2.7e-05,2.87085353161738e-05,1.06327908578422,,
Arthropoda,Insecta,Hymenoptera,Formicidae,Camponotus,Camponotus maculatus,,1,2.95e-05,2.07889393668845e-05,0.704709809046932,,
Arthropoda,Insecta,Hymenoptera,Formicidae,Camponotus,Camponotus maculatus,,1,2.98e-05,9.58836795288958e-05,3.21757313855355,,
Arthropoda,Insecta,Hymenoptera,Formicidae,Camponotus,Camponotus maculatus,,1,3.07e-05,3.29511760032931e-05,1.07332820857632,,
Arthropoda,Insecta,Hymenoptera,Formicidae,Camponotus,Camponotus maculatus,,1,3.32e-05,3.01227488785469e-05,0.907311713209245,,
Arthropoda,Insecta,Hymenoptera,Formicidae,Camponotus,Camponotus maculatus,,1,3.32e-05,3.153696244092e-05,0.949908507256627,,
Arthropoda,Insecta,Hymenoptera,Formicidae,Camponotus,Camponotus maculatus,,1,3.39e-05,6.9013621843807e-05,2.03580005438959,,
Arthropoda,Insecta,Hymenoptera,Formicidae,Camponotus,Camponotus maculatus,,1,3.72e-05,3.36582827844797e-05,0.904792547969883,,
Arthropoda,Insecta,Hymenoptera,Formicidae,Camponotus,Camponotus maculatus,,1,3.72e-05,2.88499566724111e-05,0.775536469688471,,
Arthropoda,Insecta,Hymenoptera,Formicidae,Camponotus,Camponotus maculatus,,1,7.17e-05,8.58427632360469e-05,1.19724913857806,,
Arthropoda,Insecta,Hymenoptera,Formicidae,Camponotus,Camponotus maculatus,,1,9.02e-05,9.5035151391472e-05,1.05360478261055,,
Arthropoda,Insecta,Hymenoptera,Formicidae,Camponotus,Camponotus maculatus,,1,1e-04,0.000201384011281929,2.01384011281929,,
Arthropoda,Insecta,Hymenoptera,Formicidae,Camponotus,Camponotus maculatus,,1,0.0001061,7.63675323681471e-05,0.719769390840218,,
Arthropoda,Insecta,Hymenoptera,Formicidae,Camponotus,Camponotus maculatus,,1,0.0001066,7.93373808491306e-05,0.744253103650381,,
Arthropoda,Insecta,Hymenoptera,Formicidae,Camponotus,Camponotus maculatus,,1,0.0001075,0.000209020764518743,1.94437920482552,,
Arthropoda,Insecta,Hymenoptera,Formicidae,Camponotus,Camponotus maculatus,,1,0.0001102,9.92777920785913e-05,0.900887405431863,,
Arthropoda,Insecta,Hymenoptera,Formicidae,Camponotus,Camponotus maculatus,,1,0.0001106,8.18829652614022e-05,0.740352307969279,,
Arthropoda,Insecta,Hymenoptera,Formicidae,Camponotus,Camponotus maculatus,,1,0.0001117,7.73574818618083e-05,0.69254683851216,,
Arthropoda,Insecta,Hymenoptera,Formicidae,Camponotus,Camponotus maculatus,,1,0.0001119,7.01449926937055e-05,0.626854268933919,,
Arthropoda,Insecta,Hymenoptera,Formicidae,Camponotus,Camponotus maculatus,,1,0.0001206,0.000134350288425444,1.11401565858577,,
Arthropoda,Insecta,Hymenoptera,Formicidae,Camponotus,Camponotus maculatus,,1,0.0001292,0.000115399826689645,0.893187513077744,,
Arthropoda,Insecta,Hymenoptera,Formicidae,Eciton,Eciton hamatum,,1,2.06e-06,1.03968306733598e-05,5.04700518124263,,
Arthropoda,Insecta,Hymenoptera,Formicidae,Eciton,Eciton hamatum,,1,2.82e-06,1.93316070332784e-05,6.8551797990349,,
Arthropoda,Insecta,Hymenoptera,Formicidae,Eciton,Eciton hamatum,,1,4.53e-06,1.46205431344122e-05,3.22749296565392,,
Arthropoda,Insecta,Hymenoptera,Formicidae,Eciton,Eciton hamatum,,1,5.53e-06,2.32304185357883e-05,4.20079901189662,,
Arthropoda,Insecta,Hymenoptera,Formicidae,Eciton,Eciton hamatum,,1,5.63e-06,2.03063099089059e-05,3.6068046019371,,
Arthropoda,Insecta,Hymenoptera,Formicidae,Eciton,Eciton hamatum,,1,5.63e-06,2.50173738077721e-05,4.44358326958651,,
Arthropoda,Insecta,Hymenoptera,Formicidae,Eciton,Eciton hamatum,,1,6e-06,2.72916805175695e-05,4.54861341959492,,
Arthropoda,Insecta,Hymenoptera,Formicidae,Eciton,Eciton hamatum,,1,6.74e-06,2.19308147016184e-05,3.25383007442409,,
Arthropoda,Insecta,Hymenoptera,Formicidae,Eciton,Eciton hamatum,,1,8.03e-06,1.4458092655141e-05,1.80050967062777,,
Arthropoda,Insecta,Hymenoptera,Formicidae,Eciton,Eciton hamatum,,1,8.03e-06,2.32304185357883e-05,2.89295374044687,,
Arthropoda,Insecta,Hymenoptera,Formicidae,Eciton,Eciton hamatum,,1,8.24e-06,2.0062634189999e-05,2.43478570266978,,
Arthropoda,Insecta,Hymenoptera,Formicidae,Eciton,Eciton hamatum,,1,8.66e-06,1.86818051161934e-05,2.15725232288608,,
Arthropoda,Insecta,Hymenoptera,Formicidae,Eciton,Eciton hamatum,,1,9.08e-06,1.55140207704041e-05,1.70859259585948,,
Arthropoda,Insecta,Hymenoptera,Formicidae,Eciton,Eciton hamatum,,1,9.08e-06,3.60640063982169e-05,3.97180687205031,,
Arthropoda,Insecta,Hymenoptera,Formicidae,Eciton,Eciton hamatum,,1,9.23e-06,1.98189584710921e-05,2.14723277043252,,
Arthropoda,Insecta,Hymenoptera,Formicidae,Eciton,Eciton hamatum,,1,9.71e-06,2.98908881859095e-05,3.07836129618017,,
Arthropoda,Insecta,Hymenoptera,Formicidae,Eciton,Eciton hamatum,,1,1.164e-05,3.50080782829537e-05,3.00756686279671,,
Arthropoda,Insecta,Hymenoptera,Formicidae,Eciton,Eciton hamatum,,1,1.212e-05,2.87537348310107e-05,2.37242036559495,,
Arthropoda,Insecta,Hymenoptera,Formicidae,Eciton,Eciton hamatum,,1,1.403e-05,3.70387092738443e-05,2.63996502308228,,
Arthropoda,Insecta,Hymenoptera,Formicidae,Eciton,Eciton hamatum,,1,1.465e-05,7.2290463275705e-05,4.93450261267611,,
Arthropoda,Insecta,Hymenoptera,Formicidae,Eciton,Eciton hamatum,,1,1.487e-05,4.54861341959492e-05,3.05891958278071,,
Arthropoda,Insecta,Hymenoptera,Formicidae,Eciton,Eciton hamatum,,1,1.863e-05,6.91226789299156e-05,3.71028872409638,,
Arthropoda,Insecta,Hymenoptera,Formicidae,Eciton,Eciton hamatum,,1,2.25e-05,8.99163402766353e-05,3.99628179007268,,
Arthropoda,Insecta,Hymenoptera,Formicidae,Eciton,Eciton hamatum,,1,2.382e-05,8.95914393180928e-05,3.76118552972682,,
Arthropoda,Insecta,Hymenoptera,Formicidae,Eciton,Eciton hamatum,,1,2.388e-05,7.70015271745711e-05,3.22451956342425,,
Arthropoda,Insecta,Hymenoptera,Formicidae,Eciton,Eciton rufa,,1,4.2e-06,1.16e-05,2.76190476190476,,
Arthropoda,Insecta,Hymenoptera,Formicidae,Eciton,Eciton rufa,,1,5.4e-06,1.55e-05,2.87037037037037,,
Arthropoda,Insecta,Hymenoptera,Formicidae,Eciton,Eciton rufa,,1,6.6e-06,1.37e-05,2.07575757575758,,
Arthropoda,Insecta,Hymenoptera,Formicidae,Eciton,Eciton rufa,,1,6.6e-06,1.49e-05,2.25757575757576,,
Arthropoda,Insecta,Hymenoptera,Formicidae,Eciton,Eciton rufa,,1,6.6e-06,1.37e-05,2.07575757575758,,
Arthropoda,Insecta,Hymenoptera,Formicidae,Eciton,Eciton rufa,,1,6.8e-06,1.24e-05,1.82352941176471,,
Arthropoda,Insecta,Hymenoptera,Formicidae,Eciton,Eciton rufa,,1,6.8e-06,1.1e-05,1.61764705882353,,
Arthropoda,Insecta,Hymenoptera,Formicidae,Eciton,Eciton rufa,,1,7e-06,1.74e-05,2.48571428571429,,
Arthropoda,Insecta,Hymenoptera,Formicidae,Eciton,Eciton rufa,,1,8.4e-06,1.53e-05,1.82142857142857,,
Arthropoda,Insecta,Hymenoptera,Formicidae,Eciton,Eciton rufa,,1,1.09e-05,1.91e-05,1.75229357798165,,
Arthropoda,Insecta,Hymenoptera,Formicidae,Eciton,Eciton rufa,,1,1.09e-05,1.79e-05,1.64220183486239,,
Arthropoda,Insecta,Hymenoptera,Formicidae,Eciton,Eciton rufa,,1,1.29e-05,2.35e-05,1.82170542635659,,
Arthropoda,Insecta,Hymenoptera,Formicidae,Eciton,Eciton rufa,,1,1.3e-05,2.91e-05,2.23846153846154,,
Arthropoda,Insecta,Hymenoptera,Formicidae,Eciton,Eciton rufa,,1,1.31e-05,2.57e-05,1.9618320610687,,
Arthropoda,Insecta,Hymenoptera,Formicidae,Eciton,Eciton rufa,,1,1.31e-05,2.66e-05,2.03053435114504,,
Arthropoda,Insecta,Hymenoptera,Formicidae,Eciton,Eciton rufa,,1,1.38e-05,2.4e-05,1.73913043478261,,
Arthropoda,Insecta,Hymenoptera,Formicidae,Eciton,Eciton rufa,,1,1.68e-05,2.3e-05,1.36904761904762,,
Arthropoda,Insecta,Hymenoptera,Formicidae,Eciton,Eciton rufa,,1,1.69e-05,3.14e-05,1.85798816568047,,
Arthropoda,Insecta,Hymenoptera,Formicidae,Eciton,Eciton rufa,,1,1.72e-05,2.09e-05,1.21511627906977,,
Arthropoda,Insecta,Hymenoptera,Formicidae,Eciton,Eciton rufa,,1,1.93e-05,3.42e-05,1.7720207253886,,
Arthropoda,Insecta,Hymenoptera,Formicidae,Messor,Messor capensis,,1,3.5e-06,1.52735064736294e-05,4.36385899246555,,
Arthropoda,Insecta,Hymenoptera,Formicidae,Messor,Messor capensis,,1,4.5e-06,5.23259018078045e-06,1.16279781795121,,
Arthropoda,Insecta,Hymenoptera,Formicidae,Messor,Messor capensis,,1,4.8e-06,1.5980613254816e-05,3.32929442808666,,
Arthropoda,Insecta,Hymenoptera,Formicidae,Messor,Messor capensis,,1,5.9e-06,1.20208152801713e-05,2.0374263186731,,
Arthropoda,Insecta,Hymenoptera,Formicidae,Messor,Messor capensis,,1,6.5e-06,4.3416356364854e-05,6.67943944074677,,
Arthropoda,Insecta,Hymenoptera,Formicidae,Messor,Messor capensis,,1,6.6e-06,9.05096679918781e-06,1.37135860593755,,
Arthropoda,Insecta,Hymenoptera,Formicidae,Messor,Messor capensis,,1,6.6e-06,2.23445742854949e-05,3.38554155840832,,
Arthropoda,Insecta,Hymenoptera,Formicidae,Messor,Messor capensis,,1,7.1e-06,7.21248916810278e-06,1.01584354480321,,
Arthropoda,Insecta,Hymenoptera,Formicidae,Messor,Messor capensis,,1,7.6e-06,3.11126983722081e-06,0.409377610160633,,
Arthropoda,Insecta,Hymenoptera,Formicidae,Messor,Messor capensis,,1,8.1e-06,6.22253967444162e-06,0.768214774622422,,
Arthropoda,Insecta,Hymenoptera,Formicidae,Messor,Messor capensis,,1,8.4e-06,5.65685424949238e-06,0.673435029701474,,
Arthropoda,Insecta,Hymenoptera,Formicidae,Messor,Messor capensis,,1,9.2e-06,4.07293505963451e-05,4.42710332568969,,
Arthropoda,Insecta,Hymenoptera,Formicidae,Messor,Messor capensis,,1,9.5e-06,3.64867099092259e-05,3.8407063062343,,
Arthropoda,Insecta,Hymenoptera,Formicidae,Messor,Messor capensis,,1,9.9e-06,8.9095454429505e-06,0.899954085146515,,
Arthropoda,Insecta,Hymenoptera,Formicidae,Messor,Messor capensis,,1,9.9e-06,1.72534054609518e-05,1.74276822837897,,
Arthropoda,Insecta,Hymenoptera,Formicidae,Messor,Messor capensis,,1,9.9e-06,2.20617315730203e-05,2.22845773464851,,
Arthropoda,Insecta,Hymenoptera,Formicidae,Messor,Messor capensis,,1,9.9e-06,2.16374675043084e-05,2.18560277821297,,
Arthropoda,Insecta,Hymenoptera,Formicidae,Messor,Messor capensis,,1,1.04e-05,1.3717871555019e-05,1.31902611105952,,
Arthropoda,Insecta,Hymenoptera,Formicidae,Messor,Messor capensis,,1,1.05e-05,6.78822509939086e-06,0.646497628513415,,
Arthropoda,Insecta,Hymenoptera,Formicidae,Messor,Messor capensis,,1,1.07e-05,9.89949493661167e-06,0.925186442673988,,
Arthropoda,Insecta,Hymenoptera,Formicidae,Messor,Messor capensis,,1,1.07e-05,7.48118974495367e-05,6.99176611677913,,
Arthropoda,Insecta,Hymenoptera,Formicidae,Messor,Messor capensis,,1,1.09e-05,7.21248916810278e-06,0.661696253954384,,
Arthropoda,Insecta,Hymenoptera,Formicidae,Messor,Messor capensis,,1,1.1e-05,4.65276262020748e-05,4.22978420018862,,
Arthropoda,Insecta,Hymenoptera,Formicidae,Messor,Messor capensis,,1,1.1e-05,2.22031529292576e-05,2.01846844811433,,
Arthropoda,Insecta,Hymenoptera,Formicidae,Messor,Messor capensis,,1,1.14e-05,7.91959594928933e-06,0.694701399060468,,
Arthropoda,Insecta,Hymenoptera,Formicidae,Messor,Messor capensis,,1,1.16e-05,3.08298556597335e-05,2.65774617756323,,
Arthropoda,Insecta,Hymenoptera,Formicidae,Messor,Messor capensis,,1,1.21e-05,1.0040916292849e-05,0.829827792797436,,
Arthropoda,Insecta,Hymenoptera,Formicidae,Messor,Messor capensis,,1,1.22e-05,3.81837661840736e-05,3.1298169003339,,
Arthropoda,Insecta,Hymenoptera,Formicidae,Messor,Messor capensis,,1,1.23e-05,2.46073159852919e-05,2.00059479555218,,
Arthropoda,Insecta,Hymenoptera,Formicidae,Messor,Messor capensis,,1,1.26e-05,6.08111831820431e-06,0.482628437952723,,
Arthropoda,Insecta,Hymenoptera,Formicidae,Messor,Messor capensis,,1,1.29e-05,4.72347329832614e-05,3.66160720800476,,
Arthropoda,Insecta,Hymenoptera,Formicidae,Messor,Messor capensis,,1,1.36e-05,4.73761543394987e-05,3.48354076025726,,
Arthropoda,Insecta,Hymenoptera,Formicidae,Messor,Messor capensis,,1,1.36e-05,6.05283404695685e-05,4.45061326982121,,
Arthropoda,Insecta,Hymenoptera,Formicidae,Messor,Messor capensis,,1,1.37e-05,1.52735064736294e-05,1.11485448712624,,
Arthropoda,Insecta,Hymenoptera,Formicidae,Messor,Messor capensis,,1,1.4e-05,7.62261110119098e-05,5.44472221513642,,
Arthropoda,Insecta,Hymenoptera,Formicidae,Messor,Messor capensis,,1,1.58e-05,9.81464212286928e-05,6.21179881194258,,
Arthropoda,Insecta,Hymenoptera,Formicidae,Messor,Messor capensis,,1,1.63e-05,1.49906637611548e-05,0.91967262338373,,
Arthropoda,Insecta,Hymenoptera,Formicidae,Messor,Messor capensis,,1,1.84e-05,0.000109035865658966,5.92586226407422,,
Arthropoda,Insecta,Hymenoptera,Formicidae,Messor,Messor capensis,,1,1.91e-05,2.09303607231218e-05,1.09583040435193,,
Arthropoda,Insecta,Hymenoptera,Formicidae,Messor,Messor capensis,,1,1.95e-05,3.26683332908185e-05,1.6752991431189,,
Arthropoda,Insecta,Hymenoptera,Formicidae,Messor,Messor capensis,,1,1.98e-05,6.1659711319467e-05,3.11412683431651,,
Arthropoda,Insecta,Hymenoptera,Formicidae,Messor,Messor capensis,,1,2.14e-05,0.000104934646328084,4.90348814617213,,
Arthropoda,Insecta,Hymenoptera,Formicidae,Messor,Messor capensis,,1,2.33e-05,3.42239682094289e-05,1.46883983731455,,
Arthropoda,Insecta,Hymenoptera,Formicidae,Messor,Messor capensis,,1,2.36e-05,7.11349421873667e-05,3.01419246556638,,
Arthropoda,Insecta,Hymenoptera,Formicidae,Messor,Messor capensis,,1,2.48e-05,8.61256059485215e-05,3.47280669147264,,
Arthropoda,Insecta,Hymenoptera,Formicidae,Messor,Messor capensis,,1,2.55e-05,5.23259018078045e-05,2.05199614932567,,
Arthropoda,Insecta,Hymenoptera,Formicidae,Messor,Messor capensis,,1,2.75e-05,5.48714862200761e-05,1.99532677163913,,
Arthropoda,Insecta,Hymenoptera,Formicidae,Messor,Messor capensis,,1,3.22e-05,0.000113278506346085,3.5179660355927,,
Arthropoda,Insecta,Hymenoptera,Formicidae,Messor,Messor capensis,,1,4.34e-05,0.000221748686580101,5.10941674147699,,
Arthropoda,Insecta,Hymenoptera,Formicidae,Messor,Messor pergandei,,1,1.33e-06,5.30330085889911e-06,3.98744425481136,,
Arthropoda,Insecta,Hymenoptera,Formicidae,Messor,Messor pergandei,,1,1.55e-06,6.43467170879758e-06,4.15140110245005,,
Arthropoda,Insecta,Hymenoptera,Formicidae,Messor,Messor pergandei,,1,1.71e-06,7.28319984622144e-06,4.25918119662073,,
Arthropoda,Insecta,Hymenoptera,Formicidae,Messor,Messor pergandei,,1,2.44e-06,7.07106781186547e-06,2.89797861142028,,
Arthropoda,Insecta,Hymenoptera,Formicidae,Messor,Messor pergandei,,1,2.54e-06,9.97020561473032e-06,3.92527780107493,,
Arthropoda,Insecta,Hymenoptera,Formicidae,Messor,Messor pergandei,,1,2.77e-06,1.08894444302728e-05,3.93120737554976,,
Arthropoda,Insecta,Hymenoptera,Formicidae,Messor,Messor pergandei,,1,3.16e-06,8.9095454429505e-06,2.81947640599699,,
Arthropoda,Insecta,Hymenoptera,Formicidae,Messor,Messor pergandei,,1,3.18e-06,9.54594154601839e-06,3.00186841069761,,
Arthropoda,Insecta,Hymenoptera,Formicidae,Messor,Messor pergandei,,1,3.29e-06,9.33380951166243e-06,2.83702416767855,,
Arthropoda,Insecta,Hymenoptera,Formicidae,Messor,Messor pergandei,,1,3.83e-06,9.19238815542512e-06,2.400101346064,,
Arthropoda,Insecta,Hymenoptera,Formicidae,Messor,Messor pergandei,,1,5.27e-06,1.68291413922398e-05,3.19338546342312,,
Arthropoda,Insecta,Hymenoptera,Formicidae,Messor,Messor pergandei,,1,5.27e-06,1.66877200360025e-05,3.16655029146158,,
Arthropoda,Insecta,Hymenoptera,Formicidae,Messor,Messor pergandei,,1,6.1e-06,1.37885822331377e-05,2.26042331690782,,
Arthropoda,Insecta,Hymenoptera,Formicidae,Messor,Messor pergandei,,1,6.24e-06,1.42128463018496e-05,2.27769972786051,,
Arthropoda,Insecta,Hymenoptera,Formicidae,Messor,Messor pergandei,,1,6.26e-06,1.21622366364086e-05,1.94284930294067,,
Arthropoda,Insecta,Hymenoptera,Formicidae,Messor,Messor pergandei,,1,7.61e-06,1.27986327394765e-05,1.68181770558167,,
Arthropoda,Insecta,Hymenoptera,Formicidae,Messor,Messor pergandei,,1,7.88e-06,1.3930003589375e-05,1.76776695296637,,
Arthropoda,Insecta,Hymenoptera,Formicidae,Messor,Messor pergandei,,1,8.41e-06,2.3546655813512e-05,2.79984016807515,,
Arthropoda,Insecta,Hymenoptera,Formicidae,Messor,Messor pergandei,,1,8.63e-06,2.02939646200539e-05,2.35156021089848,,
Arthropoda,Insecta,Hymenoptera,Formicidae,Messor,Messor pergandei,,1,8.7e-06,1.47785317267988e-05,1.69868180767803,,
Arthropoda,Insecta,Hymenoptera,Formicidae,Messor,Messor pergandei,,1,9.7e-06,2.25567063198509e-05,2.32543364122174,,
Arthropoda,Insecta,Coleoptera,Carabidae,Cicindela,Cicindela repanda,female,1,8.5e-05,0.000188888888888889,2.22222222222222,,
Arthropoda,Insecta,Coleoptera,Carabidae,Cicindela,Cicindela repanda,female,1,5.9e-05,8.88888888888889e-05,1.50659133709981,,
Arthropoda,Insecta,Coleoptera,Carabidae,Cicindela,Cicindela repanda,female,1,5.5e-05,0.000116666666666667,2.12121212121212,,
Arthropoda,Insecta,Coleoptera,Carabidae,Cicindela,Cicindela repanda,female,1,6.9e-05,0.000138888888888889,2.01288244766506,,
Arthropoda,Insecta,Coleoptera,Carabidae,Cicindela,Cicindela repanda,male,1,4.9e-05,0.000122222222222222,2.49433106575964,,
Arthropoda,Arachnida,Araneae,Corinnidae,Myrmecotypus,Myrmecotypus rettenmeyeri,,5,2.18e-05,3.25613935645962e-05,1.49364190663286,,
Arthropoda,Arachnida,Araneae,Clubionidae,Clubiona,Clubiona barroana,,6,3.5e-05,4.99083972427776e-05,1.4259542069365,,
Arthropoda,Insecta,Hymenoptera,Formicidae,Camponotus,Camponotus sericeiventris,,9,4.02e-05,7.31054231800491e-05,1.81854286517535,,
Arthropoda,Insecta,Hymenoptera,Formicidae,Leptogenys,Leptogenys nitida,,40,1.71e-06,5.99739687531182e-06,3.50724963468528,,
Arthropoda,Insecta,Hymenoptera,Formicidae,Leptogenys,Leptogenys nitida,,40,1.71e-06,5.5746e-06,3.26,,
Arthropoda,Insecta,Hymenoptera,Formicidae,Leptogenys,Leptogenys nitida,,40,1.71e-06,2.17647467249219e-06,1.27279220613579,,
Arthropoda,Insecta,Hymenoptera,Formicidae,Leptogenys,Leptogenys nitida,,40,1.71e-06,4.62555e-06,2.705,,
Arthropoda,Insecta,Hymenoptera,Formicidae,Leptogenys,Leptogenys schwabi,,43,8.47e-06,7.90573665637808e-06,0.933380951166243,,
Arthropoda,Insecta,Hymenoptera,Formicidae,Leptogenys,Leptogenys schwabi,,43,8.47e-06,2.46477e-05,2.91,,
Arthropoda,Insecta,Hymenoptera,Formicidae,Leptogenys,Leptogenys schwabi,,43,8.47e-06,1.62307169233217e-05,1.91625937701554,,
Arthropoda,Insecta,Hymenoptera,Formicidae,Leptogenys,Leptogenys schwabi,,43,8.47e-06,2.00739e-05,2.37,,
Arthropoda,Insecta,Hymenoptera,Formicidae,Leptogenys,Leptogenys attenuata,,9,5.38e-06,2.14662e-05,3.99,,
Arthropoda,Insecta,Orthoperta,Gryllidae,Acheta,Acheta domesticus,male,26,0.000369,0.00112135,3.03888888888889,,
Arthropoda,Insecta,Orthoptera,Acrididae,Encoptolophus,Encoptolophus sordidus,,1107,5.82e-05,0.000455576666666667,7.82777777777778,,
Arthropoda,Insecta,Orthoptera,Gryllidae,Hophlosphyrum,Hophlosphyrum griseus,,75,3.84e-05,5.93908939848689e-05,1.54663786418929,,
Arthropoda,Insecta,Orthoptera,Gryllidae,Hophlosphyrum,Hophlosphyrum griseus,,140,4.22e-05,8.69583284892462e-05,2.06062389784944,,
Arthropoda,Insecta,Orthoptera,Gryllidae,Hophlosphyrum,Hophlosphyrum griseus,,70,3.62e-05,8.28957591938643e-05,2.28993809927802,,
Arthropoda,Insecta,Coleoptera,Scarabaeidae,Circellium,Circellium bacchus,,37,0.006836,0.0134229997898949,1.96357515943459,,
Arthropoda,Insecta,Coleoptera,Scarabaeidae,Pachylomerus,Pachylomerus femoralis,,11,0.004915,0.0085099703036609,1.73142834255562,,
Arthropoda,Insecta,Coleoptera,Scarabaeidae,Aphodius,Aphodius distinctus,,19,7.8e-06,0.000103333333333333,13.2478632478633,,
Arthropoda,Insecta,Coleoptera,Scarabaeidae,Aphodius,Aphodius prodromus,,25,1.38e-05,0.000164444444444444,11.9162640901771,,
Arthropoda,Insecta,Coleoptera,Scarabaeidae,Aphodius,Aphodius contaminatus,,62,1.45e-05,0.000113333333333333,7.81609195402299,,
Arthropoda,Insecta,Coleoptera,Scarabaeidae,Aphodius,Aphodius rufus,,36,2.09e-05,0.000167777777777778,8.02764486975013,,
Arthropoda,Insecta,Coleoptera,Scarabaeidae,Aphodius,Aphodius fimetarius,,50,3.09e-05,0.000184444444444444,5.96907587198849,,
Arthropoda,Insecta,Coleoptera,Scarabaeidae,Aphodius,Aphodius rufipes,,23,9.12e-05,0.000654444444444445,7.17592592592593,,
Arthropoda,Insecta,Coleoptera,Scarabaeidae,Aphodius,Aphodius fossor,,14,0.0001288,0.000734444444444445,5.70220841959972,,
Arthropoda,Insecta,Blattodea,Blattidae,Periplaneta,Periplaneta americana,male,6,9e-04,0.000964596116282664,1.07177346253629,,
Arthropoda,Insecta,Coleoptera,Carabidae,Calosoma,Calosoma affine,male,3,0.00062,0.000775249471234585,1.25040237295901,,
Arthropoda,Insecta,Orthoptera,Gryllidae,Teleogryllus,Teleogryllus commodus,male,49,0.00095,0.00560001634175213,5.89475404394961,,
Arthropoda,Insecta,Lepidoptera,Sphingidae,Manduca,Manduca rustica,male,1,0.002916,0.00569243851476309,1.95213940835497,,
Arthropoda,Insecta,Lepidoptera,Sphingidae,Manduca,Manduca rustica,,1,0.002704,0.00846207788181149,3.12946667226756,,
Arthropoda,Insecta,Lepidoptera,Sphingidae,Manduca,Manduca corallina,female,1,0.001423,,,,
Arthropoda,Insecta,Lepidoptera,Sphingidae,Manduca,Manduca corallina,male,1,0.001307,0.00278878433963169,2.13372941058278,,
Arthropoda,Insecta,Lepidoptera,Sphingidae,Manduca,Manduca corallina,male,1,0.001294,0.00306957727085319,2.37216172399783,,
Arthropoda,Insecta,Lepidoptera,Sphingidae,Manduca,Manduca corallina,male,1,0.001388,0.00211232864168899,1.52185060640417,,
Arthropoda,Insecta,Lepidoptera,Sphingidae,Manduca,Manduca corallina,female,1,0.002484,0.00570520182981861,2.29678012472569,,
Arthropoda,Insecta,Lepidoptera,Sphingidae,Manduca,Manduca lefeburei,male,1,0.000571,0.00097639360174748,1.70997128151923,,
Arthropoda,Insecta,Lepidoptera,Sphingidae,Protambulyx,Protambulyx strigilis,male,1,0.000901,0.00240588488796601,2.67023849940734,,
Arthropoda,Insecta,Lepidoptera,Sphingidae,Protambulyx,Protambulyx strigilis,male,1,0.001124,0.00262924290143766,2.33918407601215,,
Arthropoda,Insecta,Lepidoptera,Sphingidae,Protambulyx,Protambulyx strigilis,female,1,0.001261,0.00209318366910571,1.65993946796646,,
Arthropoda,Insecta,Lepidoptera,Sphingidae,Erinnyis,Erinnyis oenotrus,male,1,0.000964,0.00381623120160126,3.95874605975235,,
Arthropoda,Insecta,Lepidoptera,Sphingidae,Erinnyis,Erinnyis ello,female,1,0.00121,0.00436505374898873,3.60748243718077,,
Arthropoda,Insecta,Lepidoptera,Sphingidae,Pachylia,Pachylia ficus,female,1,0.003225,0.00539888226848606,1.67407202123599,,
Arthropoda,Insecta,Lepidoptera,Sphingidae,Madoryx,Madoryx oeclus,male,1,0.001494,0.00601152139115115,4.02377603156034,,
Arthropoda,Insecta,Lepidoptera,Sphingidae,Madoryx,Madoryx oeclus,male,1,0.001904,0.00532230237815293,2.795326879282,,
Arthropoda,Insecta,Lepidoptera,Sphingidae,Perigonia,Perigonia lusca,male,1,0.000398,0.00136567471094092,3.43134349482643,,
Arthropoda,Insecta,Lepidoptera,Sphingidae,Perigonia,Perigonia lusca,female,1,0.000419,0.00200384046371705,4.78243547426504,,
Arthropoda,Insecta,Lepidoptera,Sphingidae,Perigonia,Perigonia lusca,male,1,0.000858,0.00380346788654574,4.43294625471531,,
Arthropoda,Insecta,Lepidoptera,Sphingidae,Perigonia,Perigonia lusca,male,1,0.000514,,,,
Arthropoda,Insecta,Lepidoptera,Sphingidae,Enyo,Enyo ocypete,female,1,0.000575,0.00117422498510808,2.04213040888362,,
Arthropoda,Insecta,Lepidoptera,Sphingidae,Enyo,Enyo ocypete,male,1,0.00036,,,,
Arthropoda,Insecta,Lepidoptera,Sphingidae,Enyo,Enyo ocypete,male,1,0.000335,,,,
Arthropoda,Insecta,Lepidoptera,Sphingidae,Enyo,Enyo ocypete,,1,0.000388,0.00133376642330211,3.43754232809823,,
Arthropoda,Insecta,Lepidoptera,Sphingidae,Enyo,Enyo ocypete,,1,0.000397,0.00112955338241375,2.84522262572733,,
Arthropoda,Insecta,Lepidoptera,Sphingidae,Oryba,Oryba achemenides,male,1,0.00223,0.00493940292648725,2.21497889080146,,
Arthropoda,Insecta,Lepidoptera,Sphingidae,Oryba,Oryba achemenides,female,1,0.003387,0.00784943875914641,2.31751956278311,,
Arthropoda,Insecta,Lepidoptera,Sphingidae,Pachygonia,Pachygonia drucei,male,1,0.000702,0.00156350609430152,2.22721665854917,,
Arthropoda,Insecta,Lepidoptera,Sphingidae,Xylophanes,Xylophanes libya,male,1,0.000559,0.00269305947671527,4.8176377043207,,
Arthropoda,Insecta,Lepidoptera,Sphingidae,Xylophanes,Xylophanes chiron,female,1,0.000708,0.00142310962869077,2.01004184843329,,
Arthropoda,Insecta,Lepidoptera,Sphingidae,Xylophanes,Xylophanes chiron,female,1,0.000948,,,,
Arthropoda,Insecta,Lepidoptera,Sphingidae,Xylophanes,Xylophanes pluto,male,1,0.000826,,,,
Arthropoda,Insecta,Lepidoptera,Sphingidae,Xylophanes,Xylophanes pluto,female,1,0.000876,0.00255904466863228,2.92128386830169,,
Arthropoda,Insecta,Lepidoptera,Sphingidae,Xylophanes,Xylophanes pluto,female,1,0.000782,0.00220805350460541,2.82359783197623,,
Arthropoda,Insecta,Lepidoptera,Saturniidae,Automeris,Automeris hamata,male,1,0.000564,0.00210594698416123,3.73394855347736,,
Arthropoda,Insecta,Lepidoptera,Saturniidae,Automeris,Automeris jacunda,female,1,0.001083,0.00485005972109859,4.4783561598325,,
Arthropoda,Insecta,Lepidoptera,Saturniidae,Automeris,Automeris jacunda,male,1,0.00028,0.00114869835499703,4.10249412498941,,
Arthropoda,Insecta,Lepidoptera,Saturniidae,Automeris,Automeris jacunda,male,1,0.000252,0.00082961547860897,3.29212491511496,,
Arthropoda,Insecta,Lepidoptera,Saturniidae,Automeris,Automeris jacunda,male,1,0.000254,0.000446716026943291,1.75872451552477,,
Arthropoda,Insecta,Lepidoptera,Saturniidae,Automeris,Automeris jacunda,female,1,0.001402,0.00108488177971942,0.773810113922555,,
Arthropoda,Insecta,Lepidoptera,Saturniidae,Automeris,Automeris jacunda,female,1,0.001271,0.00229739670999407,1.8075505192715,,
Arthropoda,Insecta,Lepidoptera,Saturniidae,Automeris,Automeris jacunda,male,1,0.000412,0.00165923095721794,4.02725960489791,,
Arthropoda,Insecta,Lepidoptera,Saturniidae,Automeris,Automeris jacunda,male,1,0.000272,0.000765798903331357,2.81543714460058,,
Arthropoda,Insecta,Lepidoptera,Saturniidae,Automeris,Automeris belti,male,1,0.000665,,,,
Arthropoda,Insecta,Lepidoptera,Saturniidae,Automeris,Automeris fieldi,male,1,0.000394,0.00114869835499703,2.91547805836811,,
Arthropoda,Insecta,Lepidoptera,Saturniidae,Automeris,Automeris zugana,female,1,0.000874,0.0014677812313851,1.67938355993719,,
Arthropoda,Insecta,Lepidoptera,Saturniidae,Automeris,Automeris zugana,female,1,0.000576,0.000765798903331357,1.32951198495027,,
Arthropoda,Insecta,Lepidoptera,Saturniidae,Automeris,Automeris zugana,male,1,0.000294,0.000574349177498517,1.95356863094734,,
Arthropoda,Insecta,Lepidoptera,Saturniidae,Automeris,Automeris zugana,male,1,0.000415,0.00185068068305078,4.45947152542356,,
Arthropoda,Insecta,Lepidoptera,Saturniidae,Automeris,Automeris zugana,,1,0.00034,,,,
Arthropoda,Insecta,Lepidoptera,Saturniidae,Automeris,Automeris zugana,male,1,0.000345,,,,
Arthropoda,Insecta,Lepidoptera,Saturniidae,Automeris,Automeris zugana,female,1,0.000575,,,,
Arthropoda,Insecta,Lepidoptera,Saturniidae,Automerina,Automerina auletes,female,1,0.00072,0.00191449725832839,2.65902396990054,,
Arthropoda,Insecta,Lepidoptera,Saturniidae,Pseudoautomeris,Pseudoautomeris salmonea,male,1,0.00048,,,,
Arthropoda,Insecta,Lepidoptera,Saturniidae,Dirphea,Dirphea agis,male,1,0.000197,0.000510532602220905,2.59153605188276,,
Arthropoda,Insecta,Lepidoptera,Saturniidae,Hylesia,Hylesia praeda,male,1,0.000139,0.00121251493027465,8.72312899478164,,
Arthropoda,Insecta,Lepidoptera,Saturniidae,Hylesia,Hylesia praeda,male,1,0.000153,0.000510532602220905,3.33681439360068,,
Arthropoda,Insecta,Lepidoptera,Saturniidae,Hylesia,Hylesia sp.,,1,0.000771,0.00165923095721794,2.15205052816853,,
Arthropoda,Insecta,Lepidoptera,Saturniidae,Hylesia,Hylesia sp.,,1,0.000332,0.000765798903331357,2.30662320280529,,
Arthropoda,Insecta,Lepidoptera,Saturniidae,Hylesia,Hylesia sp.,,1,0.000399,,,,
Arthropoda,Insecta,Lepidoptera,Saturniidae,Hylesia,Hylesia sp.,female,1,6.2e-05,0.000957248629164196,15.4394940187774,,
Arthropoda,Insecta,Lepidoptera,Saturniidae,Hylesia,Hylesia sp.,male,1,9.1e-05,0.000574349177498517,6.31152942306063,,
Arthropoda,Insecta,Lepidoptera,Saturniidae,Hylesia,Hylesia sp.,male,1,6.1e-05,0.000191449725832839,3.13852009562031,,
Arthropoda,Insecta,Lepidoptera,Saturniidae,Hylesia,Hylesia sp.,male,1,8.8e-05,0.000446716026943291,5.07631848799195,,
Arthropoda,Insecta,Lepidoptera,Saturniidae,Hylesia,Hylesia sp.,,1,0.000269,0.000446716026943291,1.66065437525387,,
Arthropoda,Insecta,Lepidoptera,Saturniidae,Hyperchirica,Hyperchirica nausica,male,1,0.000216,0.00114869835499703,5.31804793980109,,
Arthropoda,Insecta,Lepidoptera,Saturniidae,Hyperchirica,Hyperchirica nausica,male,1,0.000183,0.000510532602220905,2.78979564055139,,
Arthropoda,Insecta,Lepidoptera,Saturniidae,Eacles,Eacles imperialis,male,1,0.00112,0.00299937903804781,2.67801699825698,,
Arthropoda,Insecta,Lepidoptera,Saturniidae,Eacles,Eacles imperialis,male,1,0.000838,0.00268029616165975,3.19844410699254,,
Arthropoda,Insecta,Lepidoptera,Saturniidae,Eacles,Eacles imperialis,male,1,0.001357,0.00472242657054337,3.48004905714323,,
Arthropoda,Insecta,Lepidoptera,Saturniidae,Sphingicampa,Sphingicampa quadrilineata,male,1,0.000818,0.00225272510729974,2.75394267396056,,
Arthropoda,Insecta,Lepidoptera,Saturniidae,Syssphinx,Syssphinx molina,female,1,0.002205,0.00455012181729381,2.0635473094303,,
Arthropoda,Insecta,Lepidoptera,Saturniidae,Syssphinx,Syssphinx molina,female,1,0.001436,0.00328017196926931,2.28424231843267,,
Arthropoda,Insecta,Lepidoptera,Saturniidae,Syssphinx,Syssphinx molina,female,1,0.00163,0.00620297111698399,3.80550375275091,,
Arthropoda,Insecta,Lepidoptera,Saturniidae,Adeloneivaia,Adeloneivaia subungulata,male,1,0.000312,,,,
Arthropoda,Insecta,Lepidoptera,Saturniidae,Adeloneivaia,Adeloneivaia subungulata,male,1,0.000487,0.00195278720349496,4.00982998664263,,
Arthropoda,Insecta,Lepidoptera,Saturniidae,Adeloneivaia,Adeloneivaia boisduvalii,,1,0.001648,0.00205489372393914,1.24690153151647,,
Arthropoda,Insecta,Lepidoptera,Saturniidae,Adeloneivaia,Adeloneivaia boisduvalii,female,1,0.001381,0.00238673991538273,1.72826930874926,,
Arthropoda,Insecta,Lepidoptera,Saturniidae,Adeloneivaia,Adeloneivaia boisduvalii,,1,0.000802,,,,
Arthropoda,Insecta,Lepidoptera,Saturniidae,Adeloneivaia,Adeloneivaia boisduvalii,male,1,0.000427,0.00204213040888362,4.78250681237381,,
Arthropoda,Insecta,Lepidoptera,Saturniidae,Adeloneivaia,Adeloneivaia boisduvalii,male,1,0.000694,0.00134014808082987,1.93104910782403,,
Arthropoda,Insecta,Lepidoptera,Saturniidae,Adeloneivaia,Adeloneivaia boisduvalii,female,1,0.00102,0.00165923095721794,1.62669701688033,,
Arthropoda,Insecta,Lepidoptera,Saturniidae,Rhescyntis,Rhescyntis hippodamia,male,1,0.001142,,,,
Arthropoda,Insecta,Lepidoptera,Saturniidae,Titaea,Titaea tamerlan,male,1,0.00107,,,,
Arthropoda,Insecta,Lepidoptera,Saturniidae,Rothschildea,Rothschildea orizaba,female,1,0.000891,,,,
Arthropoda,Insecta,Lepidoptera,Saturniidae,Rothschildea,Rothschildea orizaba,,1,0.001132,,,,
Arthropoda,Insecta,Lepidoptera,Saturniidae,Rothschildea,Rothschildea orizaba,,1,0.001199,,,,
Arthropoda,Insecta,Lepidoptera,Cossidae,Neocossus,Neocossus sp.,,1,0.001737,0.00766437069084133,4.41241835972443,,
Arthropoda,Insecta,Lepidoptera,Cossidae,Neocossus,Neocossus sp.,male,1,0.001607,0.00398215429732305,2.47800516323774,,
Arthropoda,Insecta,Lepidoptera,Cossidae,Neocossus,Neocossus sp.,,1,0.003107,0.00467137331032128,1.50349961709729,,
Arthropoda,Insecta,Lepidoptera,Cossidae,Neocossus,Neocossus sp.,male,1,0.000856,0.00171028421744003,1.99799558112153,,
Arthropoda,Insecta,Lepidoptera,Cossidae,Neocossus,Neocossus sp.,female,1,0.001624,0.0017804824502454,1.09635618857476,,
Arthropoda,Insecta,Lepidoptera,Cossidae,Neocossus,Neocossus sp.,female,1,0.001146,0.00318444710635289,2.7787496565034,,
Arthropoda,Insecta,Lepidoptera,Cossidae,Neocossus,Neocossus sp.,,1,0.001872,0.0033312252294914,1.7795006567796,,
Arthropoda,Insecta,Lepidoptera,Cossidae,Neocossus,Neocossus sp.,,1,0.002224,0.00754311919781386,3.39169028678681,,
Arthropoda,Insecta,Lepidoptera,Megalpygidae,Megalpyge,Megalpyge sp.,female,1,0.000218,,,,
Arthropoda,Insecta,Lepidoptera,Megalpygidae,Megalpyge,Megalpyge sp.,female,1,0.000627,0.00164646764216242,2.62594520281087,,
Arthropoda,Insecta,Lepidoptera,Notodontidae,Lirimiris,Lirimiris sp.,male,1,0.000564,0.0018634439981063,3.30397872004663,,
Arthropoda,Insecta,Lepidoptera,Notodontidae,Hapigia,Hapigia simplex,male,1,0.000478,0.00167199427227346,3.49789596709929,,
Arthropoda,Insecta,Lepidoptera,Notodontidae,Apetaloides,Apetaloides firmiana,male,1,0.000169,0.000874287081303299,5.17329633907277,,
Arthropoda,Insecta,Lepidoptera,Lasiocampidae,Euglyphis,Euglyphis sp.,male,1,8.7e-05,0.000433952711887769,4.98796220560654,,
Arthropoda,Insecta,Lepidoptera,Lasiocampidae,Artace,Artace sp.,,1,0.000119,0.000268029616165975,2.25234971568046,,
Arthropoda,Insecta,Lepidoptera,Lasiocampidae,Artace,Artace sp.,male,1,0.000141,,,,
Arthropoda,Insecta,Lepidoptera,Lasiocampidae,Artace,Artace sp.,male,1,0.000145,0.000427571054360008,2.94876589213798,,
Arthropoda,Insecta,Lepidoptera,Lasiocampidae,Artace,Artace sp.,,1,0.00014,,,,
Arthropoda,Insecta,Lepidoptera,Lasiocampidae,Artace,Artace sp.,,1,9.7e-05,,,,
Arthropoda,Insecta,Hemiptera,Cicadidae,Diceroprocta,Diceroprocta apache,,12,0.000622,0.00153937146264311,2.47487373415292,,
Arthropoda,Insecta,Blattodea,Blaberidae,Gromphadorhina,Gromphadorhina portentosa,male,7,0.00495,0.005225,1.05555555555556,,
Arthropoda,Insecta,Hymenoptera,Formicidae,Camponotus,Camponotus detritus,,33,,4.98162989966368e-05,,,
Arthropoda,Insecta,Hymenoptera,Formicidae,Myrmica,Myrmica rubra,,32,9.2e-07,6.69555555555556e-06,7.27777777777778,,
Arthropoda,Insecta,Hymenoptera,Formicidae,Tetramorium,Tetramorium caespitum,,33,2.3e-07,2.38944444444445e-06,10.3888888888889,,
Arthropoda,Insecta,Hymenoptera,Formicidae,Camponotus,Camponotus herculeanus,,31,6.71e-06,7.53011111111111e-05,11.2222222222222,,
Arthropoda,Insecta,Hymenoptera,Formicidae,Lasius,Lasius niger,,42,5.8e-07,5.96111111111111e-06,10.2777777777778,,
Arthropoda,Insecta,Hymenoptera,Formicidae,Lasius,Lasius alienus,,99,4.6e-07,6.00555555555556e-06,13.0555555555556,,
Arthropoda,Insecta,Hymenoptera,Formicidae,Lasius,Lasius flavus,,32,8.6e-07,1.13233333333333e-05,13.1666666666667,,
Arthropoda,Insecta,Hymenoptera,Formicidae,Formica,Formica exsecta,,33,1.35e-06,2.1675e-05,16.0555555555556,,
Arthropoda,Insecta,Hymenoptera,Formicidae,Formica,Formica pratensis,,45,2.39e-06,3.09372222222222e-05,12.9444444444444,,
Arthropoda,Insecta,Hymenoptera,Formicidae,Formica,Formica fusca,,32,1.47e-06,9.555e-06,6.5,,
Arthropoda,Insecta,Diptera,Drosophilidae,Drosophila,Drosophila nikkananu,female,11,4.9e-07,1.07659644311771e-05,21.971355981994,,
Arthropoda,Insecta,Diptera,Drosophilidae,Drosophila,Drosophila melanogaster,female,27,9.5e-07,2.43233033025598e-05,25.6034771605892,,
Arthropoda,Insecta,Diptera,Drosophilidae,Drosophila,Drosophila virilis,female,10,1.67e-06,3.34107514054647e-05,20.0064379673441,,
Arthropoda,Insecta,Diptera,Drosophilidae,Drosophila,Drosophila mimica,female,14,2.44e-06,3.3415514843076e-05,13.6948831324082,,
Arthropoda,Insecta,Hymenoptera,Formicidae,Camponotus,Camponotus vicinus,female,8,0.0001074,0.000145488584474886,1.35464231354642,,
Arthropoda,Insecta,Hymenoptera,Apidae,Apis,Apis mellifera,female,10,,,4.55333333333333,,
Arthropoda,Insecta,Coleoptera,Tenebrionidae,Onymacris,Onymacris unguicularis,,6,0.000737,0.000180155555555556,0.244444444444445,,
Arthropoda,Insecta,Odonata,Aeschnidae,Anax,Anax junius,both,7,0.001019,0.00408550584685561,4.00932860339118,,
Arthropoda,Insecta,Odonata,Libellulidae,Brachymesia,Brachymesia gravida,both,8,0.000344,0.00153206469257085,4.45367643189202,,
Arthropoda,Insecta,Odonata,Libellulidae,Erythemis,Erythemis simplicicollis,both,8,0.000263,0.000864241621450225,3.28608981540009,,
Arthropoda,Insecta,Odonata,Libellulidae,Erythrodiplax,Erythrodiplax berenice,both,8,0.000125,0.000432120810725112,3.4569664858009,,
Arthropoda,Insecta,Odonata,Libellulidae,Erythrodiplax,Erythrodiplax connata,male,7,5.2e-05,0.000188561808316413,3.62618862146947,,
Arthropoda,Insecta,Odonata,Libellulidae,Erythrodiplax,Erythrodiplax connata,both,14,4.9e-05,0.000271057599454843,5.53178774397639,,
Arthropoda,Insecta,Odonata,Libellulidae,Erythrodiplax,Erythrodiplax connata,male,7,4.9e-05,0.000274985970461435,5.61195858084562,,
Arthropoda,Insecta,Odonata,Libellulidae,Libellula,Libellula auripennis,both,8,0.000464,0.00137492985230718,2.96321088859305,,
Arthropoda,Insecta,Odonata,Libellulidae,Libellula,Libellula needhami,both,8,0.000518,0.00164991582276861,3.18516568102048,,
Arthropoda,Insecta,Odonata,Libellulidae,Libellula,Libellula spp. (combined),both,8,0.000419,0.00125707872210942,3.0001878809294,,
Arthropoda,Insecta,Odonata,Libellulidae,Libellula,Libellula spp. (combined),both,7,0.000491,0.00153206469257085,3.12029468955367,,
Arthropoda,Insecta,Odonata,Libellulidae,Libellula,Libellula spp. (combined),both,7,0.000443,0.00157134840263677,3.54706185696788,,
Arthropoda,Insecta,Odonata,Libellulidae,Miathyria,Miathyria marcella,both,8,0.000171,0.000754247233265651,4.41080253371726,,
Arthropoda,Insecta,Odonata,Libellulidae,Miathyria,Miathyria marcella,both,12,0.000184,0.00109994388184574,5.97795587959642,,
Arthropoda,Insecta,Odonata,Libellulidae,Miathyria,Miathyria marcella,both,8,0.000172,0.0010213764617139,5.93823524252269,,
Arthropoda,Insecta,Odonata,Libellulidae,Pachydiplax,Pachydiplax longipennis,male,8,2e-04,0.000533333333333333,2.66666666666667,,
Arthropoda,Insecta,Odonata,Libellulidae,Pachydiplax,Pachydiplax longipennis,both,8,0.000186,0.000620682619041525,3.33700332818024,,
Arthropoda,Insecta,Odonata,Libellulidae,Pachydiplax,Pachydiplax longipennis,both,8,2e-04,0.000777777777777778,3.88888888888889,,
Arthropoda,Insecta,Odonata,Libellulidae,Pachydiplax,Pachydiplax longipennis,both,16,0.00019,0.000707106781186547,3.72161463782393,,
Arthropoda,Insecta,Odonata,Libellulidae,Pachydiplax,Pachydiplax longipennis,both,8,0.000187,0.00075,4.01069518716578,,
Arthropoda,Insecta,Odonata,Libellulidae,Pachydiplax,Pachydiplax longipennis,both,8,0.000192,0.000844599766417265,4.39895711675659,,
Arthropoda,Insecta,Odonata,Libellulidae,Pantala,Pantala flavescens,both,6,0.000339,0.00164991582276861,4.86700832675107,,
Arthropoda,Insecta,Odonata,Libellulidae,Perithemis,Perithemis tenera,male,9,6.1e-05,0.00032605479354713,5.34516054995296,,
Arthropoda,Insecta,Odonata,Libellulidae,Tramea,Tramea carolina,both,10,0.000383,0.00176776695296637,4.61557951166154,,
Arthropoda,Malacostraca,Isopoda,Porcellionidae,Porcellio,Porcellio laevis,female,54,1.409e-05,0.000252011111111111,17.8858134216545,,
Arthropoda,Malacostraca,Isopoda,Porcellionidae,Porcellio,Porcellio laevis,female,55,1.799e-05,0.000330811111111111,18.3886109567043,,
Arthropoda,Malacostraca,Isopoda,Trichoniscidae,Trichoniscus,Trichoniscus pusillus,,5,6e-07,2e-06,3.33333333333333,,
Arthropoda,Malacostraca,Isopoda,Trichoniscidae,Trichoniscus,Trichoniscus pusillus,,5,6e-07,2.22222222222222e-06,3.7037037037037,,
Arthropoda,Malacostraca,Isopoda,Trichoniscidae,Trichoniscus,Trichoniscus pusillus,,5,7e-07,1.33333333333333e-06,1.90476190476191,,
Arthropoda,Malacostraca,Isopoda,Trichoniscidae,Trichoniscus,Trichoniscus pusillus,,5,6.8e-07,1.55555555555556e-06,2.28758169934641,,
Arthropoda,Malacostraca,Isopoda,Trichoniscidae,Trichoniscus,Trichoniscus pusillus,,5,6.8e-07,1.55555555555556e-06,2.28758169934641,,
Arthropoda,Malacostraca,Isopoda,Trichoniscidae,Trichoniscus,Trichoniscus pusillus,,5,7e-07,2e-06,2.85714285714286,,
Arthropoda,Malacostraca,Isopoda,Trichoniscidae,Trichoniscus,Trichoniscus pusillus,,5,6.8e-07,1.11111111111111e-06,1.63398692810458,,
Arthropoda,Malacostraca,Isopoda,Trichoniscidae,Trichoniscus,Trichoniscus pusillus,,5,7.8e-07,1.77777777777778e-06,2.27920227920228,,
Arthropoda,Malacostraca,Isopoda,Trichoniscidae,Trichoniscus,Trichoniscus pusillus,,3,1.2e-06,2e-06,1.66666666666667,,
Arthropoda,Malacostraca,Isopoda,Trichoniscidae,Trichoniscus,Trichoniscus pusillus,,3,1.17e-06,4.22222222222222e-06,3.60873694207028,,
Arthropoda,Malacostraca,Isopoda,Trichoniscidae,Trichoniscus,Trichoniscus pusillus,,3,1.2e-06,3.11111111111111e-06,2.59259259259259,,
Arthropoda,Malacostraca,Isopoda,Trichoniscidae,Trichoniscus,Trichoniscus pusillus,,3,1.2e-06,3.55555555555556e-06,2.96296296296296,,
Arthropoda,Malacostraca,Isopoda,Trichoniscidae,Trichoniscus,Trichoniscus pusillus,,3,1.33e-06,2.88888888888889e-06,2.17209690893901,,
Arthropoda,Malacostraca,Isopoda,Trichoniscidae,Trichoniscus,Trichoniscus pusillus,,3,1.3e-06,2.44444444444445e-06,1.88034188034188,,
Arthropoda,Malacostraca,Isopoda,Trichoniscidae,Trichoniscus,Trichoniscus pusillus,,3,1.3e-06,1.55555555555556e-06,1.1965811965812,,
Arthropoda,Malacostraca,Isopoda,Trichoniscidae,Trichoniscus,Trichoniscus pusillus,,3,1.37e-06,2e-06,1.45985401459854,,
Arthropoda,Malacostraca,Isopoda,Trichoniscidae,Trichoniscus,Trichoniscus pusillus,,3,1.37e-06,4.44444444444445e-06,3.2441200324412,,
Arthropoda,Malacostraca,Isopoda,Trichoniscidae,Trichoniscus,Trichoniscus pusillus,,3,1.5e-06,3.55555555555556e-06,2.37037037037037,,
Arthropoda,Malacostraca,Isopoda,Trichoniscidae,Trichoniscus,Trichoniscus pusillus,,1,1.6e-06,4e-06,2.5,,
Arthropoda,Malacostraca,Isopoda,Trichoniscidae,Trichoniscus,Trichoniscus pusillus,,1,1.7e-06,7.33333333333333e-06,4.31372549019608,,
Arthropoda,Malacostraca,Isopoda,Trichoniscidae,Trichoniscus,Trichoniscus pusillus,,1,1.8e-06,6.88888888888889e-06,3.82716049382716,,
Arthropoda,Malacostraca,Isopoda,Trichoniscidae,Trichoniscus,Trichoniscus pusillus,,1,1.9e-06,1.13333333333333e-05,5.96491228070176,,
Arthropoda,Malacostraca,Isopoda,Trichoniscidae,Trichoniscus,Trichoniscus pusillus,,1,1.9e-06,5.77777777777778e-06,3.04093567251462,,
Arthropoda,Malacostraca,Isopoda,Trichoniscidae,Trichoniscus,Trichoniscus pusillus,,1,2e-06,5.55555555555556e-06,2.77777777777778,,
Arthropoda,Malacostraca,Isopoda,Trichoniscidae,Trichoniscus,Trichoniscus pusillus,,1,2e-06,3.11111111111111e-06,1.55555555555556,,
Arthropoda,Malacostraca,Isopoda,Trichoniscidae,Trichoniscus,Trichoniscus pusillus,,1,2.1e-06,1.02222222222222e-05,4.86772486772487,,
Chordata,Mammalia,Rodentia,Cricetidae,Microtus,Microtus nivalis,,1,0.0333,0.7067,21.2222222222222,,
Chordata,Mammalia,Rodentia,Dipodidae,Zapus,Zapus hudsonius,,1,0.03,0.25,8.33333333333333,,
Chordata,Mammalia,Rodentia,Heteromyodae,Perognathus,Perognathus californicus,,1,0.022,0.118555555555556,5.38888888888889,,
Chordata,Mammalia,Rodentia,Cricetidae,Myopus,Myopus schisticolor,,10,0.0282,0.5546,19.6666666666667,,
Chordata,Mammalia,Rodentia,Bathyergidae,Fukomys,Fukomys mechowi,,6,0.267,0.89,3.33333333333333,,
Chordata,Mammalia,Rodentia,Cricetidae,Microtus,Microtus breweri,male,8,0.0531,0.409444444444444,7.71081816279556,,
Chordata,Mammalia,Rodentia,Cricetidae,Microtus,Microtus pennsylvanicus,male,10,0.0447,0.446666666666667,9.99254287844892,,
Chordata,Mammalia,Rodentia,Octodontidae,Octomys,Octomys mimax,,8,0.1186,0.639122222222222,5.38888888888889,,
Chordata,Mammalia,Rodentia,Octodontidae,Tympanoctomys,Tympanoctomys barrerae,,1,0.0518,0.359722222222222,6.94444444444444,,
Chordata,Mammalia,Rodentia,Octodontidae,Tympanoctomys,Tympanoctomys barrerae,,1,0.091,0.455,5,,
Chordata,Mammalia,Rodentia,Bathyergidae,Georychus,Georychus capensis,male,1,0.1065,0.852,8,,
Chordata,Mammalia,Rodentia,Bathyergidae,Georychus,Georychus capensis,male,1,0.1113,0.618333333333333,5.55555555555556,,
Chordata,Mammalia,Rodentia,Bathyergidae,Georychus,Georychus capensis,female,1,0.1091,0.666722222222222,6.11111111111111,,
Chordata,Mammalia,Rodentia,Bathyergidae,Georychus,Georychus capensis,female,1,0.1129,0.5645,5,,
Chordata,Mammalia,Rodentia,Bathyergidae,Georychus,Georychus capensis,male,1,0.1121,0.647688888888889,5.77777777777778,,
Chordata,Mammalia,Rodentia,Bathyergidae,Georychus,Georychus capensis,female,1,0.1186,0.751133333333333,6.33333333333333,,
Chordata,Mammalia,Rodentia,Bathyergidae,Georychus,Georychus capensis,female,1,0.1192,0.768177777777778,6.44444444444444,,
Chordata,Mammalia,Rodentia,Bathyergidae,Georychus,Georychus capensis,male,1,0.1159,0.798422222222222,6.88888888888889,,
Chordata,Mammalia,Rodentia,Bathyergidae,Georychus,Georychus capensis,female,1,0.28,2.38,8.5,,
Chordata,Mammalia,Rodentia,Muridae,Gerbillus,Gerbillus allenbyi,,1,0.0353,0.215722222222222,6.11111111111111,,
Chordata,Mammalia,Rodentia,Muridae,Gerbillus,Gerbillus nanus,,1,0.0284,0.123066666666667,4.33333333333333,,
Chordata,Mammalia,Rodentia,Bathyergidae,Cryptomys,Cryptomys sp.,,10,0.0819,0.5096,6.22222222222222,,
Chordata,Mammalia,Rodentia,Bathyergidae,Fukomys,Fukomys damarensis,,1,0.124,0.392666666666667,3.16666666666667,,
Chordata,Mammalia,Diprotodontia,Potoroidae,Aepyprymnus,Aepyprymnus rufescens,,4,2.82,5.9784,2.12,,
Chordata,Mammalia,Rodentia,Sciuridae,Eutamias,Eutamias minimus borealis,,1,0.0493,0.5,10.1419878296146,,
Chordata,Mammalia,Rodentia,Sciuridae,Eutamias,Eutamias minimus oreocetes,,1,0.0458,0.444444444444444,9.70402717127608,,
Chordata,Mammalia,Rodentia,Sciuridae,Eutamias,Eutamias amoenus luteiventris,,1,0.0573,0.488888888888889,8.53209230172581,,
Chordata,Mammalia,Rodentia,Sciuridae,Otospermophilus,Otospermophilus beecheyi,,10,0.5996,1.76548888888889,2.94444444444445,,
Chordata,Mammalia,Eulipotyphla,Erinaceidae,Erinaceus,Erinaceus concolor,,25,0.8227,1.92877444444444,2.34444444444444,,
Chordata,Mammalia,Rodentia,Spalacidae,Spalax,Spalax ehrenbergi,,5,0.104,0.595111111111111,5.72222222222222,,
Chordata,Mammalia,Rodentia,Spalacidae,Spalax,Spalax ehrenbergi,,6,0.128,0.611555555555556,4.77777777777778,,
Chordata,Mammalia,Rodentia,Spalacidae,Spalax,Spalax ehrenbergi,,4,0.117,0.5525,4.72222222222222,,
Chordata,Mammalia,Rodentia,Spalacidae,Spalax,Spalax ehrenbergi,,4,0.124,0.599333333333333,4.83333333333333,,
Chordata,Mammalia,Rodentia,Spalacidae,Spalax,Spalax ehrenbergi,,4,0.121,0.416777777777778,3.44444444444444,,
Chordata,Mammalia,Chiroptera,Hipposideridae,Rhinonicteris,Rhinonicteris aurantia,,54,0.00827,0.0900511111111111,10.8888888888889,,
Chordata,Mammalia,Chiroptera,Miniopteridae,Miniopterus,Miniopterus schreibersii,,40,0.01091,0.144254444444444,13.2222222222222,,
Chordata,Mammalia,Chiroptera,Miniopteridae,Miniopterus,Miniopterus gigas,,9,0.1072,0.524088888888889,4.88888888888889,,
Chordata,Mammalia,Macroscelidea,Macroscelididae,Elephantulus,Elephantulus rozeti,,7,0.04531,0.265566944444444,5.86111111111111,,
Chordata,Mammalia,Macroscelidea,Macroscelididae,Elephantulus,Elephantulus myurus,,7,0.06297,0.3683745,5.85,,
Chordata,Mammalia,Chiroptera,Megadermatidae,Macroderma,Macroderma gigas,,6,0.15,0.783333333333333,5.22222222222222,,
Chordata,Mammalia,Rodentia,Heteromyidae,Perognathus,Perognathus longimembris,,9,0.00823,0.0489227777777778,5.94444444444445,,
Chordata,Mammalia,Rodentia,Heteromyidae,Perognathus,Perognathus hispidus,,4,0.0395,0.274305555555556,6.94444444444444,,
Chordata,Mammalia,Rodentia,Sciuridae,Tamias,Tamias striatus,,13,0.0874,0.500122222222222,5.72222222222222,,
Chordata,Mammalia,Rodentia,Sciuridae,Cynomys,Cynomys ludovicianus,,12,1.1123,2.36666666666667,2.12772333603045,,
Chordata,Mammalia,Artiodactyla,Tragulidae,Tragulus,Tragulus javanicus,,1,1.613,9.07760555555556,5.62777777777778,,
Chordata,Mammalia,Artiodactyla,Tragulidae,Tragulus,Tragulus javanicus,,1,1.613,8.95215,5.55,,
Chordata,Mammalia,Perissodactyla,Equidae,Equus,Equus Asinus,,2,105.5,210.648333333333,1.99666666666667,,
Chordata,Mammalia,Artiodactyla,Camelidae,Lama,Lama glama,male,2,115,147.2,1.28,,
Chordata,Mammalia,Artiodactyla,Bovidae,Madoqua,Madoqua kirkii,male,7,3.97,11.4688888888889,2.88888888888889,,
Chordata,Mammalia,Rodentia,Cricetidae,Microtus,Microtus oeconomus,,6,0.032,0.56,17.5,,
Chordata,Mammalia,Rodentia,Cricetidae,Dicrostonyx,Dicrostonyx groenlandicus,,6,0.047,0.513333333333333,10.9219858156028,,
Chordata,Mammalia,Rodentia,Cricetidae,Lemmus,Lemmus trimucronatus,,6,0.064,0.876666666666667,13.6979166666667,,
Chordata,Mammalia,Carnivora,Mustelidae,Mustela,Mustela rixosa,,4,0.075,0.916666666666667,12.2222222222222,,
Chordata,Mammalia,Rodentia,Sciuridae,Citellus,Citellus undulatus,,3,0.68,3.26666666666667,4.80392156862745,,
Chordata,Mammalia,Carnivora,Canidae,Vulpes,Vulpes lagopus,,3,3.6,7.63333333333333,2.12037037037037,,
Chordata,Mammalia,Rodentia,Sciuridae,Ictidomys,Ictidomys tridecemlineatus,,1,0.2338,1.00534,4.3,,
Chordata,Mammalia,Rodentia,Nesomyidae,Cricetomys,Cricetomys gambianus,,9,1.8709,6.34027222222222,3.38888888888889,,
Chordata,Mammalia,Rodentia,Cricetidae,Abrothrix,Abrothrix andinus,,1,0.0346,0.359455555555556,10.3888888888889,,
Chordata,Mammalia,Rodentia,Cricetidae,Abrothrix,Abrothrix longipilis,,1,0.0423,0.3196,7.55555555555556,,
Chordata,Mammalia,Rodentia,Cricetidae,Abrothrix,Abrothrix olivaceus,,1,0.027,0.2745,10.1666666666667,,
Chordata,Mammalia,Rodentia,Cricetidae,Auliscomys,Auliscomys boliviensis,,1,0.0768,0.6144,8,,
Chordata,Mammalia,Rodentia,Cricetidae,Auliscomys,Auliscomys micropus,,1,0.0623,0.543394444444444,8.72222222222222,,
Chordata,Mammalia,Rodentia,Cricetidae,Eligmodontia,Eligmodontia typus,,1,0.0175,0.16625,9.5,,
Chordata,Mammalia,Rodentia,Cricetidae,Oryzomys,Oryzomys longicaudatus,,1,0.0282,0.283566666666667,10.0555555555556,,
Chordata,Mammalia,Rodentia,Cricetidae,Phyllotis,Phyllotis darwini,,1,0.059,0.396611111111111,6.72222222222222,,
Chordata,Mammalia,Rodentia,Muridae,Myotomys,Myotomys unisulcatus,,11,0.096,0.592,6.16666666666667,,
Chordata,Mammalia,Rodentia,Muridae,Parotomys,Parotomys brantsii,,12,0.0865,0.466138888888889,5.38888888888889,,
Chordata,Mammalia,Chrioptera,Emballonuridae,Peropteryx,Peropteryx macrotis,,15,0.0051,0.06545,12.8333333333333,,
Chordata,Mammalia,Chrioptera,Natalidae,Natalus,Natalus tumidirostris,,12,0.0054,0.0462,8.55555555555556,,
Chordata,Mammalia,Rodentia,Nesomyidae,Mystromys,Mystromys albicaudatus,,8,0.09378,0.704392,7.51111111111111,,
Chordata,Mammalia,Rodentia,Cricetidae,Peromyscus,Peromyscus pirrensis,,1,0.1277,0.681066666666667,5.33333333333333,,
Chordata,Mammalia,Rodentia,Cricetidae,Peromyscus,Peromyscus pirrensis,,1,0.1743,0.823083333333333,4.72222222222222,,
Chordata,Mammalia,Rodentia,Cricetidae,Peromyscus,Peromyscus pirrensis,,1,0.1397,0.62865,4.5,,
Chordata,Mammalia,Rodentia,Cricetidae,Peromyscus,Peromyscus pirrensis,,1,0.1126,0.613044444444445,5.44444444444444,,
Chordata,Mammalia,Rodentia,Cricetidae,Peromyscus,Peromyscus pirrensis,,1,0.1298,0.605733333333333,4.66666666666667,,
Chordata,Mammalia,Rodentia,Cricetidae,Peromyscus,Peromyscus pirrensis,,1,0.1436,0.670133333333333,4.66666666666667,,
Chordata,Mammalia,Rodentia,Sciuridae,Tamiasciurus,Tamiasciurus hudsonicus,,5,0.224,1.35644444444444,6.05555555555556,,
Chordata,Mammalia,Rodentia,Sciuridae,Tamiasciurus,Tamiasciurus hudsonicus,,12,0.231,1.45016666666667,6.27777777777778,,
Chordata,Mammalia,Artiodactyla,Bovidae,Raphicerus,Raphicerus campestris,,5,9.55,20.4263888888889,2.13888888888889,,
Chordata,Mammalia,Artiodactyla,Bovidae,Cephalophus,Cephalophus monticola,,3,4.15,9.91388888888889,2.38888888888889,,
Chordata,Mammalia,Rodentia,Muridae,Tatera,Tatera afra,,5,0.1483,1.40885,9.5,,
Chordata,Mammalia,Macroscelidea,Macroscelididae,Macroscelides,Macroscelides proboscideus,,12,0.039,0.290333333333333,7.44444444444444,,
Chordata,Mammalia,Macroscelidea,Macroscelididae,Petrodromus,Petrodromus tetradactylus,,9,0.20611,0.997343388888889,4.83888888888889,,
Chordata,Mammalia,Macroscelidea,Macroscelididae,Elephantulus,Elephantulus intufi,,7,0.04649,0.288883694444445,6.21388888888889,,
Chordata,Mammalia,Macroscelidea,Macroscelididae,Elephantulus,Elephantulus brachyrhynchus,,4,0.0453,0.242833166666667,5.36055555555556,,
Chordata,Mammalia,Rodentia,Geomyidae,Geomys,Geomys bursarius,,7,0.197,0.766111111111111,3.88888888888889,,
Chordata,Mammalia,Rodentia,Cricetidae,Ochrotomys,Ochrotomys nuttalli,,1,0.0195,0.150583333333333,7.72222222222222,,
Chordata,Mammalia,Carnivora,Herpestidae,Herpestes,Herpestes auropunctatus,,8,0.611,2.24033333333333,3.66666666666667,,
Chordata,Mammalia,Rodentia,Cricetidae,Phyllotis,Phyllotis rupestris,,12,0.0555,0.3145,5.66666666666667,,
Chordata,Mammalia,Rodentia,Cricetidae,Phyllotis,Phyllotis magister,,5,0.0628,0.401222222222222,6.38888888888889,,
Chordata,Mammalia,Rodentia,Cricetidae,Phyllotis,Phyllotis darwini,,6,0.0762,0.474133333333333,6.22222222222222,,
Chordata,Mammalia,Rodentia,Octodontidae,Octodontomys,Octodontomys gliroides,,2,0.152,0.726222222222222,4.77777777777778,,
Chordata,Mammalia,Rodentia,Octodontidae,Octodon,Octodon degus,,4,0.206,1.06433333333333,5.16666666666667,,
Chordata,Mammalia,Rodentia,Echimyidae,Trichomys,Trichomys apereoides,,2,0.323,1.14844444444444,3.55555555555556,,
Chordata,Mammalia,Rodentia,Chinchillidae,Chinchilla,Chinchilla lanigera,female,4,0.426,1.25433333333333,2.94444444444445,,
Chordata,Mammalia,Rodentia,Caviidae,Kerodon,Kerodon rupestris,female,1,0.801,1.8245,2.27777777777778,,
Chordata,Mammalia,Rodentia,Dasyproctidae,Myoprocta,Myoprocta acouchy,,1,0.914,2.79277777777778,3.05555555555556,,
Chordata,Mammalia,Rodentia,Caviidae,Dolichotis,Dolichotis salinicola,,1,1.613,4.0325,2.5,,
Chordata,Mammalia,Rodentia,Dasyproctidae,Dasyprocta,Dasyprocta leporina,,1,2.687,8.65811111111111,3.22222222222222,,
Chordata,Mammalia,Rodentia,Dasyproctidae,Dasyprocta,Dasyprocta azarae,,2,3.849,10.4778333333333,2.72222222222222,,
Chordata,Mammalia,Rodentia,Cuniculidae,Agouti,Agouti paca,,1,9.156,15.26,1.66666666666667,,
Chordata,Mammalia,Rodentia,Caviidae,Hydrochaeris,Hydrochaeris hydrochaeris,male,1,26.4,36.6666666666667,1.38888888888889,,
Chordata,Mammalia,Eulipotyphla,Talpidae,Condylura,Condylura cristata,,12,0.049,0.6125,12.5,,
Chordata,Mammalia,Rodentia,Muridae,Otomys,Otomys sloggetti,,19,0.11329,0.742678888888889,6.55555555555556,,
Chordata,Mammalia,Chiroptera,Vespertilionidae,Nyctophilus,Nyctophilus major,,5,0.0136,0.113333333333333,8.33333333333333,,
Chordata,Mammalia,Monotremata,Tachyglossidae,Zaglossus,Zaglossus bruijni,,2,13.63,6.1335,0.45,,
Chordata,Mammalia,Monotremata,Tachyglossidae,Tachyglossus,Tachyglossus aculeatus,,6,3.43,2.51533333333333,0.733333333333333,,
Chordata,Mammalia,Monotremata,Ornithorhynchisae,Ornithorhynchus,Ornithorhynchus anatinus,,5,1.32,2.662,2.01666666666667,,
Chordata,Mammalia,Notoryctemorphia,Notoryctidae,Notoryctes,Notoryctes caurinus,,4,0.034,0.119,3.5,,
Chordata,Mammalia,Carnivora,Mustelidae,Mustela,Mustela erminea,female,1,0.041,0.75,18.2926829268293,,
Chordata,Mammalia,Carnivora,Mustelidae,Mustela,Mustela erminea,female,1,0.045,0.893333333333333,19.8518518518519,,
Chordata,Mammalia,Carnivora,Mustelidae,Mustela,Mustela erminea,female,1,0.065,0.72,11.0769230769231,,
Chordata,Mammalia,Carnivora,Mustelidae,Mustela,Mustela rixosa,male,1,0.071,0.91,12.8169014084507,,
Chordata,Mammalia,Carnivora,Mustelidae,Mustela,Mustela rixosa,male,1,0.077,1.08333333333333,14.0692640692641,,
Chordata,Mammalia,Carnivora,Mustelidae,Mustela,Mustela rixosa,male,1,0.084,0.953333333333333,11.3492063492063,,
Chordata,Mammalia,Carnivora,Mustelidae,Mustela,Mustela erminea,female,1,0.08,0.986666666666667,12.3333333333333,,
Chordata,Mammalia,Carnivora,Mustelidae,Mustela,Mustela erminea,female,1,0.085,1.42666666666667,16.7843137254902,,
Chordata,Mammalia,Carnivora,Mustelidae,Mustela,Mustela erminea,female,1,0.115,1.04,9.04347826086957,,
Chordata,Mammalia,Carnivora,Mustelidae,Mustela,Mustela rixosa,male,1,0.223,2.51333333333333,11.270553064275,,
Chordata,Mammalia,Carnivora,Mustelidae,Mustela,Mustela rixosa,male,1,0.231,2.22,9.61038961038961,,
Chordata,Mammalia,Carnivora,Canidae,Cerdocyon,Cerdocyon thous,male,1,6.874,10.2346222222222,1.48888888888889,,
Chordata,Mammalia,Carnivora,Canidae,Cerdocyon,Cerdocyon thous,female,1,4.354,6.7487,1.55,,
Chordata,Mammalia,Carnivora,Canidae,Vulpes,Vulpes zerda,,7,1.2,3.2,2.66666666666667,,
Chordata,Mammalia,Macroscelidae,Macroscelididae,Elephantulus,Elephantulus rufescens,,1,0.053,0.315938888888889,5.96111111111111,,
Chordata,Mammalia,Rodentia,Cricetidae,Oxymycterus,Oxymycterus roberti,male,1,0.071,0.510411111111111,7.18888888888889,,
Chordata,Mammalia,Rodentia,Cricetidae,Oxymycterus,Oxymycterus roberti,female,1,0.096,0.472533333333333,4.92222222222222,,
Chordata,Mammalia,Macroscelidea,Macroscelididae,Petrodromus,Petrodromus tetradactylus,,1,0.21,0.709333333333333,3.37777777777778,,
Chordata,Mammalia,Pilosa,Cyclopedidae,Cyclopes,Cyclopes didactylus,,1,0.24,0.636,2.65,,
Chordata,Mammalia,Dasyuromorphia,Myrmecobiidae,Myrmecobius,Myrmecobius fasciatus,,1,0.4,0.791111111111111,1.97777777777778,,
Chordata,Mammalia,Monotremata,Tachyglossidae,Tachyglossus,Tachyglossus aculeatus,,1,2.14,1.55744444444444,0.727777777777778,,
Chordata,Mammalia,Monotremata,Tachyglossidae,Tachyglossus,Tachyglossus setosus,,1,3.58,3.043,0.85,,
Chordata,Mammalia,Phollidota,Manidae,Manis,Manis javanica,,1,4.22,6.14244444444444,1.45555555555556,,
Chordata,Mammalia,Pilosa,Myrmecophagidae,Tamandua,Tamandua tetradactyla,,1,3.5,4.91944444444444,1.40555555555556,,
Chordata,Mammalia,Pilosa,Myrmecophagidae,Tamandua,Tamandua mexicana,,1,4.21,4.72455555555556,1.12222222222222,,
Chordata,Mammalia,Carnivora,Hyaenidae,Proteles,Proteles cristata,,1,7.71,10.8796666666667,1.41111111111111,,
Chordata,Mammalia,Monotremata,Tachyglossidae,Zaglossus,Zaglossus bruijni,,1,10.3,6.75222222222222,0.655555555555556,,
Chordata,Mammalia,Pilosa,Myrmecophagidae,Myrmecophaga,Myrmecophaga tridactyla,,1,30.6,14.45,0.472222222222222,,
Chordata,Mammalia,Tubulidentata,Orycteropodidae,Orycteropus,Orycteropus afer,,1,48,34.1333333333333,0.711111111111111,,
Chordata,Mammalia,Rodentia,Cricetidae,Clethrionomys,Clethrionomys californicus,,38,0.0183,0.339566666666667,18.5555555555556,,
Chordata,Mammalia,Rodentia,Cricetidae,Phenacomys,Phenacomys intermedius,,83,0.0215,0.373861111111111,17.3888888888889,,
Chordata,Mammalia,Rodentia,Cricetidae,Arborimus,Arborimus longicaudus,,9,0.0218,0.327,15,,
Chordata,Mammalia,Rodentia,Cricetidae,Clethrionomys,Clethrionomys gapperi,,37,0.0214,0.336455555555556,15.7222222222222,,
Chordata,Mammalia,Rodentia,Cricetidae,Clethrionomys,Clethrionomys gapperi,,66,0.0228,0.247,10.8333333333333,,
Chordata,Mammalia,Rodentia,Cricetidae,Microtus,Microtus pinetorum,,127,0.0238,0.310722222222222,13.0555555555556,,
Chordata,Mammalia,Rodentia,Cricetidae,Microtus,Microtus longicaudus,,74,0.0302,0.345622222222222,11.4444444444444,,
Chordata,Mammalia,Rodentia,Cricetidae,Lagurus,Lagurus curtatus,,69,0.0303,0.279433333333333,9.22222222222222,,
Chordata,Mammalia,Rodentia,Cricetidae,Microtus,Microtus oeconomus,,76,0.0354,0.558533333333333,15.7777777777778,,
Chordata,Mammalia,Rodentia,Cricetidae,Microtus,Microtus montanus,,16,0.0281,0.394961111111111,14.0555555555556,,
Chordata,Mammalia,Rodentia,Cricetidae,Microtus,Microtus montanus,,12,0.0304,0.432355555555556,14.2222222222222,,
Chordata,Mammalia,Rodentia,Cricetidae,Microtus,Microtus montanus,,34,0.0512,0.497777777777778,9.72222222222222,,
Chordata,Mammalia,Rodentia,Cricetidae,Lemmus,Lemmus sibiricus,,23,0.044,0.391111111111111,8.88888888888889,,
Chordata,Mammalia,Rodentia,Cricetidae,Microtus,Microtus xanthognathus,,47,0.0685,0.548,8,,
Chordata,Mammalia,Rodentia,Cricetidae,Dicrostonyx,Dicrostonyx groenlandicus,,74,0.0605,0.568027777777778,9.38888888888889,,
Chordata,Mammalia,Rodentia,Cricetidae,Dicrostonyx,Dicrostonyx groenlandicus,,22,0.0623,0.584927777777778,9.38888888888889,,
Chordata,Mammalia,Rodentia,Cricetidae,Arvicola,Arvicola richardsoni,,54,0.08,0.96,12,,
Chordata,Mammalia,Rodentia,Cricetidae,Neofiber,Neofiber alleni,,87,0.2581,1.20446666666667,4.66666666666667,,
Chordata,Mammalia,Rodentia,Cricetidae,Ondatra,Ondatra zibethicus,,30,1.0046,3.57191111111111,3.55555555555556,,
Chordata,Mammalia,Eulipotyphla,Erinnaceidae,Hylomys,Hylomys sulillus,female,4,0.0773,0.446622222222222,5.77777777777778,,
Chordata,Mammalia,Carnivora,Mustelidae,Mustela,Mustela vison,female,1,0.656,2.7185125,4.14407393292683,,
Chordata,Mammalia,Carnivora,Mustelidae,Mustela,Mustela vison,female,1,0.667,2.703975,4.05393553223388,,
Chordata,Mammalia,Carnivora,Mustelidae,Mustela,Mustela vison,female,1,0.788,3.20794166666667,4.07099196277496,,
Chordata,Mammalia,Lagomorpha,Leporidae,Lepus,Lepus arcticus,,4,3.0044,6.0088,2,,
Chordata,Mammalia,Primates,Callitrichidae,Cebuella,Cebuella pygmaea,female,3,0.096,0.522666666666667,5.44444444444444,,
Chordata,Mammalia,Primates,Callitrichidae,Cebuella,Cebuella pygmaea,male,3,0.133,0.812777777777778,6.11111111111111,,
Chordata,Mammalia,Eulipotyphla,Talpidae,Neurotrichus,Neurotrichus gibbsii,,6,0.0118,0.258288888888889,21.8888888888889,,
Chordata,Mammalia,Eulipotyphla,Erinaceidae,Echinosorex,Echinosorex gymnura,male,4,0.7212,2.80466666666667,3.88888888888889,,
Chordata,Mammalia,Carnivora,Viverridae,Genetta,Genetta tigrina,,2,1.698,4.15066666666667,2.44444444444444,,
Chordata,Mammalia,Carnivora,Mustelidae,Martes,Martes americana,,2,1.038,3.81176666666667,3.67222222222222,,
Chordata,Mammalia,Eulipotyphla,Talpidae,Scalopus,Scalopus aquaticus,,2,0.048,0.376,7.83333333333333,,
Chordata,Mammalia,Rodentia,Octodontidae,Spalacopus,Spalacopus cyanus,male,2,0.185,0.811944444444444,4.38888888888889,,
Chordata,Mammalia,Rodentia,Spalacidae,Cannomys,Cannomys badius,,5,0.344,0.955555555555556,2.77777777777778,,
Chordata,Mammalia,Rodentia,Aplodontiidae,Aplodontia,Aplodontia rufa,,3,0.63,1.54,2.44444444444444,,
Chordata,Mammalia,Carnivora,Herpestidae,Galerella,Galerella sanguinea,,7,0.54,2.28,4.22222222222222,,
Chordata,Mammalia,Artiodactyla,Bovidae,Oreamnos,Oreamnos americanus,male,1,32,46.2222222222222,1.44444444444444,,
Chordata,Mammalia,Afrosoricida,Chrysochloridae,Eremitalpa,Eremitalpa granti,,1,0.02062,0.0603888888888889,2.92865610518375,,
Chordata,Mammalia,Rodentia,Muridae,Hydromys,Hydromys chrysogaster,,4,0.77,2.541,3.3,,
Arthropoda,Insecta,Orthoptera,Acrididae,Bootettix,Bootettix punctatus,male,14,2.727e-05,0.000158118975768249,5.79827560572969,,
Arthropoda,Insecta,Orthoptera,Acrididae,Bootettix,Bootettix punctatus,female,24,6.675e-05,0.000533352967379483,7.99030662740799,,
Arthropoda,Insecta,Orthoptera,Acrididae,Trimerotropis,Trimerotropis sp.,male,8,7.15e-05,0.00049041390809193,6.85893577750951,,
Arthropoda,Insecta,Orthoptera,Acrididae,Trimerotropis,Trimerotropis sp.,female,3,0.0002203,0.00134832456682793,6.12040202827023,,
Arthropoda,Insecta,Orthoptera,Acrididae,Melanoplus,Melanoplus complanipes,male,2,4.206e-05,0.000270311837502952,6.4268149667844,,
Arthropoda,Insecta,Orthoptera,Acrididae,Melanoplus,Melanoplus complanipes,female,2,0.00024104,0.000884399507298611,3.66909852015686,,
Arthropoda,Insecta,Orthoptera,Acrididae,Anconia,Anconia integra,female,1,0.0008167,0.00345213144676599,4.22692720309292,,
Arthropoda,Insecta,Orthoptera,Tettigoniidae,Insara,Insara covilleae,male,7,8.2e-05,0.000864587318098805,10.5437477816927,,
Arthropoda,Insecta,Orthoptera,Tettigoniidae,Insara,Insara covilleae,female,1,0.0001032,0.00237244695987544,22.988827130576,,
Arthropoda,Insecta,Orthoptera,Tanaoceridae,Tanaocerus,Tanaocerus koebeli,female,12,0.0001025,0.000649890057475536,6.34039080463938,,
Arthropoda,Insecta,Orthoptera,Gryllacrididae,Ceuthophilus,Ceuthophilus fossor,male,1,7.015e-05,0.000865857360445236,12.3429417027119,,
Arthropoda,Insecta,Coleoptera,Tenebrionidae,Eusattus,Eusattus dubius,,10,2.722e-05,0.000262406855093807,9.6402224501766,,
Arthropoda,Insecta,Coleoptera,Tenebrionidae,Eleodes,Eleodes grandicollis,,2,0.00052193,0.00266543508331169,5.10688230856951,,
Arthropoda,Insecta,Coleoptera,Tenebrionidae,Eleodes,Eleodes armata,,5,0.0004519,0.00138112960742978,3.05627264312852,,
Arthropoda,Insecta,Coleoptera,Tenebrionidae,Eleodes,Eleodes tenebrosa,,11,5.153e-05,0.000260323639949011,5.05188511447722,,
Arthropoda,Insecta,Coleoptera,Tenebrionidae,Eleodes,Eleodes sp.,,8,8.885e-05,0.000344149263240593,3.87337381249965,,
Arthropoda,Insecta,Coleoptera,Tenebrionidae,Euschides,Euschides luctata,,2,8.38e-05,0.000447708586879269,5.34258456896503,,
Arthropoda,Insecta,Coleoptera,Tenebrionidae,Trogloderus,Trogloderus costatus,,3,2.987e-05,0.000103259588930873,3.4569664858009,,
Arthropoda,Insecta,Coleoptera,Tenebrionidae,Anepsius,Anepsius brunneus,,11,6.15e-06,2.44493954708269e-05,3.97551145867104,,
Arthropoda,Insecta,Coleoptera,Tenebrionidae,Sphaeriontis,Sphaeriontis dilatata,,1,4.6e-05,0.000186849038557539,4.06193562081606,,
Arthropoda,Insecta,Coleoptera,Tenebrionidae,Edrotes,Edrotes ventricosus,,2,2.435e-05,9.8908132366871e-05,4.06193562081606,,
Arthropoda,Insecta,Coleoptera,Tenebrionidae,Cryptoglossa,Cryptoglossa verrucossa,,9,0.0002334,0.000383256589448317,1.64205908075543,,
Arthropoda,Insecta,Coleoptera,Tenebrionidae,Centrioptera,Centrioptera muricata,,7,0.0001326,0.000477146227854267,3.59838784203821,,
Arthropoda,Insecta,Coleoptera,Tenebrionidae,Triorophus,Triorophus laevis,,2,8.46e-06,6.91267589287969e-05,8.17101169371122,,
Arthropoda,Insecta,Coleoptera,Carabidae,Calosoma,Calosoma sp.,,1,0.00015123,0.000741421259063968,4.90260701622673,,
Arthropoda,Insecta,Coleoptera,Curculionidae,Eucyllus,Eucyllus vagans,,20,7.43e-06,3.1873073864244e-05,4.28978113919839,,
Arthropoda,Insecta,Coleoptera,Curculionidae,Eucyllus,Eucyllus unicolor,,29,2.59e-06,1.38983409190619e-05,5.36615479500458,,
Arthropoda,Insecta,Coleoptera,Curculionidae,Miloderes,Miloderes sp.,,1,3.4e-06,8.64163054030093e-05,25.4165604126498,,
Arthropoda,Insecta,Coleoptera,Curculionidae,Ophryastes,Ophryastes varius,,9,2.726e-05,0.00010922914151249,4.00693842672377,,
Arthropoda,Insecta,Coleoptera,Curculionidae,Smicronyx,Smicronyx imbricata,,60,3.2e-07,2.90636600551697e-06,9.08239376724055,,
Arthropoda,Insecta,Coleoptera,Curculionidae,Griburius,Griburius sp.,,30,3.31e-06,6.07235805085961e-05,18.3454926007843,,
Arthropoda,Insecta,Coleoptera,Curculionidae,Griburius,Griburius sp.,,1,9.42e-06,3.61171287649257e-05,3.83409010243373,,
Arthropoda,Insecta,Coleoptera,Chrysomelidae,Monoxia,Monoxia sp.,,10,4.63e-06,8.21750003620323e-05,17.7483802077824,,
Arthropoda,Insecta,Coleoptera,Histeridae,Saprinus,Saprinus sp.,,16,8.21e-06,6.23752248146076e-05,7.5974695267488,,
Arthropoda,Insecta,Hemiptera,Formicidae,Pogonomyrmex,Pogonomyrmex sp.,,10,3.74e-06,8.95630877141297e-05,23.9473496561844,,
Arthropoda,Insecta,Hemiptera,Lygaeidae,Lygus,Lygus kalmii,,4,1.017e-05,0.000138631819985529,13.631447392874,,
Arthropoda,Insecta,Hemiptera,Pentatomidae,Dendrocoris,Dendrocoris contaminatus,,1,1.1e-05,0.000157119126779651,14.2835569799683,,
Arthropoda,Insecta,Hemiptera,Miridae,Phytocoris,Phytocoris nigripubescens,,91,1.27e-06,2.98543625713766e-05,23.5073721034461,,
Arthropoda,Insecta,Hemiptera,Miridae,Slaterocoris,Slaterocoris sp.,,18,8.6e-07,1.61082067451101e-05,18.7304729594303,,
Arthropoda,Insecta,Heteroptera,Membracidae,Multareoides,Multareoides bifuractus,,16,1.34e-06,1.49287526340909e-05,11.1408601746947,,
Arthropoda,Chilopoda,Scolopendromorpha,Scolopendridae,Scolopendra,Scolopendra michelbacheri,,4,0.0001199,0.000535069272672263,4.46262946348843,,
Arthropoda,Arachnida,Araneae,Loxoscelidae,Loxosceles,Loxosceles unicolor,,1,1.555e-05,5.03350033816637e-05,3.23697770943175,,
Arthropoda,Arachnida,Araneae,Pholcidae,Psilochorus,Psilochorus utahensis,,7,1.86e-06,4.19554737549226e-05,22.5567063198509,,
Arthropoda,Arachnida,Araneae,Clubionidae,Syspira,Syspira eclectica,,2,5.76e-05,0.000289178389234051,5.02045814642449,,
Arthropoda,Arachnida,Araneae,Salticidae,Metacyrba,Metacyrba labyrinthea,,4,1.12e-05,7.69960717292019e-05,6.87464926153588,,
Chordata,Reptilia,Squamata,Agamidae,Ctenophorus,Ctenophorus nuchalis,,5,0.0343,0.0130672385357747,0.380969053521128,,
Chordata,Mammalia,Rodentia,Muridae,Mus,Mus musculus,,5,0.0321,0.2889,9,,
Chordata,Reptilia,Squamata,Iguanidae,Sauromalus,Sauromalus hispidus,,15,0.574,0.205369346061635,0.357786317180549,,
Chordata,Reptilia,Squamata,Varanidae,Varanus,Varanus gouldii,,10,0.674,0.304175290153927,0.45129865008001,,
Chordata,Reptilia,Squamata,Phyllodactylidae,Ptyodactylus,Ptyodactylus hasselquistii,,14,0.0064,0.00349899185480618,0.546717477313466,,
Chordata,Reptilia,Squamata,Gekkonidae,Bunopus,Bunopus tuberculatus,,8,0.0022,0.0089731090720972,4.07868594186236,,
Chordata,Reptilia,Squamata,Phrynosomatidae,Sceloporus,Sceloporus occidentalis,,81,0.0131,0.00715846994535519,0.546448087431694,,
Chordata,Reptilia,Squamata,Phrynosomatidae,Sceloporus,Sceloporus occidentalis,,61,0.0152,0.00899817850637523,0.591985428051002,,
Chordata,Reptilia,Squamata,Phrynosomatidae,Sceloporus,Sceloporus occidentalis,,10,0.0128,0.00958834244080146,0.749089253187614,,
Chordata,Reptilia,Testudines,Emydidae,Trachemys,Trachemys scripta,,8,0.305,0.0288501944972796,0.094590801630425,,
Chordata,Reptilia,Testudines,Emydidae,Terrapene,Terrapene ornata,,17,0.354,0.0285698933144665,0.0807059133177021,,
Chordata,Reptilia,Testudines,Chelydridae,Chelydra,Chelydra serpentina,,14,3.473,0.188985635702953,0.0544156739714808,,
Chordata,Reptilia,Squamata,Anniellidae,Anniella,Anniella pulchra,,1,0.0045,0.00296789487684453,0.65953219485434,,
Chordata,Reptilia,Squamata,Phyllodactylidae,Homonota,Homonota gaudichaudii,,8,0.00079,7e-04,0.886075949367089,,
Chordata,Reptilia,Squamata,Varanidae,Varanus,Varanus giganteus,,6,2.496,0.59488,0.238333333333333,,
Chordata,Reptilia,Squamata,Varanidae,Varanus,Varanus albigularis,,4,0.963,0.339856557377049,0.352914389799636,,
Chordata,Reptilia,Squamata,Agamidae,Uromastyx,Uromastyx microlepis,,5,0.06966,0.0150543,0.216111111111111,,
Chordata,Reptilia,Squamata,Agamidae,Uromastyx,Uromastyx microlepis,,9,0.1982,0.0300603333333333,0.151666666666667,,
Chordata,Reptilia,Squamata,Agamidae,Uromastyx,Uromastyx microlepis,,8,0.47596,0.0626680666666667,0.131666666666667,,
Chordata,Reptilia,Squamata,Acrochordidae,Acrochordus,Acrochordus arafurae,,4,1.0474,0.0877052627540337,0.0837361683731466,,
Chordata,Reptilia,Squamata,Pythonidae,Aspidites,Aspidites melanocephalus,,3,1.0275,0.266316710260424,0.259189012418904,,
Chordata,Reptilia,Squamata,Pythonidae,Antaresia,Antaresia praelongus,,3,0.1055,0.0179251631906054,0.169906760100525,,
Chordata,Reptilia,Squamata,Pythonidae,Antaresia,Antaresia childreni,,8,0.3317,0.0862114991548166,0.259908046894232,,
Chordata,Reptilia,Squamata,Pythonidae,Liasis,Liasis fuscus,,4,1.3069,0.10435005714531,0.0798454794898693,,
Chordata,Reptilia,Squamata,Pythonidae,Liasis,Liasis olivaceus,,5,3.3232,0.396274143392313,0.119244747048722,,
Chordata,Reptilia,Squamata,Pythonidae,Antaresia,Antaresia stimsoni,,5,0.3499,0.0719140475623099,0.205527429443584,,
Chordata,Reptilia,Squamata,Pythonidae,Morelia,Morelia spilota,,4,1.5165,0.289149953848457,0.190669273886223,,
Chordata,Reptilia,Squamata,Pythonidae,Morelia,Morelia variegata,,7,2.1735,0.205712587092186,0.0946457727592299,,
Chordata,Reptilia,Squamata,Elapidae,Pseudonaja,Pseudonaja nuchalis,,3,0.2141,0.0512147519731584,0.239209490766737,,
Chordata,Reptilia,Squamata,Scincidae,Tiliqua,Tiliqua rugosa,,13,0.548,0.218579234972678,0.398867217103426,,
Chordata,Reptilia,Squamata,Varanidae,Varanus,Varanus rosenbergi,,12,1.287,0.423497267759563,0.329057706106887,,
Chordata,Reptilia,Squamata,Varanidae,Varanus,Varanus gouldii,,6,1.086,0.259562841530055,0.239008141372058,,
Chordata,Reptilia,Squamata,Varanidae,Varanus,Varanus panoptes,,7,0.931,0.286885245901639,0.308147417724639,,
Chordata,Reptilia,Squamata,Varanidae,Varanus,Varanus mertensi,,7,0.904,0.163934426229508,0.181343391846801,,
Chordata,Reptilia,Squamata,Anniellidae,Anniella,Anniella pulchra,,7,0.00494,0.00181682222222222,0.367777777777778,,
Chordata,Reptilia,Squamata,Anguidae,Ophisaurus,Ophisaurus ventralis,,9,0.03217,0.00682718888888889,0.212222222222222,,
Chordata,Reptilia,Squamata,Trogonophidae,Trogonophis,Trogonophis wiegmanni,,8,0.00497,0.00107959444444444,0.217222222222222,,
Chordata,Reptilia,Squamata,Colubridae,Thamnophis,Thamnophis butleri,,10,0.01904,0.00625146666666667,0.328333333333333,,
Chordata,Reptilia,Squamata,Varanidae,Varanus,Varanus gilleni,,1,0.0275,0.0102147327475353,0.3714448271831,,
Chordata,Reptilia,Squamata,Colubridae,Natrix,Natrix maura,,34,0.0225,0.0125,0.555555555555556,,
Chordata,Reptilia,Squamata,Colubridae,Natrix,Natrix natrix,,13,0.0375,0.025,0.666666666666667,,
Chordata,Reptilia,Squamata,Colubridae,Natrix,Natrix helvetica,,7,0.0825,0.09625,1.16666666666667,,
Chordata,Reptilia,Squamata,Teiidae,Cnemidophorus,Cnemidophorus murinus,,12,0.0552,0.0185058769083339,0.335251393266918,,
Chordata,Reptilia,Squamata,Varanidae,Varanus,Varanus gouldii,,5,0.169,0.0407520049346419,0.241136123873621,,
Chordata,Reptilia,Squamata,Varanidae,Varanus,Varanus panoptes,,10,2.003,0.633308463554084,0.31617996183429,,
Chordata,Reptilia,Squamata,Sphaerodactylidae,Sphaerodactylus,Sphaerodactylus cinereus,,8,0.00054,0.000251932394125829,0.466541470603387,,
Chordata,Reptilia,Squamata,Sphaerodactylidae,Sphaerodactylus,Sphaerodactylus notatus,,6,0.00033,0.000155562421604317,0.471401277588838,,
Chordata,Reptilia,Squamata,Dactyloidae,Anolis,Anolis sagrei,,12,4e-04,0.000390728481630336,0.976821204075841,,
Chordata,Reptilia,Squamata,Eublepharidae,Coleonyx,Coleonyx switaki,,1,0.00946,0.00388911111111111,0.411111111111111,,
Chordata,Reptilia,Squamata,Eublepharidae,Coleonyx,Coleonyx variegatus,,1,0.00362,0.00293622222222222,0.811111111111111,,
