scientific_name,common_name,animal_class,external_taxon_id,match_status,common_name_source,source_candidate_name,candidate_status
Abrothrix andinus,Andean Akodont,Mammal,4265099,confident,GBIF Backbone Taxonomy,Andean Altiplano Mouse,
Abrothrix longipilis,LLong-haired Soft-haired Mouse,Mammal,4265092,confident,GBIF Backbone Taxonomy,Long-haired Soft-haired Mouse,
Abrothrix olivaceus,Hershkovitz's grass mouse,Mammal,4265094,confident,GBIF Backbone Taxonomy,Olive Grass Mouse,
Acanthagenys rufogularis,Spiny-cheeked Honeyeater,Bird,2487054,confident,GBIF Backbone Taxonomy,Spiny-cheeked Honeyeater,
Acanthiza chrysorrhoa,Yellow-rumped Thornbill,Bird,5230400,confident,GBIF Backbone Taxonomy,Yellow-rumped Thornbill,
Acanthiza ewingii,Tasmanian Thornbill,Bird,5230404,confident,GBIF Backbone Taxonomy,Tasmanian Thornbill,
Acanthiza inornata,Western Thornbill,Bird,5230408,confident,GBIF Backbone Taxonomy,Western Thornbill,
Acanthiza lineata,Striated Thornbill,Bird,5230401,confident,GBIF Backbone Taxonomy,Striated Thornbill,
Acanthiza nana,Little Thornbill,Bird,5230410,confident,GBIF Backbone Taxonomy,Yellow Thornbill,
Acanthiza pusilla,Brown Thornbill,Bird,5230402,confident,GBIF Backbone Taxonomy,Brown Thornbill,
Acanthiza reguloides,Buff-rumped Thornbill,Bird,5230407,confident,GBIF Backbone Taxonomy,Buff-rumped Thornbill,
Acanthiza uropygialis,Chestnut-rumped Thornbill,Bird,5230403,confident,GBIF Backbone Taxonomy,Chestnut-rumped Thornbill,
Acanthoderes circumflexa,,Insect,1107483,unresolved,,,
Acanthorhynchus tenuirostris,Eastern Spinebill,Bird,5230466,confident,GBIF Backbone Taxonomy,Eastern Spinebill,
Acanthosaura armata,Armored Pricklenape,Reptile,9079185,confident,GBIF Backbone Taxonomy,Armored Pricklenape,
Accipiter cirrocephalus,Collared Sparrowhawk,Bird,2480601,confident,GBIF Backbone Taxonomy,Collared Sparrowhawk,
Accipiter fasciatus,Australian goshawk,Bird,2480626,confident,GBIF Backbone Taxonomy,Brown Goshawk,
Accipiter novaehollandiae,Gray Goshawk,Bird,2480629,confident,GBIF Backbone Taxonomy,Grey Goshawk,
Accipiter striatus,Bird Hawk,Bird,9740253,confident,GBIF Backbone Taxonomy,Sharp-shinned Hawk,
Acheta domesticus,Common House Cricket,Insect,1718308,confident,GBIF Backbone Taxonomy,House Cricket,
Acinonyx jubatus,Cheetah,Mammal,2435270,confident,GBIF Backbone Taxonomy,Cheetah,
Acridotheres tristis,Bhat shalik,Bird,2489005,confident,GBIF Backbone Taxonomy,Common Myna,
Acris crepitans,Coastal Cricket Frog,Amphibian,2427616,confident,GBIF Backbone Taxonomy,Blanchard's Cricket Frog,
Acrobates pygmaeus,Dusky Feathertail Glider,Mammal,5219960,confident,GBIF Backbone Taxonomy,Narrow-toed Feather-tailed Glider,
Acrocephalus arundinaceus,Great Reed Warbler,Bird,2493128,confident,GBIF Backbone Taxonomy,Great Reed Warbler,
Acrocephalus bistrigiceps,Black-browed Reed Warbler,Bird,5231332,confident,GBIF Backbone Taxonomy,Black-browed Reed Warbler,
Acrocephalus orientalis,Oriental Reed Warbler,Bird,5817100,confident,GBIF Backbone Taxonomy,Oriental Reed Warbler,
Acrochordus arafurae,Arafura Filesnake,Reptile,2472756,confident,GBIF Backbone Taxonomy,Arafura File Snake,
Acrocinus longimanus,Arlequin,Insect,1118064,confident,GBIF Backbone Taxonomy,Harlequin Beetle,
Acromyrmex echinatior,,Insect,10382684,unresolved,,,
Acrotrichis grandicollis,,Insect,4435736,unresolved,,,
Actitis hypoleucos,,Bird,2481800,unresolved,,Common Sandpiper,
Adeloneivaia boisduvalii,,Insect,1865752,unresolved,,,
Adeloneivaia subungulata,,Insect,1865764,requires_review,,,
Adesmia baccata,,Insect,,unresolved,,,
Aegotheles cristatus,Australian Owlet-Nightjar,Bird,2496782,confident,GBIF Backbone Taxonomy,Australian Owlet-nightjar,
Aepyprymnus rufescens,Rufous Bettong,Mammal,2440030,confident,GBIF Backbone Taxonomy,Rufous Bettong,
Aerodramus terraereginae,Australian Swiftlet,Bird,2477202,confident,GBIF Backbone Taxonomy,Australian Swiftlet,
Aethopyga christinae,Fork-tailed Sunbird,Bird,2484678,confident,GBIF Backbone Taxonomy,Fork-tailed Sunbird,
Aethopyga siparaja,Crimson Sunbird,Bird,2484677,confident,GBIF Backbone Taxonomy,Crimson Sunbird,
Agama agama,Bocourt's Agama,Reptile,5226308,confident,GBIF Backbone Taxonomy,Dragons,
Agama inermis,,Reptile,5225936,unresolved,,Desert Agama,
Agelaia xanthopus,,Insect,1310137,unresolved,,,
Agelenopsis aperta,Desert Grass Spider,Arachnid,2139664,confident,GBIF Backbone Taxonomy,Desert Grass Spider,
Agkistrodon piscivorus,Cotton-mouth,Reptile,9105722,confident,GBIF Backbone Taxonomy,Northern Cottonmouth,
Aglaeactis cupripennis,Shining Sunbeam,Bird,2476308,confident,GBIF Backbone Taxonomy,Shining Sunbeam,
Agouti paca,lowland paca,Mammal,2437587,confident,GBIF Backbone Taxonomy,"Cavies, Agoutis, and Pacas",
Ailuroedus crassirostris,Green Catbird,Bird,2494800,confident,GBIF Backbone Taxonomy,Green Catbird,
Ailuroedus maculosus,Spotted Catbird,Bird,7713122,confident,GBIF Backbone Taxonomy,Spotted Catbird,
Ailurus fulgens,Bear Cat,Mammal,5219446,confident,GBIF Backbone Taxonomy,Red Panda,
Alaskozeres antarcticus,,Arachnid,2189752,requires_review,,,
Alectoris chukar,CHPA,Bird,2474029,confident,GBIF Backbone Taxonomy,Chukar,
Alectura lathami,Australian Brush-turkey,Bird,5229426,confident,GBIF Backbone Taxonomy,Australian Brushturkey,
Alisterus scapularis,Australian King Parrot,Bird,2479925,confident,GBIF Backbone Taxonomy,Australian King Parrot,
Allactaga saliens,,Mammal,2439481,requires_review,,,
Alle alle,Dovekie,Bird,2481299,confident,GBIF Backbone Taxonomy,Darkling Beetles,
Alligator mississippiensis,Alligator,Reptile,2441370,confident,GBIF Backbone Taxonomy,American Alligator,
Alophoixus bres,Brown-cheeked Bulbul,Bird,2486198,confident,GBIF Backbone Taxonomy,Brown-cheeked Bulbul,
Alophoixus ochraceus,Ochraceous Bulbul,Bird,2486195,confident,GBIF Backbone Taxonomy,Ochraceous Bulbul,
Alopochen aegyptiaca,Egyptian Goose,Bird,2498252,confident,GBIF Backbone Taxonomy,Egyptian Goose,
Alopochen aegyptiacus,,Bird,2498252,requires_review,,Egyptian Goose,
Alouatta caraya,Black Howler,Mammal,2436652,confident,GBIF Backbone Taxonomy,Black-and-gold Howler Monkey,
Alouatta palliata,Azuero Peninsula Howler (trabeata),Mammal,2436649,confident,GBIF Backbone Taxonomy,Mantled Howler Monkey,
Amaurornis moluccana,,Bird,7340225,requires_review,,Pale-vented Bush-hen,
Amazilia tzacatl,,Bird,2476441,unresolved,,Rufous-tailed Hummingbird,
Amazona viridigenalis,Green-cheeked Amazon,Bird,2479665,confident,GBIF Backbone Taxonomy,Red-crowned Amazon,
Amblyomma americanum,Lone Star Tick,Arachnid,2184301,confident,GBIF Backbone Taxonomy,Lone Star Tick,
Amblyomma cajenense,,Arachnid,2184178,requires_review,,,
Amblyomma maculatum,Gulf Coast tick,Arachnid,2183996,confident,GBIF Backbone Taxonomy,Gulf Coast Tick,
Amblyornis newtonianus,,Bird,6086429,requires_review,,,
Amblyrhynchus cristatus,Fernandina Marine Iguana,Reptile,5224602,confident,GBIF Backbone Taxonomy,Marine Iguana,
Ameiva sp.,,Reptile,2472026,requires_review,,Ecuadorian Spurred Ameiva,
Amytornis goyderi,Eyrean Grasswren,Bird,2487554,confident,GBIF Backbone Taxonomy,Eyrean Grasswren,
Anachalcos convexus,,Insect,1088928,unresolved,,Plum Dung Beetle,
Anapisona simoni,,Arachnid,2148390,unresolved,,,
Anas acuta,Common Pintail,Bird,2498112,confident,GBIF Backbone Taxonomy,Northern Pintail,
Anas carolinensis,Green-winged Teal,Bird,2498125,confident,GBIF Backbone Taxonomy,American Green-winged Teal,
Anas castanea,Chestnut Teal,Bird,2498097,confident,GBIF Backbone Taxonomy,Chestnut Teal,
Anas clypeata,Northern Shoveler,Bird,2498089,confident,GBIF Backbone Taxonomy,Northern Shoveler,
Anas crecca,COTE,Bird,8214667,confident,GBIF Backbone Taxonomy,Green-winged Teal,
Anas gracilis,Gray Teal,Bird,2498095,confident,GBIF Backbone Taxonomy,Grey Teal,
Anas penelope,Eurasian Wigeon,Bird,2498111,confident,GBIF Backbone Taxonomy,Eurasian Wigeon,
Anas plathyrhynchos,,Bird,2498056,requires_review,,,
Anas querquedula,Garganey,Bird,2498083,confident,GBIF Backbone Taxonomy,Garganey,
Anas rhynchotis,Australasian Shoveler,Bird,2498145,confident,GBIF Backbone Taxonomy,Australasian Shoveler,
Anas strepera,Gadwall,Bird,2498151,confident,GBIF Backbone Taxonomy,Gadwall,
Anas superciliosa,Gray Duck,Bird,2498084,confident,GBIF Backbone Taxonomy,Pacific Black Duck,
Anax junius,Common Green Darner,Insect,5051741,confident,GBIF Backbone Taxonomy,Common Green Darner,
Anconia integra,Alkali Grasshopper,Insect,5098936,confident,GBIF Backbone Taxonomy,Alkali Grasshopper,
Anepsius brunneus,,Insect,9800619,requires_review,,,
Angiopolybia ischkai,,Insect,1311731,requires_review,,,
Angiopolybia pallens,,Insect,1311737,unresolved,,,
Anguis fragilis,Common Slowworm,Reptile,2468095,confident,GBIF Backbone Taxonomy,Common Slowworm,
Anhinga novaehollandiae,Australasian Darter,Bird,2482085,confident,GBIF Backbone Taxonomy,Australasian Darter,
Anniella pulchra,Black Legless Lizard,Reptile,2471882,confident,GBIF Backbone Taxonomy,Northern Legless Lizard,
Anolis auratus,Grass Anole,Reptile,9129157,confident,GBIF Backbone Taxonomy,Grass Anole,
Anolis caroliensis,,Reptile,2466939,requires_review,,,
Anolis carolinensis,American Chameleon,Reptile,2466939,confident,GBIF Backbone Taxonomy,Green Anole,
Anolis cristatellus,Common Puerto Rican Anole,Reptile,2467091,confident,GBIF Backbone Taxonomy,Crested Anole,
Anolis evermanni,Emerald Anole,Reptile,9424209,confident,GBIF Backbone Taxonomy,Emerald anole,
Anolis gundlachi,Gundlach's Anole,Reptile,2467411,confident,GBIF Backbone Taxonomy,Gundlach’s Anole,
Anolis krugi,Krug's Anole,Reptile,2467391,confident,GBIF Backbone Taxonomy,Krug's Anole,
Anolis pulchellus,Common Grass Anole,Reptile,2467352,confident,GBIF Backbone Taxonomy,Puerto Rican Bush Anole,
Anolis sagrei,Bahaman Brown Anole,Reptile,4287413,confident,GBIF Backbone Taxonomy,Brown Anole,
Anolis stratulus,Banded Anole,Reptile,2467412,confident,GBIF Backbone Taxonomy,Banded Anole,
Anomala sp.,,Insect,1,requires_review,,,
Anoplolepis steinergroeveri,,Insect,1317440,requires_review,,,
Anous minutus,Black Noddy,Bird,9803471,confident,GBIF Backbone Taxonomy,Black Noddy,
Anous stolidus,Blackbird,Bird,9512459,confident,GBIF Backbone Taxonomy,Brown Noddy,
Anseranas semipalmata,Magpie Goose,Bird,2497981,confident,GBIF Backbone Taxonomy,Magpie Goose,
Antaresia childreni,Bnaded Rock Python,Reptile,2465003,confident,GBIF Backbone Taxonomy,Children's Python,
Antaresia praelongus,,Reptile,2465002,requires_review,,,
Antaresia stimsoni,Large-blotched Python,Reptile,2465006,confident,GBIF Backbone Taxonomy,Children's Python,
Antechinomys laniger,Eastern Jerboa marsupial,Mammal,2435419,confident,GBIF Backbone Taxonomy,Kultarr,
Antechinus agilis,Agile Antechinus,Mammal,2435369,confident,GBIF Backbone Taxonomy,Agile Antechinus,
Antechinus bellus,Fawn Antechinus,Mammal,2435372,confident,GBIF Backbone Taxonomy,Fawn Antechinus,
Antechinus flavipes,Mardo,Mammal,2435366,confident,GBIF Backbone Taxonomy,Yellow-footed Antechinus,
Antechinus leo,Cape York Antechinus,Mammal,2435371,confident,GBIF Backbone Taxonomy,Cinnamon Antechinus,
Antechinus melanurus,,Mammal,2435416,unresolved,,Black-tailed Dasyure,
Antechinus minimus,Little Tasmanian Marsupial-mouse,Mammal,2435375,confident,GBIF Backbone Taxonomy,Swamp Antechinus,
Antechinus naso,,Mammal,2435413,unresolved,,Western Long-nosed Dasyure,
Antechinus stuartii,Brown Antechinus,Mammal,2435370,confident,GBIF Backbone Taxonomy,Brown Antechinus,
Antechinus subtropicus,Subtropical Antechinus,Mammal,2435373,confident,GBIF Backbone Taxonomy,Subtropical Antechinus,
Antechinus swainsonii,Dusky Antechinus,Mammal,2435377,confident,GBIF Backbone Taxonomy,Tasmanian Dusky Antechinus,
Antechinus wilhelmina,,Mammal,2435417,unresolved,,Black-tailed Dasyure,
Anthia babaulti,,Insect,8044133,unresolved,,,
Anthia hexastictum,,Insect,8385661,requires_review,,,
Anthochaera carunculata,Red Wattlebird,Bird,2487144,confident,GBIF Backbone Taxonomy,Red Wattlebird,
Anthochaera chrysoptera,Brush Wattlebird,Bird,2487149,confident,GBIF Backbone Taxonomy,Little Wattlebird,
Anthochaera phrygia,Regent Honeyeater,Bird,6094180,confident,GBIF Backbone Taxonomy,Regent Honeyeater,
Anthoscopus minutus,Cape Penduline Tit,Bird,2487393,confident,GBIF Backbone Taxonomy,Southern Penduline Tit,
Anthracothorax nigricollis,Black-throated Mango,Bird,2476718,confident,GBIF Backbone Taxonomy,Black-throated Mango,
Anthreptes orientalis,EVBS,Bird,2484633,confident,GBIF Backbone Taxonomy,Eastern Violet-backed Sunbird,
Anthus novaeseelandiae,Australasian Pipit,Bird,2490273,confident,GBIF Backbone Taxonomy,New Zealand Pipit,
Antigone canadensis,,Bird,9036008,unresolved,,Sandhill Crane,
Aotus trivirgatus,Douroucouli,Mammal,5219590,confident,GBIF Backbone Taxonomy,Northern Night Monkey,
Apalis thoracica,BTAP,Bird,2492723,confident,GBIF Backbone Taxonomy,Bar-throated Apalis,
Apalone forex,,Reptile,2442664,requires_review,,,
Apetaloides firmiana,,Insect,,unresolved,,,
Aphaenogaster cockerelli,,Insect,1315867,unresolved,,,
Aphelocephala leucopsis,Southern Whiteface,Bird,2486544,confident,GBIF Backbone Taxonomy,Southern Whiteface,
Aphelocephala nigricincta,Banded Whiteface,Bird,2486543,confident,GBIF Backbone Taxonomy,Banded Whiteface,
Aphelocoma coerulescens,Florida Jay,Bird,2482400,confident,GBIF Backbone Taxonomy,Florida Scrub-Jay,
Aphelocoma ultramarina,Gray-breasted jay,Bird,2482395,confident,GBIF Backbone Taxonomy,Transvolcanic Jay,
Aphodius contaminatus,,Insect,1069199,unresolved,,black-streaked dung beetle,
Aphodius distinctus,Maculated Dung Beetle,Insect,5875460,confident,GBIF Backbone Taxonomy,,
Aphodius fimetarius,Common dung beetle,Insect,1067409,confident,GBIF Backbone Taxonomy,,
Aphodius fossor,,Insect,5875463,unresolved,,gravedigger dung beetle,
Aphodius prodromus,,Insect,1069172,unresolved,,,
Aphodius rufipes,night-flying dung beetle,Insect,8321792,confident,GBIF Backbone Taxonomy,Night-flying Dung Beetle,
Aphodius rufus,,Insect,5840,requires_review,,pale-margined dung beetle,
Aphonopelma anax,Texas Brown,Arachnid,2153613,confident,GBIF Backbone Taxonomy,Texas Tan Tarantula,
Aphonopelma eutylenum,California ebony tarantula,Arachnid,2153596,confident,GBIF Backbone Taxonomy,California Ebony Tarantula,
Apis mellifera,Africanized honey bee,Insect,1341976,confident,GBIF Backbone Taxonomy,Western Honey Bee,
Aplodontia rufa,Aplodontia,Mammal,2439690,confident,GBIF Backbone Taxonomy,Mountain Beaver,
Apoica pallens,Central American Moon Wasp,Insect,1310495,confident,GBIF Backbone Taxonomy,,
Aprosmictus erythropterus,Red-winged Parrot,Bird,2479862,confident,GBIF Backbone Taxonomy,Red-winged Parrot,
Apterostigma sp.1,,Insect,1316948,requires_review,,,
Apterostigma sp.2,,Insect,1316948,requires_review,,,
Apterostigma sp.3,,Insect,1316948,requires_review,,,
Apteryx australis,Brown Kiwi,Bird,2495145,confident,GBIF Backbone Taxonomy,North Island Brown Kiwi,
Apteryx haasti,,Bird,2495139,requires_review,,Great Spotted Kiwi,
Apteryx owenii,Little Spotted Kiwi,Bird,2495142,confident,GBIF Backbone Taxonomy,Little Spotted Kiwi,
Aquila audax,Wedge-tailed Eagle,Bird,5229181,confident,GBIF Backbone Taxonomy,Wedge-tailed Eagle,
Aquila rapax,Steppe Eagle,Bird,2480514,confident,GBIF Backbone Taxonomy,Tawny Eagle,
Arachnothera flavigaster,Spectacled Spiderhunter,Bird,2484650,confident,GBIF Backbone Taxonomy,Spectacled Spiderhunter,
Arachnothera longirostra,Little Spiderhunter,Bird,2484653,confident,GBIF Backbone Taxonomy,Little Spiderhunter,
Arborimus longicaudus,Red Tree Vole,Mammal,2437931,confident,GBIF Backbone Taxonomy,Red Tree Vole,
Archilochus alexandri,Black-chinned Hummingbird,Bird,5228513,confident,GBIF Backbone Taxonomy,Black-chinned Hummingbird,
Arctictis binturong,Asian Bearcat,Mammal,2434615,confident,GBIF Backbone Taxonomy,Binturong,
Arctocephalus australis,Australian sea lion,Mammal,2433480,confident,GBIF Backbone Taxonomy,South American Fur Seal,
Arctocephalus forsteri,Antipodean Fur Seal,Mammal,2433474,confident,GBIF Backbone Taxonomy,Long-nosed Fur Seal,
Arctocephalus galapagoensis,Galapagos Fur Seal,Mammal,2433473,confident,GBIF Backbone Taxonomy,Galápagos Fur Seal,
Arctocephalus gazella,Antarctic Fur Seal,Mammal,2433472,confident,GBIF Backbone Taxonomy,Antarctic Fur Seal,
Arctocephalus philippii,Juan Fernandez Fur Seal,Mammal,2433470,confident,GBIF Backbone Taxonomy,Juan Fernández Fur Seal,
Arctocephalus pusillus,Afro-Australian Fur Seal,Mammal,2433475,confident,GBIF Backbone Taxonomy,Brown Fur Seal,
Arctocephalus tropicalis,Amsterdam Island Fur Seal,Mammal,2433471,confident,GBIF Backbone Taxonomy,Subantarctic Fur Seal,
Ardea ibis,African Cattle Egret,Bird,4408439,confident,GBIF Backbone Taxonomy,Western Cattle-Egret,
Ardea intermedia,Asian Intermediate Egret,Bird,4352345,confident,GBIF Backbone Taxonomy,Medium Egret,
Ardea intermedia intermedia,,Bird,9092266,requires_review,,Medium Egret,
Ardea modesta,,Bird,6066379,unresolved,,Eastern Great Egret,
Ardea pacifica,Australian White-necked Heron,Bird,2480933,confident,GBIF Backbone Taxonomy,White-necked Heron,
Ardea sumatrana,Great-billed Heron,Bird,2480924,confident,GBIF Backbone Taxonomy,Great-billed Heron,
Ardenna grisea,,Bird,8249990,unresolved,,Sooty Shearwater,
Ardenna pacifica,,Bird,7763948,unresolved,,Wedge-tailed Shearwater,
Ardenna pacificus,,Bird,7763948,requires_review,,Wedge-tailed Shearwater,
Ardenna tenuirostris,Muttonbird,Bird,7456133,confident,GBIF Backbone Taxonomy,Short-tailed Shearwater,
Ardeotis australis,Australian Bustard,Bird,2474903,confident,GBIF Backbone Taxonomy,Australian Bustard,
Arenaria interpres,,Bird,2481776,unresolved,,Ruddy Turnstone,
Argiope argentata,,Arachnid,,unresolved,,Silver Garden Orbweaver,
Argiope aurantia,Black-and-yellow Argiope,Arachnid,5171022,confident,GBIF Backbone Taxonomy,Yellow Garden Spider,
Arses telescophthalmus,,Bird,2486667,unresolved,,Frilled Monarch,
Artace sp.,,Insect,1732883,requires_review,,,
Artamus cinereus,Black-faced Woodswallow,Bird,5230399,confident,GBIF Backbone Taxonomy,Black-faced Woodswallow,
Artamus cyanopterus,Dusky Woodswallow,Bird,5230392,confident,GBIF Backbone Taxonomy,Dusky Woodswallow,
Artamus leucorynchus,,Bird,11164150,requires_review,,White-breasted Woodswallow,
Artamus minor,Little Woodswallow,Bird,5230391,confident,GBIF Backbone Taxonomy,Little Woodswallow,
Artamus personatus,Masked Woodswallow,Bird,5230393,confident,GBIF Backbone Taxonomy,Masked Woodswallow,
Artamus superciliosus,White Browed Woodswallow,Bird,5230390,confident,GBIF Backbone Taxonomy,White-browed Woodswallow,
Artibeus jamaicensis,Common Fruit Bat,Mammal,2433272,confident,GBIF Backbone Taxonomy,Jamaican Fruit-eating Bat,
Artibeus lituratus,Great Artibeus,Mammal,2433270,confident,GBIF Backbone Taxonomy,Great Fruit-eating Bat,
Arvicola richardsoni,water vole,Mammal,2438627,confident,GBIF Backbone Taxonomy,North American Water Vole,
Ashbyia lovensis,Gibber Chat,Bird,2487022,confident,GBIF Backbone Taxonomy,Gibberbird,
Aspidites melanocephalus,Black-headed Python,Reptile,5225722,confident,GBIF Backbone Taxonomy,Black-headed Python,
Aspidoscelis gularis,Common Spotted Whiptail,Reptile,9013527,confident,GBIF Backbone Taxonomy,Common Spotted Whiptail,
Atelerix albiventris,African Pygmy Hedgehog,Mammal,2437140,confident,GBIF Backbone Taxonomy,Four-toed Hedgehog,
Ateles dariensis,,Mammal,8441799,unresolved,,,
Ateles geoffroyi,Black-browed Spider Monkey (frontatus),Mammal,2436643,confident,GBIF Backbone Taxonomy,Central American Spider Monkey,
Ateles paniscus,Black Spider Monkey,Mammal,2436645,confident,GBIF Backbone Taxonomy,Guiana Spider Monkey,
Atherurus africanus,African Brush-tailed Porcupine,Mammal,5219892,confident,GBIF Backbone Taxonomy,African Brush-tailed Porcupine,
Atherurus macrourus,,Mammal,,unresolved,,Asian Brush-tailed Porcupine,
Atilax paludinosus,Marsh Ichneumon,Mammal,2434188,confident,GBIF Backbone Taxonomy,Marsh Mongoose,
Atrichornis clamosus,Noisy Scrub-bird,Bird,2495098,confident,GBIF Backbone Taxonomy,Noisy Scrubbird,
Atta colombica,Colombian Leafcutter Ant,Insect,10197841,confident,GBIF Backbone Taxonomy,Colombian Leafcutter Ant,
Atta columbica,,Insect,,unresolved,,Colombian Leafcutter Ant,
Auliscomys boliviensis,Bolivian Big-eared Mouse,Mammal,2438834,confident,GBIF Backbone Taxonomy,Bolivian Big-eared Mouse,
Auliscomys micropus,Southern Big-eared Mouse,Mammal,2438832,confident,GBIF Backbone Taxonomy,southern big-eared mouse,
Auriparus flaviceps,Verdin,Bird,2487397,confident,GBIF Backbone Taxonomy,Verdin,
Automerina auletes,,Insect,1865807,unresolved,,,
Automeris belti,,Insect,1866003,unresolved,,,
Automeris fieldi,,Insect,1866030,unresolved,,,
Automeris hamata,,Insect,1865963,unresolved,,,
Automeris jacunda,,Insect,1866105,requires_review,,,
Automeris zugana,,Insect,1866100,unresolved,,,
Avahi laniger,Eastern Avahi,Mammal,2436426,confident,GBIF Backbone Taxonomy,Gmelin's Woolly Lemur,
Avahi occidentalis,Lorenz von Liburnau’s Woolly Lemur,Mammal,4267338,confident,GBIF Backbone Taxonomy,Lorenz Von Liburnau’s Woolly Lemur,
Aviceda subcristata,Pacific Baza,Bird,2480707,confident,GBIF Backbone Taxonomy,Pacific Baza,
Aythya americana,,Bird,2498263,unresolved,,Redhead,
Aythya australis,Australian White-eye,Bird,2498269,confident,GBIF Backbone Taxonomy,Hardhead,
Aythya ferina,COPO,Bird,2498255,confident,GBIF Backbone Taxonomy,Common Pochard,
Aythya fuligula,,Bird,2498261,unresolved,,Tufted Duck,
Aythya marila,Big Black-head,Bird,2498265,confident,GBIF Backbone Taxonomy,Greater Scaup,
Aythya nyroca,,Bird,,unresolved,,Ferruginous Duck,
Aythya valisineria,Cans,Bird,2498256,confident,GBIF Backbone Taxonomy,Canvasback,
Azteca sp.1,,Insect,1,requires_review,,,
Azteca sp.2,,Insect,1,requires_review,,,
Balearica pavonina,BCCR,Bird,5228232,confident,GBIF Backbone Taxonomy,Black Crowned Crane,
Barnardius zonarius,Australian Ringneck,Bird,2479720,confident,GBIF Backbone Taxonomy,Australian Ringneck,
Bassaricyon alleni,,Mammal,,unresolved,,Eastern Lowland Olingo,
Bassariscus astutus,Band-tailed Cat,Mammal,2433557,confident,GBIF Backbone Taxonomy,Ringtail,
Bettongia gaimardi,Eastern Bettong,Mammal,2440025,confident,GBIF Backbone Taxonomy,Southern Bettong,
Bettongia lesueur,Boodie,Mammal,2440023,confident,GBIF Backbone Taxonomy,Boodie,
Bettongia penicillata,Brush-tailed Bettong,Mammal,2440026,confident,GBIF Backbone Taxonomy,Woylie,
Bettongia tropica,Brush-tailed Bettong,Mammal,2440024,confident,GBIF Backbone Taxonomy,Northern Bettong,
Birgus latro,,Crustacean,4311512,unresolved,,Coconut Crab,
Bison bison,,Mammal,,unresolved,,Bovids,
Biziura lobata,Musk Duck,Bird,2498187,confident,GBIF Backbone Taxonomy,Musk Duck,
Blaberus craniifer,Death cockroach,Insect,5150233,confident,GBIF Backbone Taxonomy,Death’s Head Cockroach,
Blaberus discoidalis,Discoid Roach,Insect,5150243,confident,GBIF Backbone Taxonomy,Discoid Roach,
Blaberus giganteous,,Insect,5150237,requires_review,,,
Blarina brevicauda,Giant Mole Shrew,Mammal,2435862,confident,GBIF Backbone Taxonomy,Northern Short-tailed Shrew,
Boa constrictor,Argentine Boa Constrictor [occidentalis],Reptile,2464899,confident,GBIF Backbone Taxonomy,Boa Constrictors,
Boissonneaua matthewsii,Chestnut-breasted Coronet,Bird,2476790,confident,GBIF Backbone Taxonomy,Chestnut-breasted Coronet,
Bombus impatiens,Common Eastern Bumble Bee,Insect,1340350,confident,GBIF Backbone Taxonomy,Common Eastern Bumble Bee,
Bootettix punctatus,,Insect,1708879,requires_review,,,
Bos taurus,Aurochs,Mammal,2441022,confident,GBIF Backbone Taxonomy,Domestic Cattle,
Boselaphus tragocamelus,Blue Bull,Mammal,2441133,confident,GBIF Backbone Taxonomy,Nilgai,
Botaurus poiciloptilus,Australasian Bittern,Bird,2480912,confident,GBIF Backbone Taxonomy,Australasian Bittern,
Brachygastra smithii,,Insect,1310053,unresolved,,,
Brachymesia gravida,Four-spotted Pennant,Insect,1427975,confident,GBIF Backbone Taxonomy,Four-spotted Pennant,
Brachymyrmex sp.1,,Insect,1317285,requires_review,,,
Brachymyrmex sp.2,,Insect,1317285,requires_review,,,
Brachypteryx montana,Javan Shortwing,Bird,5230996,confident,GBIF Backbone Taxonomy,Himalayan Shortwing,
Bradypus griseus,,Mammal,,unresolved,,,
Bradypus tridactylus,,Mammal,2436361,unresolved,,Pale-throated Three-toed Sloth,
Branta canadensis,Canada Goose,Bird,5232437,confident,GBIF Backbone Taxonomy,Canada Goose,
Brasilanus batus,,Insect,2030136,requires_review,,,
Bronchocela cristatella,Green Crested Lizard,Reptile,2466852,confident,GBIF Backbone Taxonomy,Green Crested Lizard,
Bubo virginianus,American Eagle-Owl,Bird,5959118,confident,GBIF Backbone Taxonomy,Great Horned Owl,
Bucephala clangula,Butterball,Bird,2498326,confident,GBIF Backbone Taxonomy,Common Goldeneye,
Bucephala islandica,Barrow's Goldeneye,Bird,2498325,confident,GBIF Backbone Taxonomy,Barrow's Goldeneye,
Bucorvus leadbeateri,Ground Hornbill,Bird,2476041,confident,GBIF Backbone Taxonomy,Southern Ground Hornbill,
Bulweria bulwerii,Bulwer's Petrel,Bird,2481606,confident,GBIF Backbone Taxonomy,Bulwer's Petrel,
Bunopus tuberculatus,Arabian desert gecko,Reptile,2447143,confident,GBIF Backbone Taxonomy,Southern Tuberculated Gecko,
Burhinus grallarius,Bush Stone-Curlew,Bird,2482098,confident,GBIF Backbone Taxonomy,Bush Stone-curlew,
Burramys parvus,Broom's Pygmy-possum,Mammal,2440237,confident,GBIF Backbone Taxonomy,Mountain Pygmy Possum,
Buteo buteo,Busardo ratonero.,Bird,2480537,confident,GBIF Backbone Taxonomy,"Buteonine Hawks, Kites, and allies",
Buteo vulpinus,,Bird,2480517,requires_review,,Steppe Buzzard,
Butorides striata,Green-backed Heron,Bird,2480824,confident,GBIF Backbone Taxonomy,Green Heron,
Byrsotria fumagata,,Insect,1993859,requires_review,,,
Cacatua galerita,,Bird,2479888,unresolved,,Sulphur-crested Cockatoo,
Cacatua pastinator,Western Corella,Bird,2479883,confident,GBIF Backbone Taxonomy,Western Corella,
Cacatua sanguinea,Little Corella,Bird,2479871,confident,GBIF Backbone Taxonomy,Little Corella,
Cacatua tenuirostris,Long-billed Corella,Bird,2479899,confident,GBIF Backbone Taxonomy,Long-billed Corella,
Cacomantis castaneiventris,Chestnut-breasted Cuckoo,Bird,2496249,confident,GBIF Backbone Taxonomy,Chestnut-breasted Cuckoo,
Cacomantis flabelliformis,Fan-Tailed Cuckoo,Bird,2496258,confident,GBIF Backbone Taxonomy,Fan-tailed Cuckoo,
Cacomantis pallidus,Pallid Cuckoo,Bird,6085626,confident,GBIF Backbone Taxonomy,Pallid Cuckoo,
Cacomantis variolosus,,Bird,,unresolved,,Sahul Brush Cuckoo,
Caenolestes fuliginosus,Common Gray Shrew Opossum,Mammal,2433365,confident,GBIF Backbone Taxonomy,Silky Shrew Opossum,
Calamanthus campestris,Rufous Calamanthus,Bird,2486612,confident,GBIF Backbone Taxonomy,Rufous Fieldwren,
Calamanthus fuliginosus,Striated Calamanthus,Bird,2486611,confident,GBIF Backbone Taxonomy,Striated Fieldwren,
Calamospiza melanocorys,Lark Bunting,Bird,2491893,confident,GBIF Backbone Taxonomy,Lark Bunting,
Calidris acuminata,Sharp-tailed Sandpiper,Bird,2481769,confident,GBIF Backbone Taxonomy,Sharp-tailed Sandpiper,
Calidris alba,,Bird,2481748,unresolved,,Sanderling,
Calidris canutus,Common Knot,Bird,2481765,confident,GBIF Backbone Taxonomy,Red Knot,
Calidris ferruginea,Curlew Sandpiper,Bird,2481741,confident,GBIF Backbone Taxonomy,Curlew Sandpiper,
Calidris melanotos,,Bird,2481744,unresolved,,Pectoral Sandpiper,
Calidris ruficollis,Red-necked Stint,Bird,2481746,confident,GBIF Backbone Taxonomy,Red-necked Stint,
Calidris subminuta,Long Toed Stint,Bird,2481750,confident,GBIF Backbone Taxonomy,Long-toed Stint,
Calidris tenuirostris,Great Knot,Bird,2481768,confident,GBIF Backbone Taxonomy,Great Knot,
Callipepla californica,California Quail,Bird,5228080,confident,GBIF Backbone Taxonomy,California Quail,
Callipepla gambelii,Gambel's Partridge,Bird,5228072,confident,GBIF Backbone Taxonomy,Gambel's Quail,
Callithrix jacchus,Common Marmoset,Mammal,5219542,confident,GBIF Backbone Taxonomy,Common Marmoset,
Callithrix pygmaea,Pygmy Marmoset,Mammal,5219535,confident,GBIF Backbone Taxonomy,,
Callocephalon fimbriatum,Gang-gang Cockatoo,Bird,2480030,confident,GBIF Backbone Taxonomy,Gang-gang Cockatoo,
Callonetta leucophrys,Ringed Teal,Bird,2498384,confident,GBIF Backbone Taxonomy,Ringed Teal,
Callopistes maculatus,Spotted False Monitor,Reptile,5227374,confident,GBIF Backbone Taxonomy,Spotted False Monitor,
Callorhinus ursinus,Alaskan Fur Seal,Mammal,2433487,confident,GBIF Backbone Taxonomy,Northern Fur Seal,
Callospermophilus sp.,,Mammal,4827935,requires_review,,,
Calocitta formosa,,Bird,,unresolved,,White-throated Magpie-Jay,
Calosoma affine,,Insect,4989349,unresolved,,,
Calosoma chlorostictum,Starred Caterpillar Hunter,Insect,8084580,confident,GBIF Backbone Taxonomy,Starred Caterpillar Hunter,
Calosoma indet,,Insect,1037761,requires_review,,,
Calosoma sp.,,Insect,1037761,requires_review,,Splendid Caterpillar Hunter,
Calotes versicolor,Bloodsucker,Reptile,9125207,confident,GBIF Backbone Taxonomy,Oriental Garden Lizard,
Caluromys derbianus,Central American Woolly Opossum,Mammal,2439992,confident,GBIF Backbone Taxonomy,Derby's Woolly Opossum,
Caluromys philander,Bare-Tailed Woolly Opossum,Mammal,2439999,confident,GBIF Backbone Taxonomy,Bare-tailed Woolly Opossum,
Calyptorhynchus banksii,Banksian cockatoo,Bird,2480108,confident,GBIF Backbone Taxonomy,Red-tailed Black Cockatoo,
Calyptorhynchus baudinii,Baudin's Black Cockatoo,Bird,2480120,confident,GBIF Backbone Taxonomy,Baudin's Black Cockatoo,
Calyptorhynchus funereus,Yellow-tailed Black Cockatoo,Bird,2480115,confident,GBIF Backbone Taxonomy,Yellow-tailed Black Cockatoo,
Calyptorhynchus lathami,Glossy Black Cockatoo,Bird,2480104,confident,GBIF Backbone Taxonomy,Glossy Black Cockatoo,
Calyptorhynchus latirostris,Carnaby's Black Cockatoo,Bird,2480119,confident,GBIF Backbone Taxonomy,Carnaby's Black Cockatoo,
Camponotus detritus,,Insect,,unresolved,,Namib Desert Dune Ant,
Camponotus fulvopilosus,Karoo Balbyter Ant,Insect,5034470,confident,GBIF Backbone Taxonomy,,
Camponotus herculeanus,Great Carpenter Ant,Insect,1312773,confident,GBIF Backbone Taxonomy,Hercules Carpenter Ant,
Camponotus laevigatus,Hairless Smooth Carpenter Ant,Insect,5034125,confident,GBIF Backbone Taxonomy,Hairless Smooth Carpenter Ant,
Camponotus maculatus,Spotted Sugar Ant,Insect,1313646,confident,GBIF Backbone Taxonomy,Spotted Sugar Ant,
Camponotus sericeiventris,Shimmering Golden Sugar ant,Insect,5034771,confident,GBIF Backbone Taxonomy,Shimmering Golden Sugar ant,
Camponotus sp.,,Insect,11627744,requires_review,,,
Camponotus sp.1,,Insect,5034217,requires_review,,,
Camponotus sp.2,,Insect,5034217,requires_review,,,
Camponotus sp.3,,Insect,5034217,requires_review,,,
Camponotus vafer,,Insect,5034441,unresolved,,,
Camponotus vicinus,,Insect,,unresolved,,Bicolored Carpenter Ant,
Canis familiaris,,Mammal,5219200,unresolved,,Domestic Dog,
Canis latrans,American Jackal,Mammal,5219153,confident,GBIF Backbone Taxonomy,Coyote,
Canis lubilus,,Mammal,5219142,requires_review,,,
Canis lupus,American Wolf,Mammal,5219173,confident,GBIF Backbone Taxonomy,Domestic Dog,
Canis mesomelas,Black-backed Jackal,Mammal,5219216,confident,GBIF Backbone Taxonomy,Black-backed Jackal,
Cannomys badius,Bay Bamboo Rat,Mammal,2438494,confident,GBIF Backbone Taxonomy,Lesser Bamboo Rat,
Capra aegagrus,Bezoar,Mammal,4409366,confident,GBIF Backbone Taxonomy,Domestic Goat,
Caprimulgus macrurus,Large-tailed Nightjar,Bird,2496890,confident,GBIF Backbone Taxonomy,Large-tailed Nightjar,
Capromys pilorides,Cuban Ground Hutia,Mammal,2437653,confident,GBIF Backbone Taxonomy,Cuban Ground Hutia,
Caracal caracal,African Caracal,Mammal,2435010,confident,GBIF Backbone Taxonomy,Asian House Gecko,
Cardellina rubrifrons,Red-faced Warbler,Bird,2489634,confident,GBIF Backbone Taxonomy,Red-faced Warbler,
Carenum sp.,,Insect,3260586,requires_review,,,
Caretta caretta,Atlantic Loggerhead Sea Turtle,Reptile,8894817,confident,GBIF Backbone Taxonomy,Green Sea Turtle,
Carlito syrichta,Bohol Tarsier (fraterculus),Mammal,8008808,confident,GBIF Backbone Taxonomy,Philippine Tarsier,
Carollia perspicillata,Common Short-tailed Bat,Mammal,2433176,confident,GBIF Backbone Taxonomy,Seba's Short-tailed Bat,
Carterornis leucotis,White-eared Monarch,Bird,4845713,confident,GBIF Backbone Taxonomy,White-eared Monarch,
Casinycteris argynnis,Golden Short-palated Fruit Bat,Mammal,2432853,confident,GBIF Backbone Taxonomy,Short-palated fruit bat,
Casmerodius albus,Great Egret,Bird,2480950,confident,GBIF Backbone Taxonomy,Great Egret,
Castor canadensis,Admiralty Beaver,Mammal,2439838,confident,GBIF Backbone Taxonomy,American Beaver,
Casuarius casuarius,Australian Cassowary,Bird,5231783,confident,GBIF Backbone Taxonomy,Cassowaries,
Cathartes aura,Buzzard,Bird,2481930,confident,GBIF Backbone Taxonomy,Turkey Vulture,
Catharus guttatus,Hermit Thrush,Bird,2490810,confident,GBIF Backbone Taxonomy,Hermit Thrush,
Cavia apera,,Mammal,5219704,requires_review,,,
Cavia porcellus,Cavy,Mammal,5219702,confident,GBIF Backbone Taxonomy,Domestic Guinea Pig,
Cebuella pygmaea,Eastern Pygmy Marmoset (niveiventris),Mammal,4827382,confident,GBIF Backbone Taxonomy,Western Pygmy Marmoset,
Cebus albifrons,Humboldt's White-fronted Capuchin,Mammal,2436636,confident,GBIF Backbone Taxonomy,Marañón white-fronted capuchin,
Cebus apella,Tufted Capuchin,Mammal,2436639,confident,GBIF Backbone Taxonomy,Brown Capuchin,
Cebus capucinus,Colombian White-faced Capuchin,Mammal,2436637,confident,GBIF Backbone Taxonomy,Central American White-faced Capuchin,
Cebus olivaceus,Brown Weeper Capuchin,Mammal,2436638,confident,GBIF Backbone Taxonomy,Weeper Capuchin,
Centrioptera muricata,,Insect,4724760,requires_review,,,
Centropus phasianinus,Pheasant Coucal,Bird,5231941,confident,GBIF Backbone Taxonomy,Pheasant Coucal,
Centropus senegalensis,SECO,Bird,5231999,confident,GBIF Backbone Taxonomy,Senegal Coucal,
Cephalophus monticola,blue duiker,Mammal,2441160,confident,GBIF Backbone Taxonomy,Blue Duiker,
Cephalotes atratus,Common Giant Turtle Ant,Insect,5035960,confident,GBIF Backbone Taxonomy,Giant Turtle Ants,
Cephalotes sp.,,Insect,12087002,requires_review,,Heady Capegorse,
Cephalotes umbraculatus,,Insect,5035922,unresolved,,,
Cephalotes varians,Northern Caribbean Turtle Ant,Insect,5035891,confident,GBIF Backbone Taxonomy,Northern Caribbean Turtle Ant,
Cerastes vipera,Böhme's Horned Viper,Reptile,5221013,confident,GBIF Backbone Taxonomy,Sahara Sand Viper,
Ceratopipra mentalis,Red-capped Manakin,Bird,8338270,confident,GBIF Backbone Taxonomy,Red-capped Manakin,
Cercartetus caudatus,Long-tailed Dormouse-phalanger,Mammal,2440229,confident,GBIF Backbone Taxonomy,Long-tailed Pygmy Possum,
Cercartetus concinnus,Elegant Dormouse Opossum,Mammal,2440233,confident,GBIF Backbone Taxonomy,Western Pygmy Possum,
Cercartetus lepidus,Little Pygmy Possum,Mammal,2440232,confident,GBIF Backbone Taxonomy,Little Pygmy Possum,
Cercartetus nanus,Common Dormouse-phalanger,Mammal,2440226,confident,GBIF Backbone Taxonomy,Eastern Pygmy Possum,
Cercocebus agilis,Agile Mangabey,Mammal,2436546,confident,GBIF Backbone Taxonomy,Agile Mangabey,
Cercocebus fuliginosus,,Mammal,7940502,unresolved,,,
Cercopithecus aethiops,vervet monkey,Mammal,5786367,confident,GBIF Backbone Taxonomy,Malbrouck Monkey,
Cercopithecus callitrichus,,Mammal,8387576,unresolved,,,
Cercopithecus cynosurus,,Mammal,5786368,unresolved,,Malbrouck Monkey,
Cercopithecus griseoviridis,,Mammal,8022312,unresolved,,,
Cercopithecus mitis,Blue Monkey,Mammal,5219578,confident,GBIF Backbone Taxonomy,Blue Monkey,
Cercopithecus rufoviridis,,Mammal,2436567,requires_review,,,
Cercopithecus sabaeus,green monkey,Mammal,5786370,confident,GBIF Backbone Taxonomy,Green Monkey,
Cercopithecus sp.,,Mammal,2436567,requires_review,,,
Cerdocyon thous,Common Zorro,Mammal,2434584,confident,GBIF Backbone Taxonomy,Crab-eating Fox,
Cereopsis novaehollandiae,Cape Barren Goose,Bird,5232432,confident,GBIF Backbone Taxonomy,Cape Barren Goose,
Cerotalis sp.,,Insect,4751819,requires_review,,,
Certhia americana,American Brown Creeper,Bird,9581157,confident,GBIF Backbone Taxonomy,Brown Creeper,
Certhionyx variegatus,Pied Honeyeater,Bird,2486989,confident,GBIF Backbone Taxonomy,Pied Honeyeater,
Cervus canadensis,Alashan Wapiti,Mammal,8600904,confident,GBIF Backbone Taxonomy,Wapiti,
Ceuthophilus fossor,,Insect,1729632,unresolved,,,
Ceyx azureus,Azure Kingfisher,Bird,7342322,confident,GBIF Backbone Taxonomy,Azure Kingfisher,
Chaerophon Ieucostigma,,Mammal,11491358,requires_review,,,
Chaerophon limbatus,,Mammal,,unresolved,,,
Chaeropus ecaudatus,,Mammal,,unresolved,,Pig-footed Bandicoot,
Chaetocercus mulsant,White-bellied Woodstar,Bird,5788533,confident,GBIF Backbone Taxonomy,White-bellied Woodstar,
Chalarodon madagascariensis,Madagascar Iguana,Reptile,2468499,confident,GBIF Backbone Taxonomy,Madagascar Iguana,
Chalcides chalcides,Algerian Cylindrical Skink,Reptile,5225173,confident,GBIF Backbone Taxonomy,Cylindrical Skinks,
Chalcides mionecton,Mionecton Skink,Reptile,5225133,confident,GBIF Backbone Taxonomy,Morocco Cylindrical Skink,
Chalcides ocellatus,Ocellated (Bronze) Skink,Reptile,5225137,confident,GBIF Backbone Taxonomy,Ocellated Bronze Skink,
Chalcides polylepis,Many-scaled Cylindrical Skink,Reptile,5225139,confident,GBIF Backbone Taxonomy,West Canary Skink,
Chalcomitra adelberti,BTSU,Bird,7340895,confident,GBIF Backbone Taxonomy,Buff-throated Sunbird,
Chalcomitra amethystina,AMSU,Bird,7340881,confident,GBIF Backbone Taxonomy,Amethyst Sunbird,
Chalcomitra senegalensis,SCSU,Bird,7340870,confident,GBIF Backbone Taxonomy,Scarlet-chested Sunbird,
Chalcophaps indica,Asian Emerald Dove,Bird,2495840,confident,GBIF Backbone Taxonomy,Asian Emerald Dove,
Chamaeza campanisona,Short-tailed Antthrush,Bird,2490570,confident,GBIF Backbone Taxonomy,Short-tailed Antthrush,
Charadrius australis,,Bird,4849862,unresolved,,Inland Dotterel,
Charadrius bicinctus,Banded Dotterel,Bird,2480294,confident,GBIF Backbone Taxonomy,Double-banded Plover,
Charadrius leschenaultii,Greater Sand Plover,Bird,2480297,confident,GBIF Backbone Taxonomy,Greater Sand-Plover,
Charadrius mongolus,Lesser Sand Plover,Bird,9722670,confident,GBIF Backbone Taxonomy,Tibetan Sand-Plover,
Charadrius ruficapillus,Red-capped Dotterel,Bird,2480307,confident,GBIF Backbone Taxonomy,Red-capped Plover,
Charterginus fulvus,,Insect,1311627,unresolved,,,
Cheirogaleus major,Geoffroy's Dwarf Lemur,Mammal,2436452,confident,GBIF Backbone Taxonomy,Geoffroy's Dwarf Lemur,
Cheirogaleus medius,Fat-tailed Dwarf Lemur,Mammal,2436451,confident,GBIF Backbone Taxonomy,Western Fat-tailed Dwarf Lemur,
Chelonia mydas,Black Turtle,Reptile,2442225,confident,GBIF Backbone Taxonomy,Green Sea Turtle,
Chelydra serpentina,Common Snapper,Reptile,2441905,confident,GBIF Backbone Taxonomy,Common Snapping Turtle,
Chenonetta jubata,Australian Wood Duck,Bird,2498046,confident,GBIF Backbone Taxonomy,Australian Wood Duck,
Cheramoeca leucosterna,,Bird,,unresolved,,White-backed Swallow,
Chilanthia cavernosa,,Insect,7890090,unresolved,,,
Chinchilla lanigera,Chilean Chinchilla,Mammal,5219944,confident,GBIF Backbone Taxonomy,Long-tailed Chinchilla,
Chlidonias hybrida,,Bird,2481121,unresolved,,Whiskered Tern,
Chloephaga melanoptera,Andean Goose,Bird,5232422,confident,GBIF Backbone Taxonomy,Andean Goose,
Chlorocebus aethiops,Grivet,Mammal,2436566,confident,GBIF Backbone Taxonomy,Malbrouck Monkey,
Chloropsis sonnerati,Greater Green Leafbird,Bird,5230730,confident,GBIF Backbone Taxonomy,Greater Green Leafbird,
Chlorostilbon mellisugus,Blue-Tailed Emerald,Bird,2476077,confident,GBIF Backbone Taxonomy,Blue-tailed Emerald,
Choloepus didactylus,Lesser Ante Eater | Two Toed Ant-eater,Mammal,5219519,confident,GBIF Backbone Taxonomy,Linnaeus's Two-toed Sloth,
Choloepus hoffmanni,Hoffmann s Two-toed Sloth,Mammal,5219520,confident,GBIF Backbone Taxonomy,Hoffmann's Two-toed Sloth,
Chroicocephalus novaehollandiae,Red-billed Gull,Bird,6065811,confident,GBIF Backbone Taxonomy,Silver Gull,
Chrysochloris asiatica,Cape Golden Mole,Mammal,2432182,confident,GBIF Backbone Taxonomy,Cape Golden Mole,
Chrysochloris stuhlmanni,Stuhlmann s Golden Mole,Mammal,2432178,confident,GBIF Backbone Taxonomy,Stuhlmann's Golden Mole,
Chrysococcyx basalis,Horsfield's Bronze Cuckoo,Bird,2496314,confident,GBIF Backbone Taxonomy,Horsfield's Bronze Cuckoo,
Chrysococcyx lucidus,Shining Bronze Cuckoo,Bird,2496325,confident,GBIF Backbone Taxonomy,Shining Bronze Cuckoo,
Chrysococcyx minutillus,Little Bronze Cuckoo,Bird,2496334,confident,GBIF Backbone Taxonomy,Little Bronze Cuckoo,
Chrysococcyx osculans,Black-eared Cuckoo,Bird,2496331,confident,GBIF Backbone Taxonomy,Black-eared Cuckoo,
Chrysuronia oenone,Golden-tailed Sapphire,Bird,2476152,confident,GBIF Backbone Taxonomy,Golden-tailed Sapphire,
Chthonicola sagittata,,Bird,2486614,requires_review,,Speckled Warbler,
Cicindela repanda,Bronzed Tiger Beetle,Insect,1034720,confident,GBIF Backbone Taxonomy,Bronzed Tiger Beetle,
Ciconia abdimii,ABST,Bird,2481915,confident,GBIF Backbone Taxonomy,Abdim's Stork,
Ciconia ciconia,,Bird,2481912,unresolved,,Ciconia Storks,
Cilliba cassidea,,Arachnid,4549518,unresolved,,,
Cinclosoma cinnamomeum,Cinnamon Quail-thrush,Bird,2495065,confident,GBIF Backbone Taxonomy,Cinnamon Quailthrush,
Cinclosoma punctatum,Spotted Quail-thrush,Bird,2495063,confident,GBIF Backbone Taxonomy,Spotted Quailthrush,
Cinnyris bifasciatus,Common Purple-banded Sunbird,Bird,6087859,confident,GBIF Backbone Taxonomy,Purple-banded Sunbird,
Cinnyris cupreus,COSU,Bird,7340615,confident,GBIF Backbone Taxonomy,Copper Sunbird,
Cinnyris jugularis,Garden Sunbird,Bird,7340578,confident,GBIF Backbone Taxonomy,Garden Sunbird,
Cinnyris venustus,VASU,Bird,7340636,confident,GBIF Backbone Taxonomy,Variable Sunbird,
Circellium bacchus,Addo Flightless Dung Beetle,Insect,1088803,confident,GBIF Backbone Taxonomy,Cape Flightless Dung Beetle,
Circus approximans,Australasian Harrier,Bird,5229172,confident,GBIF Backbone Taxonomy,Swamp Harrier,
Cissa chinensis,Common Green Magpie,Bird,2482587,confident,GBIF Backbone Taxonomy,Common Green-Magpie,
Cissilopha beecheii,,Bird,2482393,requires_review,,,
Cissilopha melanocyanea,,Bird,2482393,requires_review,,,
Cissilopha sanblasiana,,Bird,2482582,unresolved,,,
Cissomela pectoralis,Banded Honeyeater,Bird,6093507,confident,GBIF Backbone Taxonomy,Banded Honeyeater,
Cisticola exilis,Golden-headed Cisticola,Bird,2492836,confident,GBIF Backbone Taxonomy,Golden-headed Cisticola,
Cisticola subruficapilla,Gray-backed Cisticola,Bird,7340488,confident,GBIF Backbone Taxonomy,Gray-backed Cisticola,
Citellus undulatus,,Mammal,4827940,requires_review,,Arctic Ground Squirrel,
Cladorhynchus leucocephalus,Banded Stilt,Bird,2480216,confident,GBIF Backbone Taxonomy,Banded Stilt,
Clemmys guttata,Spotted Turtle,Reptile,5961001,confident,GBIF Backbone Taxonomy,Spotted Turtle,
Clethrionomys californicus,Western Red-backed Vole,Mammal,2439141,confident,GBIF Backbone Taxonomy,Western Red-backed Vole,
Clethrionomys gapperi,Southern Red-backed Vole,Mammal,2439137,confident,GBIF Backbone Taxonomy,Southern Red-backed Vole,
Climacteris erythrops,Red-browed Treecreeper,Bird,2494121,confident,GBIF Backbone Taxonomy,Red-browed Treecreeper,
Climacteris melanura,,Bird,2494122,requires_review,,Black-tailed Treecreeper,
Climacteris picumnus,Brown Treecreeper,Bird,2494126,confident,GBIF Backbone Taxonomy,Brown Treecreeper,
Climacteris rufa,,Bird,10915882,unresolved,,Rufous Treecreeper,
Clubiona barroana,,Arachnid,2143856,requires_review,,,
Clyomys laticeps,Bishop's Fossorial Spiny Rat,Mammal,2439808,confident,GBIF Backbone Taxonomy,Broad-headed Spiny Rat,
Cnemidophorus murinus,Curaçao Giant Whiptail,Reptile,5227462,confident,GBIF Backbone Taxonomy,Laurent's Whiptail,
Coeloesis biloba,,Insect,1074683,requires_review,,,
Coendou prehensilis,Brazilian Porcupine,Mammal,2437600,confident,GBIF Backbone Taxonomy,Yellow Quill-tipped Porcupine,
Coendou rothschildi,Rothchild s Porcupine,Mammal,2437598,confident,GBIF Backbone Taxonomy,Andean Porcupine,
Coleonyx switaki,Barefoot Banded Gecko,Reptile,2447231,confident,GBIF Backbone Taxonomy,Barefoot Banded Gecko,
Coleonyx variegatus,Western Banded Gecko,Reptile,2447244,confident,GBIF Backbone Taxonomy,Western Banded Gecko,
Colinus virginianus,Bobwhite Quail,Bird,9791464,confident,GBIF Backbone Taxonomy,Northern Bobwhite,
Colius colius,WBMO,Bird,5229466,confident,GBIF Backbone Taxonomy,Typical Mousebirds,
Colluricincla harmonica,Gray Shrike-thrush,Bird,2482357,confident,GBIF Backbone Taxonomy,Grey Shrikethrush,
Colluricincla megarhyncha,Arafura Little Shrikethrush,Bird,2482354,confident,GBIF Backbone Taxonomy,Arafura Shrikethrush,
Colobus angolensis,Angola Colobus,Mammal,5963047,confident,GBIF Backbone Taxonomy,Angola Colobus,
Colobus guereza,Black-and-white Colobus,Mammal,5963045,confident,GBIF Backbone Taxonomy,Mantled Guereza,
Colonia colonus,Long-Tailed Tyrant,Bird,5229809,confident,GBIF Backbone Taxonomy,Long-tailed Tyrant,
Coluber constrictor,Black Racer,Reptile,6161776,confident,GBIF Backbone Taxonomy,North American Racer,
Columba leucomela,White-headed Pigeon,Bird,5231823,confident,GBIF Backbone Taxonomy,White-headed Pigeon,
Columba livia,Common Pigeon,Bird,2495414,confident,GBIF Backbone Taxonomy,Rock Pigeon,
Condylura cristata,Star-nosed Mole,Mammal,2436248,confident,GBIF Backbone Taxonomy,Star-nosed Mole,
Conepatus chinga,,Mammal,,unresolved,,Molina's Hog-nosed Skunk,
Conepatus leuconotus,American Hog-nosed Skunk,Mammal,2434878,confident,GBIF Backbone Taxonomy,American Hog-nosed Skunk,
Conepatus mesoleucus,Hog-nosed skunk,Mammal,2434881,confident,GBIF Backbone Taxonomy,American Hog-nosed Skunk,
Conopophila albogularis,Rufous-banded Honeyeater,Bird,2486946,confident,GBIF Backbone Taxonomy,Rufous-banded Honeyeater,
Conopophila rufogularis,Rufous-throated Honeyeater,Bird,2486944,confident,GBIF Backbone Taxonomy,Rufous-throated Honeyeater,
Copsychus saularis,,Bird,,unresolved,,Oriental Magpie-Robin,
Coptotermes formosanus,Formosan Termite,Insect,2007383,confident,GBIF Backbone Taxonomy,Formosan subterranean termite,
Coracina maxima,Ground Cuckoo-shrike,Bird,2486755,confident,GBIF Backbone Taxonomy,Ground Cuckooshrike,
Coracina novaehollandiae,Black-Faced Cuckooshrike,Bird,2486761,confident,GBIF Backbone Taxonomy,Black-faced Cuckooshrike,
Coracina papuensis,White-bellied Cuckoo-shrike,Bird,2486777,confident,GBIF Backbone Taxonomy,White-bellied Cuckooshrike,
Coracina tenuirostris,Cicadabird,Bird,2486768,confident,GBIF Backbone Taxonomy,Sahul Cicadabird,
Corcorax melanorhamphos,,Bird,5845081,requires_review,,White-winged Chough,
Cordylus cordylus,Cape Girdled Lizard,Reptile,5227229,confident,GBIF Backbone Taxonomy,Southern Alligator Lizard,
Cormobates leucophaea,White-throated Treecreeper,Bird,2494108,confident,GBIF Backbone Taxonomy,White-throated Treecreeper,
Coronella girondica,Bordeaux snake,Reptile,5959645,confident,GBIF Backbone Taxonomy,Southern Smooth Snake,
Corvus abyssinicus,,Bird,2482468,requires_review,,,
Corvus albicollis,African white-necked raven,Bird,2482478,confident,GBIF Backbone Taxonomy,White-necked Raven,
Corvus albus,,Bird,2482519,unresolved,,Pied Crow,
Corvus bennetti,Little Crow,Bird,2482498,confident,GBIF Backbone Taxonomy,Little Crow,
Corvus brachyrhynchos,American Crow,Bird,2482507,confident,GBIF Backbone Taxonomy,American Crow,
Corvus capensis,Black Crow,Bird,2482521,confident,GBIF Backbone Taxonomy,Cape Crow,
Corvus caurinus,Northwestern Crow,Bird,2482523,confident,GBIF Backbone Taxonomy,Northwestern Crow,
Corvus corax,American Raven,Bird,2482492,confident,GBIF Backbone Taxonomy,Common Raven,
Corvus coronoides,Australian Raven,Bird,2482524,confident,GBIF Backbone Taxonomy,Australian Raven,
Corvus crassirostris,TBRA,Bird,2482503,confident,GBIF Backbone Taxonomy,Thick-billed Raven,
Corvus cryptoleucus,Chihuahuan Raven,Bird,2482500,confident,GBIF Backbone Taxonomy,Chihuahuan Raven,
Corvus enca,Slender-billed Crow,Bird,2482470,confident,GBIF Backbone Taxonomy,Sunda crow,
Corvus imparatus,Mexican Crow,Bird,2482471,confident,GBIF Backbone Taxonomy,Tamaulipas Crow,
Corvus jamaicensis,Jamaican Crow,Bird,2482472,confident,GBIF Backbone Taxonomy,Jamaican Crow,
Corvus leucognaphalus,,Bird,2482486,unresolved,,White-necked Crow,
Corvus macrorhynchos,Jungle Crow,Bird,2482487,confident,GBIF Backbone Taxonomy,Large-billed Crow,
Corvus mellori,Little Raven,Bird,2482490,confident,GBIF Backbone Taxonomy,Little Raven,
Corvus moneduloides,New Caledonian Crow,Bird,2482475,confident,GBIF Backbone Taxonomy,New Caledonian Crow,
Corvus nasicus,Cuban Crow,Bird,2482518,confident,GBIF Backbone Taxonomy,Cuban Crow,
Corvus orru,Australian crow,Bird,2482491,confident,GBIF Backbone Taxonomy,Torresian Crow,
Corvus ossifragus,Fish Crow,Bird,2482481,confident,GBIF Backbone Taxonomy,Fish Crow,
Corvus palmarum,Hispaniolan Palm Crow,Bird,2482477,confident,GBIF Backbone Taxonomy,Palm Crow,
Corvus rhipidurus,FTRA,Bird,2482497,confident,GBIF Backbone Taxonomy,Fan-tailed Raven,
Corvus ruficollis,BNRA,Bird,2482479,confident,GBIF Backbone Taxonomy,Brown-necked Raven,
Corvus splendens,,Bird,,unresolved,,House Crow,
Corvus torquatus,Collared Crow,Bird,2482502,confident,GBIF Backbone Taxonomy,Collared Crow,
Corvus tristis,,Bird,,unresolved,,Gray Crow,
Corvus tropicus,,Bird,7701461,unresolved,,,
Corvus validus,Long-billed Crow,Bird,2482504,confident,GBIF Backbone Taxonomy,Long-billed Crow,
Cossypha caffra,Cape Robin,Bird,2492582,confident,GBIF Backbone Taxonomy,Cape Robin-Chat,
Coturnix chinensis,Blue-breasted Quail,Bird,2474128,confident,GBIF Backbone Taxonomy,Blue-breasted Quail,
Coturnix japonica,Japanese Quail,Bird,2474162,confident,GBIF Backbone Taxonomy,Japanese Quail,
Coturnix pectoralis,Australian stubble quail,Bird,2474127,confident,GBIF Backbone Taxonomy,Stubble Quail,
Cracticus nigrogularis,Black-throated Butcher Bird,Bird,2489439,confident,GBIF Backbone Taxonomy,Pied Butcherbird,
Cracticus tibicen,Australian Magpie,Bird,11122406,confident,GBIF Backbone Taxonomy,Australian Magpie,
Cracticus torquatus,Gray Butcherbird,Bird,2489440,confident,GBIF Backbone Taxonomy,Grey Butcherbird,
Crematogaster sp.,,Insect,12097229,requires_review,,,
Crepidogaster bioculata,,Insect,8287138,unresolved,,,
Cricetomys gambianus,African Giant Pouched Rat,Mammal,2438550,confident,GBIF Backbone Taxonomy,Southern Giant Pouched Rat,
Cricetus cricetus,Black-Bellied Hamster,Mammal,2438704,confident,GBIF Backbone Taxonomy,,
Crocidura giffardi,,Mammal,8550994,unresolved,,,
Crocidura hildegardeae,Hildegarde's Shrew,Mammal,2435725,confident,GBIF Backbone Taxonomy,Hildegarde's Shrew,
Crocidura jacksoni,Jackson's Shrew,Mammal,2435662,confident,GBIF Backbone Taxonomy,Jackson's Shrew,
Crocidura niobe,Kivu Shrew,Mammal,2435626,confident,GBIF Backbone Taxonomy,Niobe's Shrew,
Crocidura occidenlalis,,Mammal,2435528,requires_review,,,
Crocidura pyrenaicus,,Mammal,2435528,requires_review,,,
Crocidura russula,Greater Shrew,Mammal,2435654,confident,GBIF Backbone Taxonomy,Greater White-toothed Shrew,
Crocodylus acutus,American Crocodile,Reptile,2441329,confident,GBIF Backbone Taxonomy,American Crocodile,
Crocuta crocuta,,Mammal,5218781,unresolved,,Common Hyenas,
Crypsirina temia,Racket-tailed Treepie,Bird,2482611,confident,GBIF Backbone Taxonomy,Racket-tailed Treepie,
Cryptoglossa verrucossa,,Insect,4578225,requires_review,,,
Cryptomys sp.,,Mammal,2437211,requires_review,,,
Cryptoprocta ferox,Fosa,Mammal,2433516,confident,GBIF Backbone Taxonomy,Fossa,
Ctenophorus caudicinctus,Ring-tailed Bicycle-dragon,Reptile,5226026,confident,GBIF Backbone Taxonomy,Slater's Ring-tailed Dragon,
Ctenophorus cristatus,Crested Bicycle-dragon,Reptile,5226049,confident,GBIF Backbone Taxonomy,Crested Dragon,
Ctenophorus decresii,Kangaroo Island Dragon,Reptile,5226035,confident,GBIF Backbone Taxonomy,Tawny Rock Dragon,
Ctenophorus fionni,Peninsula Crevice-dragon,Reptile,5226051,confident,GBIF Backbone Taxonomy,Peninsula Rock Dragon,
Ctenophorus fordi,Mallee Dragon,Reptile,5226038,confident,GBIF Backbone Taxonomy,Western Mallee Dragon,
Ctenophorus gibba,Bulldust Ground-dragon,Reptile,5226072,confident,GBIF Backbone Taxonomy,Gibber Dragon,
Ctenophorus isolepis,Military Dragon,Reptile,5226039,confident,GBIF Backbone Taxonomy,Military Dragon,
Ctenophorus nuchalis,Central Netted Dragon,Reptile,5226062,confident,GBIF Backbone Taxonomy,Central Netted Dragon,
Ctenophorus ornatus,Ornate Crevice-dragon,Reptile,5226045,confident,GBIF Backbone Taxonomy,Ornate Crevice-dragon,
Ctenophorus pictus,Painted Dragon,Reptile,9127718,confident,GBIF Backbone Taxonomy,Painted Dragon,
Ctenophorus rufescens,Rusty Crevice-dragon,Reptile,5226047,confident,GBIF Backbone Taxonomy,Rusty Dragon,
Ctenophorus salinarum,Claypan Dragon,Reptile,5226023,confident,GBIF Backbone Taxonomy,Claypan Dragon,
Ctenophorus tjantjalka,Ochre Dragon,Reptile,5226048,confident,GBIF Backbone Taxonomy,Ochre Dragon,
Ctenophorus vadnappa,Red-barred Crevice-dragon,Reptile,5226034,confident,GBIF Backbone Taxonomy,Red-barred Dragon,
Cuculus canorus,Common Cuckoo,Bird,5231918,confident,GBIF Backbone Taxonomy,Common Cuckoo,
Cuniculus paca,,Mammal,4263039,unresolved,,Spotted Paca,
Cupiennius salei,Sale's Bromeliad spider,Arachnid,2152788,confident,GBIF Backbone Taxonomy,Tiger Bromeliad Spider,
Cyanocitta stelleri,Mountain Jay,Bird,2482598,confident,GBIF Backbone Taxonomy,Steller's Jay,
Cyanocorax affinis,Black-chested Jay,Bird,2482559,confident,GBIF Backbone Taxonomy,Black-chested Jay,
Cyanocorax caeruleus,Azure Jay,Bird,2482560,confident,GBIF Backbone Taxonomy,Azure Jay,
Cyanocorax cayanus,Cayenne Jay,Bird,2482571,confident,GBIF Backbone Taxonomy,Cayenne Jay,
Cyanocorax chrysops,,Bird,2482575,unresolved,,Plush-crested Jay,
Cyanocorax cyanomelas,Purplish Jay,Bird,2482572,confident,GBIF Backbone Taxonomy,Purplish Jay,
Cyanocorax mystacalis,White-tailed Jay,Bird,2482563,confident,GBIF Backbone Taxonomy,White-tailed Jay,
Cyanocorax violaceus,Violaceous Jay,Bird,2482564,confident,GBIF Backbone Taxonomy,Violaceous Jay,
Cyanocorax yncas,Green Jay,Bird,2482565,confident,GBIF Backbone Taxonomy,Green Jay,
Cyanolyca argentigula,Silvery-throated Jay,Bird,2482548,confident,GBIF Backbone Taxonomy,Silvery-throated Jay,
Cyanolyca viridicyanea,,Bird,7342105,requires_review,,,
Cyanomitra veroxii,Gray Sunbird,Bird,6088910,confident,GBIF Backbone Taxonomy,Mouse-colored Sunbird,
Cyanopica cyanus,Asian Azure-winged Magpie,Bird,7341881,confident,GBIF Backbone Taxonomy,Azure-winged Magpie,
Cyclocephala sp.,,Insect,8329673,requires_review,,,
Cyclopes didactylus,Common Pygmy Anteater,Mammal,2436326,confident,GBIF Backbone Taxonomy,Northern Silky Anteater,
Cyclopsitta diophthalma,Double-eyed Fig Parrot,Bird,2480157,confident,GBIF Backbone Taxonomy,Double-eyed Fig-Parrot,
Cyclosa conica,Cone-shaped Orbweaver,Arachnid,2158202,confident,GBIF Backbone Taxonomy,Conical Trashline Orbweaver,
Cygnus atratus,Black Swan,Bird,2498344,confident,GBIF Backbone Taxonomy,Black Swan,
Cygnus olor,,Bird,2498343,unresolved,,Mute Swan,
Cymbirhynchus macrorhynchus,,Bird,2484543,requires_review,,,
Cynomys gunnisoni,,Mammal,,unresolved,,Gunnison's Prairie Dog,
Cynomys ludovicianus,Arizona Black-tailed Prairie Dog,Mammal,2437232,confident,GBIF Backbone Taxonomy,Black-tailed Prairie Dog,
Cynopterus brachyotis,Common Short-nosed Fruit Bat,Mammal,2432837,confident,GBIF Backbone Taxonomy,Lesser Short-nosed Fruit Bat,
Cynopterus horsfieldi,,Mammal,7261747,requires_review,,Horsfield’s Fruit Bat,
Cypholoba bihamata,,Insect,7794303,unresolved,,,
Cypholoba chanleri,,Insect,8342573,unresolved,,,
Cypholoba sp.,,Insect,4753442,requires_review,,,
Cypholoba tenuicollis,,Insect,7879364,unresolved,,,
Cypholoba tetrastigma,,Insect,7396791,unresolved,,,
Cypholoba trilunata,,Insect,7736231,unresolved,,,
Cyphomyrmex cornutus,,Insect,1315807,unresolved,,,
Cyphomyrmex longiscapus,,Insect,1315838,unresolved,,,
Cyphomyrmex muelleri,,Insect,8734041,unresolved,,,
Cyphomyrmex sp.,,Insect,1315806,requires_review,,,
Cystophora cristata,Bladdernose Seal,Mammal,5219378,confident,GBIF Backbone Taxonomy,Hooded Seal,
Dacelo leachii,Blue-winged Kookaburra,Bird,2475654,confident,GBIF Backbone Taxonomy,Blue-winged Kookaburra,
Dacelo novaeguineae,Laughing Jackass,Bird,2475648,confident,GBIF Backbone Taxonomy,Laughing Kookaburra,
Dactylonax palpator,,Mammal,,unresolved,,Long-fingered Triok,
Dactylonax tatei,,Mammal,4826031,requires_review,,,
Dactylonax trivirgata,,Mammal,4826031,requires_review,,,
Damaliscus pygargus,Blesbok/Bontebok,Mammal,2441042,confident,GBIF Backbone Taxonomy,Bontebok/Blesbok,
Damon annulatipes,Eastern Whipspider,Arachnid,2181348,confident,GBIF Backbone Taxonomy,Eastern Whipspider,
Daphoenositta chrysoptera,Varied Sittella,Bird,2487489,confident,GBIF Backbone Taxonomy,Varied Sittella,
Daption capense,Cape Petrel,Bird,2481545,confident,GBIF Backbone Taxonomy,Pintado Petrel,
Dasycercus cristicauda,Ampurta,Mammal,2435422,confident,GBIF Backbone Taxonomy,Crest-tailed Mulgara,
Dasyornis brachypterus,Eastern Bristlebird,Bird,5230413,confident,GBIF Backbone Taxonomy,Eastern Bristlebird,
Dasyornis broadbenti,Rufous Bristlebird,Bird,5230415,confident,GBIF Backbone Taxonomy,Rufous Bristlebird,
Dasyprocta azarae,Azara s Agouti,Mammal,2437582,confident,GBIF Backbone Taxonomy,Azara's Agouti,
Dasyprocta leporina,Brazilian Agouti,Mammal,2437577,confident,GBIF Backbone Taxonomy,Red-rumped Agouti,
Dasyprocta punctata,Central American Agouti,Mammal,2437576,confident,GBIF Backbone Taxonomy,Central American Agouti,
Dasypus novemcinctus,Armadillo / gurre,Mammal,2440779,confident,GBIF Backbone Taxonomy,Southern Long-nosed Armadillo,
Dasyuroides byrnei,Brush-tailed Marsupial Rat,Mammal,2435467,confident,GBIF Backbone Taxonomy,Kowari,
Dasyurus albopunctatus,New Guinea Quoll,Mammal,2435359,confident,GBIF Backbone Taxonomy,New Guinean Quoll,
Dasyurus geoffroii,Chuditch,Mammal,2435362,confident,GBIF Backbone Taxonomy,Western Quoll,
Dasyurus hallucatus,Little Northern Native Cat,Mammal,2435358,confident,GBIF Backbone Taxonomy,Northern Quoll,
Dasyurus maculatus,Spotted-tail Quoll,Mammal,2435361,confident,GBIF Backbone Taxonomy,Spotted-tailed Quoll,
Dasyurus spartacus,Bronze Quoll,Mammal,2435360,confident,GBIF Backbone Taxonomy,Bronze Quoll,
Dasyurus viverrinus,Eastern Native Cat,Mammal,2435357,confident,GBIF Backbone Taxonomy,Eastern Quoll,
Daubentonia madagascariensis,Aye-aye,Mammal,5219587,confident,GBIF Backbone Taxonomy,Aye-aye,
Deilephila elpenor,Elephant Hawk,Insect,1864377,confident,GBIF Backbone Taxonomy,Elephant Hawkmoth,
Deinopis spinosa,Ogre-faced Spider,Arachnid,2141978,confident,GBIF Backbone Taxonomy,Ogre-faced Spider,
Dendrocitta cinerascense,,Bird,6092817,requires_review,,,
Dendrocitta formosae,Gray Treepie,Bird,2482454,confident,GBIF Backbone Taxonomy,Gray Treepie,
Dendrocitta occipitalis,Sumatran Treepie,Bird,2482453,confident,GBIF Backbone Taxonomy,Bornean Treepie,
Dendrocoris contaminatus,creosote stink bug,Insect,2079205,confident,GBIF Backbone Taxonomy,creosote stink bug,
Dendrocygna arcuata,Wandering Whistling Duck,Bird,2498398,confident,GBIF Backbone Taxonomy,Wandering Whistling-Duck,
Dendrocygna eytoni,Grass Whistling Duck,Bird,2498405,confident,GBIF Backbone Taxonomy,Plumed Whistling-Duck,
Dendrocygna viduata,,Bird,2498396,unresolved,,White-faced Whistling-Duck,
Dendrolagus bennettianus,Bennett s Tree-kangaroo,Mammal,2440210,confident,GBIF Backbone Taxonomy,Bennett's Tree Kangaroo,
Dendrolagus dorianus,Doria s Tree-kangaroo,Mammal,2440213,confident,GBIF Backbone Taxonomy,Doria's Tree Kangaroo,
Dendrolagus goodfellowi,Golden-mantled Tree Kangaroo,Mammal,2440222,confident,GBIF Backbone Taxonomy,Goodfellow's Tree Kangaroo,
Dendrolagus inustus,Grizzled Tree Kangaroo,Mammal,2440217,confident,GBIF Backbone Taxonomy,Grizzled Tree Kangaroo,
Dendrolagus lumholtzi,Boongary,Mammal,2440208,confident,GBIF Backbone Taxonomy,Lumholtz's Tree Kangaroo,
Dendrolagus matschiei,Huon Tree Kangaroo,Mammal,2440206,confident,GBIF Backbone Taxonomy,Huon Tree Kangaroo,
Dendrolagus scottae,Scott's Tree Kangaroo,Mammal,2440207,confident,GBIF Backbone Taxonomy,Tenkile,
Dendrolagus spadix,Lowland Tree Kangaroo,Mammal,2440212,confident,GBIF Backbone Taxonomy,Lowlands Tree Kangaroo,
Dendrolagus ursinus,Black Tree Kangaroo,Mammal,2440221,confident,GBIF Backbone Taxonomy,Ursine Tree Kangaroo,
Dendroperdix sephaena,Crested Francolin,Bird,5844225,confident,GBIF Backbone Taxonomy,Crested Francolin,
Dermacentor andersoni,Rocky Mountain wood tick,Arachnid,2183370,confident,GBIF Backbone Taxonomy,Rocky Mountain Wood Tick,
Dermacentor variabilis,American Dog Tick,Arachnid,2183465,confident,GBIF Backbone Taxonomy,American Dog Tick,
Desmana moschata,Desman,Mammal,2436117,confident,GBIF Backbone Taxonomy,Russian Desman,
Desmodus rotundus,Common Vampire Bat,Mammal,2433298,confident,GBIF Backbone Taxonomy,Common Vampire Bat,
Diaemus rotundus,,Mammal,2433318,requires_review,,,
Diaemus youngi,,Mammal,7388991,requires_review,,White-winged Vampire Bat,
Dicaeum hirundinaceum,Australian Flowerpecker,Bird,2484700,confident,GBIF Backbone Taxonomy,Mistletoebird,
Diceroprocta apache,Apache Cicada,Insect,7783661,confident,GBIF Backbone Taxonomy,Citrus Cicada,
Dicrostonyx groenlandicus,Bering Collared Lemming,Mammal,2438391,confident,GBIF Backbone Taxonomy,Northern Collared Lemming,
Dicrurus bracteatus,Spangled Drongo,Bird,2493965,confident,GBIF Backbone Taxonomy,Spangled Drongo,
Didelphis marsupialis,Black-eared Opossum,Mammal,2439920,confident,GBIF Backbone Taxonomy,Virginia Opossum,
Didelphis virginiana,North American Opossum,Mammal,2439923,confident,GBIF Backbone Taxonomy,Virginia Opossum,
Diomedea exulans,Man-of-War Bird,Bird,5229302,confident,GBIF Backbone Taxonomy,Wandering albatross species complex,
Dirphea agis,,Insect,,unresolved,,,
Distoechurus pennatus,Feather-tailed Possum,Mammal,2440108,confident,GBIF Backbone Taxonomy,Feather-tailed Possum,
Dolichoderus sp.,,Insect,11449044,requires_review,,,
Dolichotis patagonum,Grof 3 er Pampashase,Mammal,2437619,confident,GBIF Backbone Taxonomy,Patagonian Mara,
Dolichotis salinicola,Chacoan Mara,Mammal,2437618,confident,GBIF Backbone Taxonomy,Chacoan Mara,
Dorcopsis atrata,Black Dorcopsis,Mammal,2440144,confident,GBIF Backbone Taxonomy,Black Dorcopsis,
Dorcopsis hageni,Greater Forest Wallaby,Mammal,2440138,confident,GBIF Backbone Taxonomy,White-striped Dorcopsis,
Dorcopsis luctuosa,Eastern Forest Wallaby,Mammal,2440145,confident,GBIF Backbone Taxonomy,Gray Dorcopsis,
Dorcopsis muelleri,Brown Dorcopsis,Mammal,2440139,confident,GBIF Backbone Taxonomy,Brown Dorcopsis,
Dorcopsulus macleayi,Macleay s Dorcopsis,Mammal,2440204,confident,GBIF Backbone Taxonomy,Macleay's Dorcopsis,
Dorcopsulus vanheurni,Lesser Forest Wallaby,Mammal,2440203,confident,GBIF Backbone Taxonomy,Small Dorcopsis,
Draco volans,Common Flying Dragon,Reptile,5226131,confident,GBIF Backbone Taxonomy,Sumatran Flying Dragon,
Drepanis coccinea,'I'iwi,Bird,8070758,confident,GBIF Backbone Taxonomy,ʻIʻiwi,
Dromaius novaehollandiae,Common Emu,Bird,2495134,confident,GBIF Backbone Taxonomy,Emu,
Dromiciops gliroides,Chilean Opossum,Mammal,2433393,confident,GBIF Backbone Taxonomy,Southern Monito del Monte,
Drosophila melanogaster,"Common fruit fly, Vinegar fly",Insect,5073713,confident,GBIF Backbone Taxonomy,,
Drosophila mimica,,Insect,5074893,unresolved,,,
Drosophila nikkananu,,Insect,5073952,requires_review,,,
Drosophila virilis,Pomace fly,Insect,5073510,confident,GBIF Backbone Taxonomy,,
Drymodes brunneopygia,Southern Scrub Robin,Bird,2489278,confident,GBIF Backbone Taxonomy,Southern Scrub Robin,
Dryoctenes scrupulosa,,Insect,1114327,unresolved,,,
Dumetella carolinensis,Cat Bird,Bird,2494936,confident,GBIF Backbone Taxonomy,Gray Catbird,
Dyscinetus sp.,,Insect,1074554,requires_review,,,
Eacles imperialis,Imperial Moth,Insect,1865107,confident,GBIF Backbone Taxonomy,Imperial Moth,
Eburia sp.,,Insect,1122354,requires_review,,,
Echimys chrysurus,White-Faced Spiny Tree-Rat,Mammal,5219927,confident,GBIF Backbone Taxonomy,White-faced Spiny Tree Rat,
Echinops telfairi,Kleiner Igeltenrek,Mammal,5218434,confident,GBIF Backbone Taxonomy,Lesser Hedgehog Tenrec,
Echinosorex gymnura,Grol 3 er Rattenigel,Mammal,2437114,confident,GBIF Backbone Taxonomy,Moonrat,
Echymipera clara,Clara Bandicoot,Mammal,2435323,confident,GBIF Backbone Taxonomy,Clara's Echymipera,
Echymipera kalubu,Black-headed Bandicoot,Mammal,2435317,confident,GBIF Backbone Taxonomy,Common Echymipera,
Echymipera rufescens,Long-nosed Echymipera,Mammal,2435324,confident,GBIF Backbone Taxonomy,Long-nosed Echymipera,
Eciton burchellii,Army ant,Insect,1319394,confident,GBIF Backbone Taxonomy,Burchell's Army Ant,
Eciton hamatum,,Insect,1319405,unresolved,,,
Eciton rufa,,Insect,1319393,requires_review,,,
Eclectus roratus,,Bird,,unresolved,,Moluccan Eclectus,
Ectatomma ruidum,,Insect,1314139,unresolved,,,
Ectatomma tuberculatum,Ant,Insect,1314150,confident,GBIF Backbone Taxonomy,,
Edrotes ventricosus,,Insect,9682142,unresolved,,,
Egretta novaehollandiae,White Faced Heron,Bird,2480897,confident,GBIF Backbone Taxonomy,White-faced Heron,
Eira barbara,Eira,Mammal,2433716,confident,GBIF Backbone Taxonomy,Tayra,
Elanus axillaris,Australian Black-shouldered Kite,Bird,2480369,confident,GBIF Backbone Taxonomy,Black-shouldered Kite,
Eleodes armata,Armored Stink Beetle,Insect,9451988,confident,GBIF Backbone Taxonomy,Armored Stink Beetle,
Eleodes grandicollis,,Insect,8459405,unresolved,,,
Eleodes sp.,,Insect,4724278,requires_review,,,
Eleodes tenebrosa,,Insect,7734205,unresolved,,,
Elephantulus brachyrhynchus,Short-snouted Elephant Shrew,Mammal,2440856,confident,GBIF Backbone Taxonomy,Short-snouted Sengi,
Elephantulus fuscipes,Dunkelful 3 - Elefantenspitzmaus,Mammal,2440843,confident,GBIF Backbone Taxonomy,Dusky-footed Sengi,
Elephantulus intufi,Bushveld Elephant Shrew,Mammal,2440842,confident,GBIF Backbone Taxonomy,Bushveld Sengi,
Elephantulus myurus,Eastern Elephant-shrew,Mammal,2440855,confident,GBIF Backbone Taxonomy,Eastern Rock Sengi,
Elephantulus rozeti,North African Elephant Shrew,Mammal,2440839,confident,GBIF Backbone Taxonomy,North African Sengi,
Elephantulus rufescens,East African Long-eared Elephant-shrew,Mammal,2440848,confident,GBIF Backbone Taxonomy,Rufous Sengi,
Eligmodontia typus,Eastern Patagonian Laucha,Mammal,5219750,confident,GBIF Backbone Taxonomy,Eastern Patagonian Laucha,
Elseyornis melanops,Black-fronted Dotterel,Bird,2480342,confident,GBIF Backbone Taxonomy,Black-fronted Dotterel,
Emberiza capensis,CABU,Bird,2491596,confident,GBIF Backbone Taxonomy,Cape Bunting,
Empidonax occidentalis,Cordilleran Flycatcher,Bird,2482805,confident,GBIF Backbone Taxonomy,Western Flycatcher,
Emys orbicularis,European Pond Terrapin,Reptile,8909809,confident,GBIF Backbone Taxonomy,European Pond Turtle,
Encoptolophus sordidus,Clouded Grasshopper,Insect,1712074,confident,GBIF Backbone Taxonomy,Dusky Grasshopper,
Enicurus leschenaulti,White-crowned Forktail,Bird,2492629,confident,GBIF Backbone Taxonomy,White-crowned Forktail,
Entomyzon cyanotis,Blue-faced Honeyeater,Bird,2487049,confident,GBIF Backbone Taxonomy,Blue-faced Honeyeater,
Enyo ocypete,Swift-winged Sphinx,Insect,5124268,confident,GBIF Backbone Taxonomy,Swift-winged Sphinx,
Eolophus roseicapillus,,Bird,2479598,requires_review,,Galah,
Eonycteris spelea,,Mammal,2432968,requires_review,,,
Eopsaltria australis,Eastern Yellow Robin,Bird,2489301,confident,GBIF Backbone Taxonomy,Eastern Yellow Robin,
Eopsaltria georgiana,White-breasted Robin,Bird,2489302,confident,GBIF Backbone Taxonomy,White-breasted Robin,
Eopsaltria griseogularis,Grey-breasted Robin,Bird,2489305,confident,GBIF Backbone Taxonomy,Western Yellow Robin,
Ephebopus sp.,,Arachnid,2154130,requires_review,,,
Ephestia kuehniella,Mediterranean Flour Moth,Insect,1878490,confident,GBIF Backbone Taxonomy,Mediterranean Flour Moth,
Epicrius mollis,,Arachnid,4548245,unresolved,,,
Epiphysa arenicola,,Insect,4723514,requires_review,,,
Epomophorus gambianus,Gambian Epauletted Fruit Bat,Mammal,2432790,confident,GBIF Backbone Taxonomy,Gambian Epauletted Fruit Bat,
Epthianura albifrons,White-fronted Chat,Bird,2487110,confident,GBIF Backbone Taxonomy,White-fronted Chat,
Epthianura aurifrons,Orange Chat,Bird,2487108,confident,GBIF Backbone Taxonomy,Orange Chat,
Epthianura tricolor,Crimson Chat,Bird,2487109,confident,GBIF Backbone Taxonomy,Crimson Chat,
Equus Asinus,,Mammal,9659361,requires_review,,Domestic Ass,
Eratigena atrica,Giant House Spider,Arachnid,7783291,confident,GBIF Backbone Taxonomy,Giant House Spider Complex,
Eremitalpa granti,,Mammal,,unresolved,,Grant's Golden Mole,
Erethizon dorsatum,,Mammal,6066824,requires_review,,North American Porcupine,
Erinaceus concolor,Common hedgehog,Mammal,5219624,confident,GBIF Backbone Taxonomy,Southern White-breasted Hedgehog,
Erinaceus europaeus,Brown-breasted Hedgehog,Mammal,5219616,confident,GBIF Backbone Taxonomy,Common Hedgehog,
Erinnyis ello,Cassava hornworm,Insect,1864316,confident,GBIF Backbone Taxonomy,Ello Sphinx,
Erinnyis oenotrus,Oleander sphinx moth,Insect,11468731,confident,GBIF Backbone Taxonomy,,
Erythemis simplicicollis,Common Pondhawk,Insect,1429340,confident,GBIF Backbone Taxonomy,Eastern Pondhawk,
Erythrocebus patas,Blue Nile Hussar / Dancing Red / Eastern Patas Monkey (pyrrhonotus),Mammal,2436548,confident,GBIF Backbone Taxonomy,Patas Monkey,
Erythrodiplax berenice,Seaside Dragonlet,Insect,1428980,confident,GBIF Backbone Taxonomy,Seaside Dragonlet,
Erythrodiplax connata,,Insect,1428987,unresolved,,,
Erythrogonys cinctus,Red-kneed Dotterel,Bird,2480212,confident,GBIF Backbone Taxonomy,Red-kneed Dotterel,
Erythropygia coryphaeus,,Bird,5788863,unresolved,,Karoo Scrub-Robin,
Erythrura gouldiae,Gouldian Finch,Bird,5789080,confident,GBIF Backbone Taxonomy,Gouldian Finch,
Erythrura trichroa,Blue-Faced Parrot-Finch,Bird,5231414,confident,GBIF Backbone Taxonomy,Blue-faced Parrotfinch,
Esacus magnirostris,Beach Stone-Curlew,Bird,2482091,confident,GBIF Backbone Taxonomy,Beach Stone-curlew,
Eublaberus posticus,Orange Head Cockroach,Insect,1995903,confident,GBIF Backbone Taxonomy,Orange-headed Cockroach,
Eucyllus unicolor,,Insect,4291686,unresolved,,,
Eucyllus vagans,,Insect,1226637,unresolved,,,
Eudynamys orientalis,Black-billed Koel,Bird,4848207,confident,GBIF Backbone Taxonomy,Pacific Koel,
Eudynamys scolopacea,,Bird,2496347,requires_review,,Asian Koel,
Eudyptes pachyrhynchus,Fiordland Crested Penguin,Bird,2481634,confident,GBIF Backbone Taxonomy,Fiordland Penguin,
Eudyptula minor,Blue Penguin,Bird,2481646,confident,GBIF Backbone Taxonomy,Little Penguin,
Eugenes fulgens,Magnificent Hummingbird,Bird,2476108,confident,GBIF Backbone Taxonomy,Rivoli's Hummingbird,
Euglyphis sp.,,Insect,7899191,requires_review,,,
Eulampis jugularis,Caribbean Garnet-throated Hummingbird,Bird,2476398,confident,GBIF Backbone Taxonomy,Purple-throated Carib,
Eulemur albifrons,Lêmure marrom de testa branca,Mammal,9131667,confident,GBIF Backbone Taxonomy,White-fronted Brown Lemur,
Eulemur catta,,Mammal,2436417,requires_review,,,
Eulemur fulvus,Brown Lemur,Mammal,9092265,confident,GBIF Backbone Taxonomy,Common Brown Lemur,
Eulemur macaco,Black Lemur,Mammal,2436420,confident,GBIF Backbone Taxonomy,Black Lemur,
Eulemur mongoz,Mongoose Lemur,Mammal,2436418,confident,GBIF Backbone Taxonomy,Mongoose Lemur,
Eulemur rufiventer,,Mammal,2436417,requires_review,,,
Eulemur rufriventer,,Mammal,2436421,requires_review,,,
Eulemur variegatus,,Mammal,2436417,requires_review,,,
Eumeces schneiderii,Gold Skink,Reptile,9032472,confident,GBIF Backbone Taxonomy,Schneider's Skink,
Eumetopias jubatus,Loughlin’s Northern Sea Lion,Mammal,2433462,confident,GBIF Backbone Taxonomy,Steller Sea Lion,
Euphractus sexcinctus,Six-banded Armadillo,Mammal,2440799,confident,GBIF Backbone Taxonomy,Six-banded Armadillo,
Eurostopodus argus,Spotted Eared-Nightjar,Bird,2497091,confident,GBIF Backbone Taxonomy,Spotted Nightjar,
Eurostopodus mystacalis,White-Throated Nightjar,Bird,2497101,confident,GBIF Backbone Taxonomy,White-throated Nightjar,
Eurystomus orientalis,Dollar Bird,Bird,5228280,confident,GBIF Backbone Taxonomy,Dollarbird,
Eusattus dubius,,Insect,9721639,unresolved,,,
Euschides luctata,,Insect,4766716,requires_review,,,
Eustala illicita,orb weavers,Arachnid,2160553,confident,GBIF Backbone Taxonomy,,
Eutamias amoenus luteiventris,,Mammal,9297222,requires_review,,,
Eutamias minimus borealis,,Mammal,2437435,requires_review,,,
Eutamias minimus oreocetes,,Mammal,2437435,requires_review,,,
Excalfactoria chinensis,King Quail,Bird,5844237,confident,GBIF Backbone Taxonomy,Blue-breasted Quail,
Faiditus elevatus,,Arachnid,2157551,requires_review,,,
Faiditus sp.,,Arachnid,2157551,requires_review,,,
Falco berigora,Brown Falcon,Bird,2481059,confident,GBIF Backbone Taxonomy,Brown Falcon,
Falco cenchroides,Australian Falcon,Bird,2481009,confident,GBIF Backbone Taxonomy,Nankeen Kestrel,
Falco longipennis,Australian Hobby,Bird,2481027,confident,GBIF Backbone Taxonomy,Australian Hobby,
Falco peregrinus,Duck Hawk,Bird,2481047,confident,GBIF Backbone Taxonomy,Peregrine Falcon,
Falco sparverius,American Kestrel,Bird,9685907,confident,GBIF Backbone Taxonomy,American Kestrel,
Falco subniger,Black Falcon,Bird,2481020,confident,GBIF Backbone Taxonomy,Black Falcon,
Falcunculus frontatus,Crested Shrike-tit,Bird,2482606,confident,GBIF Backbone Taxonomy,Eastern Shriketit,
Felis silestris,,Mammal,7964291,requires_review,,,
Felis silvestris,Asian races,Mammal,7964291,confident,GBIF Backbone Taxonomy,Domestic Cat,
Ficedula hyperythra,Snowy-browed Flycatcher,Bird,5231279,confident,GBIF Backbone Taxonomy,Snowy-browed Flycatcher,
Fidicina mannifera,,Insect,8025939,unresolved,,,
Florisuga mellivora,Collared Hummingbird,Bird,2476195,confident,GBIF Backbone Taxonomy,White-necked Jacobin,
Forelius foetidus,,Insect,1327282,requires_review,,,
Formica exsecta,Narrow headed ant,Insect,1315050,confident,GBIF Backbone Taxonomy,exsecta-group Wood and Mound Ants,
Formica fusca,Dusky Ant,Insect,1314881,confident,GBIF Backbone Taxonomy,fusca-group Field Ants and Allies,
Formica occulta,,Insect,1314894,unresolved,,,
Formica pratensis,,Insect,,unresolved,,Black-backed meadow ant,
Formica subsericea,,Insect,,unresolved,,Silky Field Ant,
Fregata aquila,Ascension Frigatebird,Bird,2480188,confident,GBIF Backbone Taxonomy,Ascension Frigatebird,
Fregata minor,,Bird,2480187,unresolved,,Great Frigatebird,
Frontinella pyramitela,Bowl and Doily Spider,Arachnid,9651791,confident,GBIF Backbone Taxonomy,Bowl-and-doily Spider,
Fukomys damarensis,Botswanan Mole-rat,Mammal,10787086,confident,GBIF Backbone Taxonomy,Damara Molerat,
Fukomys mechowi,,Mammal,10828475,requires_review,,Giant Molerat,
Fulica atra,Black Coot,Bird,2474377,confident,GBIF Backbone Taxonomy,Eurasian Coot,
Fulmarus glacialoides,Antarctic Fulmar,Bird,2481432,confident,GBIF Backbone Taxonomy,Southern Fulmar,
Furcifer lateralis,Carpet Chameleon,Reptile,5221969,confident,GBIF Backbone Taxonomy,Carpet Chameleon,
Galago senegalensis,Ethiopia Lesser Galago,Mammal,9198359,confident,GBIF Backbone Taxonomy,Northern Lesser Galago,
Galagoides crassicaudatus,,Mammal,2436515,requires_review,,,
Galagoides demidovii,Calabar Dwarf Galago (murinus),Mammal,5786518,confident,GBIF Backbone Taxonomy,Demidoff's Dwarf Galago,
Galagoides senegalensis,,Mammal,2436515,requires_review,,,
Galerella sanguinea,Common Slender Mongoose,Mammal,5219098,confident,GBIF Backbone Taxonomy,Common Slender Mongoose,
Galictis cuja,Lesser Grison,Mammal,5218901,confident,GBIF Backbone Taxonomy,Lesser Grison,
Galictis vittata,Greater Grison,Mammal,5218906,confident,GBIF Backbone Taxonomy,Greater Grison,
Gallinago hardwickii,Japanese Snipe,Bird,2481830,confident,GBIF Backbone Taxonomy,Latham's Snipe,
Gallinula tenebrosa,Dusky Moorhen,Bird,5228220,confident,GBIF Backbone Taxonomy,Dusky Moorhen,
Gallirallus philippensis,Banded rail,Bird,2474550,confident,GBIF Backbone Taxonomy,Buff-banded Rail,
Gallus bankiva,,Bird,7787147,unresolved,,Javan Red Junglefowl,
Garrulax leucolophus,White-crested Laughingthrush,Bird,2493447,confident,GBIF Backbone Taxonomy,White-crested Laughingthrush,
Gavia stellata,Cape-racer,Bird,2481958,confident,GBIF Backbone Taxonomy,Red-throated Loon,
Gekko gecko,Gecko Tokay,Reptile,2447367,confident,GBIF Backbone Taxonomy,Tokay Gecko,
Genetta pardina,Pardine Genet,Mammal,5219360,confident,GBIF Backbone Taxonomy,West African Large-spotted Genet,
Genetta tigrina,Blotched Genet,Mammal,5219356,confident,GBIF Backbone Taxonomy,Cape Genet,
Geoffroyus geoffroyi,Red-cheeked Parrot,Bird,2479334,confident,GBIF Backbone Taxonomy,Red-cheeked Parrot,
Geomys bursarius,Mississippi Valley Pocket Gopher,Mammal,2439378,confident,GBIF Backbone Taxonomy,Plains Pocket Gopher,
Geopelia cuneata,,Bird,,unresolved,,Diamond Dove,
Geopelia humeralis,Bar-shouldered Dove,Bird,2495487,confident,GBIF Backbone Taxonomy,Bar-shouldered Dove,
Geopelia striata,Barred Ground Dove,Bird,2495486,confident,GBIF Backbone Taxonomy,Zebra Dove,
Geophaps plumifera,Spinifex Pigeon,Bird,2495395,confident,GBIF Backbone Taxonomy,Spinifex Pigeon,
Geophaps smithii,Partridge Pigeon,Bird,2495400,confident,GBIF Backbone Taxonomy,Partridge Pigeon,
Georychus capensis,Cape Blesmol,Mammal,5219653,confident,GBIF Backbone Taxonomy,Cape Molerat,
Gerbillus allenbyi,Allenby's gerbil,Mammal,2437823,confident,GBIF Backbone Taxonomy,Anderson's Gerbil,
Gerbillus gerbillus,Gerbille du sable,Mammal,2437787,confident,GBIF Backbone Taxonomy,Typical Gerbils,
Gerbillus nanus,Algerian Gerbil,Mammal,2437788,confident,GBIF Backbone Taxonomy,Baluchistan Gerbil,
Gerygone chloronota,Green-backed Gerygone,Bird,7341355,confident,GBIF Backbone Taxonomy,Green-backed Gerygone,
Gerygone fusca,Western Gerygone,Bird,2486563,confident,GBIF Backbone Taxonomy,Western Gerygone,
Gerygone magnirostris,Large-billed Gerygone,Bird,2486552,confident,GBIF Backbone Taxonomy,Large-billed Gerygone,
Gliciphila melanops,Tawny-crowned Honeyeater,Bird,2487161,confident,GBIF Backbone Taxonomy,Tawny-crowned Honeyeater,
Glis glis,Edible Dormouse,Mammal,5706486,confident,GBIF Backbone Taxonomy,bromes,
Glossina pallidipes,,Insect,5056001,unresolved,,,
Glossophaga soricina,Murciélago común de lengua larga,Mammal,2433194,confident,GBIF Backbone Taxonomy,Pallas's Long-tongued Bat,
Glossopsitta concinna,Musk Lorikeet,Bird,2480170,confident,GBIF Backbone Taxonomy,Musk Lorikeet,
Glossopsitta porphyrocephala,Purple-crowned Lorikeet,Bird,2480169,confident,GBIF Backbone Taxonomy,Purple-crowned Lorikeet,
Glossopsitta pusilla,Little Lorikeet,Bird,2480168,confident,GBIF Backbone Taxonomy,Little Lorikeet,
Gnamptogenys sp.1,,Insect,1326511,requires_review,,,
Gnamptogenys sp.2,,Insect,1326511,requires_review,,,
Gorilla gorilla,Lowland Gorilla,Mammal,2436441,confident,GBIF Backbone Taxonomy,Xanthoid Crabs,
Grallina cyanoleuca,Magpie-lark,Bird,2486655,confident,GBIF Backbone Taxonomy,Magpie-lark,
Grantiella picta,Painted Honeyeater,Bird,2487132,confident,GBIF Backbone Taxonomy,Painted Honeyeater,
Griburius sp.,,Insect,1047790,requires_review,,Bold-spotted Griburius,
Gromphadorhina chopardi,,Insect,1994575,requires_review,,,
Gromphadorhina portentosa,Giant Islander Roach,Insect,1994576,confident,GBIF Backbone Taxonomy,Madagascar Hissing Cockroach,
Grus antigone,Sarus Crane,Bird,2474945,confident,GBIF Backbone Taxonomy,Sarus Crane,
Grus rubicunda,Brolga,Bird,2474949,confident,GBIF Backbone Taxonomy,Brolga,
Gygis alba,Angel Tern,Bird,2481213,confident,GBIF Backbone Taxonomy,White Tern,
Gymnobelideus leadbeateri,Bellied Glider,Mammal,2440054,confident,GBIF Backbone Taxonomy,Leadbeater's Possum,
Gymnorhina tibicen,Australasian Magpie,Bird,2489450,confident,GBIF Backbone Taxonomy,Australian Magpie,
Gymnorhinus cyanocephalus,Pinyon Jay,Bird,5229498,confident,GBIF Backbone Taxonomy,Pinyon Jay,
Gyps africanus,African White-backed Vulture,Bird,9487001,confident,GBIF Backbone Taxonomy,White-backed Vulture,
Haematopus fuliginosus,Sooty Oystercatcher,Bird,2480271,confident,GBIF Backbone Taxonomy,Sooty Oystercatcher,
Haematopus longirostris,Australian Pied Oystercatcher,Bird,2480261,confident,GBIF Backbone Taxonomy,Pied Oystercatcher,
Haliaeetus leucogaster,White-Bellied Sea Eagle,Bird,2480455,confident,GBIF Backbone Taxonomy,White-bellied Sea-Eagle,
Haliaeetus vocifer,African Fish Eagle,Bird,2480454,confident,GBIF Backbone Taxonomy,African Fish-Eagle,
Haliastur indus,Brahminy Kite,Bird,2480437,confident,GBIF Backbone Taxonomy,Brahminy Kite,
Haliastur sphenurus,Whistling Eagle-Kite,Bird,2480438,confident,GBIF Backbone Taxonomy,Whistling Kite,
Halichoerus grypus,Atlantic Gray Seal,Mammal,2434806,confident,GBIF Backbone Taxonomy,Grey Seal,
Halobaena caerulea,Blue Petrel,Bird,2481597,confident,GBIF Backbone Taxonomy,Blue Petrel,
Hamirostra melanosternon,Black-breasted Buzzard,Bird,2480473,confident,GBIF Backbone Taxonomy,Black-breasted Kite,
Hapigia simplex,,Insect,1822730,unresolved,,,
Hedydipna collaris,COSU,Bird,7340984,confident,GBIF Backbone Taxonomy,Collared Sunbird,
Heliconius erato,Common Patch Longwing,Insect,1900872,confident,GBIF Backbone Taxonomy,Red Postman,
Heliconius himera,,Insect,1900219,unresolved,,,
Heliothis virescens,Tobacco Budworm,Insect,7762812,confident,GBIF Backbone Taxonomy,Tobacco Budworm Moth,
Helius waitei,,Insect,1516419,requires_review,,,
Heloderma suspectum,Banded Gila Monster [cinctum],Reptile,2460817,confident,GBIF Backbone Taxonomy,Gila Monster,
Hemibelideus lemuroides,Lemur-like Ringtail,Mammal,2440060,confident,GBIF Backbone Taxonomy,Lemuroid Ring-tailed Possum,
Hemicentetes semispinosus,Lowland Streaked Tenrec,Mammal,2432143,confident,GBIF Backbone Taxonomy,Lowland Streaked Tenrec,
Hemidactylus mabouia,African Wood Slave,Reptile,5959942,confident,GBIF Backbone Taxonomy,Tropical House Gecko,
Hemidactylus turcicus,,Reptile,5221528,unresolved,,Mediterranean House Gecko,
Herpestes auropunctatus,Benji / Nakul,Mammal,2434282,confident,GBIF Backbone Taxonomy,Small Indian Mongoose,
Herpestes smithii,,Mammal,,unresolved,,Ruddy Mongoose,
Herpestes urva,Crab-eating Mongoose,Mammal,2434244,confident,GBIF Backbone Taxonomy,Crab-eating Mongoose,
Heteromyias cinereifrons,Gray-headed Robin,Bird,2489269,confident,GBIF Backbone Taxonomy,Grey-headed Robin,
Hieraaetus morphnoides,Little Eagle,Bird,2480684,confident,GBIF Backbone Taxonomy,Little Eagle,
Hierophis viridiflavus,Dark Green Snake,Reptile,2458916,confident,GBIF Backbone Taxonomy,Green Whip Snake,
Himantopus himantopus,African/Eurasian Black-winged Stilt,Bird,5229126,confident,GBIF Backbone Taxonomy,Typical Stilts,
Himatione sanguinea,Apapane,Bird,2494524,confident,GBIF Backbone Taxonomy,ʻApapane,
Hipposideros bicolor,Bicolored Leaf-nosed Bat,Mammal,5218592,confident,GBIF Backbone Taxonomy,Dusky Roundleaf Bat,
Hipposideros caffer,Cape Leaf-nosed Bat,Mammal,5218575,confident,GBIF Backbone Taxonomy,,
Hirundapus caudacutus,Asian Spine-tailed Swift,Bird,2477130,confident,GBIF Backbone Taxonomy,White-throated Needletail,
Hirundo neoxena,Welcome Swallow,Bird,5230789,confident,GBIF Backbone Taxonomy,Welcome Swallow,
Hirundo rustica,BASW,Bird,9515886,confident,GBIF Backbone Taxonomy,Barn Swallow,
Hirundo tahitica,Pacific Swallow,Bird,5230787,confident,GBIF Backbone Taxonomy,Eastern Welcome Swallow,
Homo sapiens,Human,Mammal,2436436,confident,Curated local mapping,Human,
Homonota gaudichaudii,,Reptile,2446141,unresolved,,Chilean Marked Gecko,
Hophlosphyrum griseus,,Insect,7603903,requires_review,,,
Hydrochaeris hydrochaeris,capybara,Mammal,2437610,confident,GBIF Backbone Taxonomy,Capybaras,
Hydrochoerus isthmius,Kleines \ Wasserschwein,Mammal,5786667,confident,GBIF Backbone Taxonomy,Lesser Capybara,
Hydromys chrysogaster,Australian Water Rat,Mammal,2438706,confident,GBIF Backbone Taxonomy,Rakali,
Hydroprogne caspia,Caspian Tern,Bird,2481236,confident,GBIF Backbone Taxonomy,Caspian Tern,
Hydrurga leptonyx,Leopard Seal,Mammal,2434790,confident,GBIF Backbone Taxonomy,Leopard Seal,
Hyla versicolor,Gray Tree Frog,Amphibian,2427583,confident,GBIF Backbone Taxonomy,Gray Treefrog Species Complex,
Hylacola cauta,,Bird,2486547,requires_review,,Shy Heathwren,
Hylacola pyrrhopygia,,Bird,2486548,requires_review,,Chestnut-rumped Heathwren,
Hylesia praeda,,Insect,1867091,unresolved,,,
Hylesia sp.,,Insect,1867046,requires_review,,,
Hylobates muelleri,Bornean Gibbon,Mammal,5219548,confident,GBIF Backbone Taxonomy,North Bornean Gray Gibbon,
Hylobates syndactylus,siamang,Mammal,5219551,confident,GBIF Backbone Taxonomy,Siamang,
Hylomys sulillus,,Mammal,2437169,requires_review,,,
Hymenolaimus malacorhynchos,Blue Duck,Bird,2498332,confident,GBIF Backbone Taxonomy,Blue Duck,
Hyperchirica nausica,,Insect,1865709,requires_review,,,
Hypothymis azurea,Black-naped Monarch,Bird,2486625,confident,GBIF Backbone Taxonomy,Black-naped Monarch,
Hypsignathus monstrosus,Big-lipped Bat,Mammal,2432958,confident,GBIF Backbone Taxonomy,Hammer-headed Fruit Bat,
Hystrix africaeaustralis,African Crested Porcupine,Mammal,5219885,confident,GBIF Backbone Taxonomy,Cape Porcupine,
Hystrix brachyura,East Asian Porcupine,Mammal,5219890,confident,GBIF Backbone Taxonomy,East Asian Porcupine,
Hystrix cristata,African Crested Porcupine,Mammal,5219888,confident,GBIF Backbone Taxonomy,Crested Porcupine,
Hystrix indica,Indian Crested Porcupine,Mammal,5219884,confident,GBIF Backbone Taxonomy,Indian Crested Porcupine,
Hystrix sumatrae,Sumatran Porcupine,Mammal,5219886,confident,GBIF Backbone Taxonomy,Sumatran Porcupine,
Ichneumia albicauda,,Mammal,2434150,unresolved,,White-tailed Mongoose,
Ictidomys tridecemlineatus,13-lined Ground Squirrel,Mammal,7994322,confident,GBIF Backbone Taxonomy,Thirteen-lined Ground Squirrel,
Ictonyx striatus,African Polecat,Mammal,2433840,confident,GBIF Backbone Taxonomy,Zorilla,
Iguana iguana,American Iguana,Reptile,2459658,confident,GBIF Backbone Taxonomy,Lizards,
Indri indri,Babakoto,Mammal,2436432,confident,GBIF Backbone Taxonomy,billygoat weed,
Insara covilleae,creosote bush katydid,Insect,1694588,confident,GBIF Backbone Taxonomy,Creosote Bush Katydid,
Irediparra gallinacea,Comb-crested Jacana,Bird,2481844,confident,GBIF Backbone Taxonomy,Comb-crested Jacana,
Isoodon macrourus,Brindled Bandicoot,Mammal,2435304,confident,GBIF Backbone Taxonomy,Northern Brown Bandicoot,
Isoodon obesulus,Brown Bandicoot,Mammal,2435311,confident,GBIF Backbone Taxonomy,Southern Brown Bandicoot,
Ixobrychus dubius,Australian little bittern,Bird,5789308,confident,GBIF Backbone Taxonomy,Black-backed Bittern,
Ixobrychus flavicollis,Black Bittern,Bird,2480844,confident,GBIF Backbone Taxonomy,Black Bittern,
Jaculus orientalis,Greater Egyptian Jerboa,Mammal,5219894,confident,GBIF Backbone Taxonomy,Greater Egyptian Jerboa,
Junco hyemalis,Dark-eyed Junco,Bird,9362842,confident,GBIF Backbone Taxonomy,Dark-eyed Junco,
Kerodon rupestris,Moco,Mammal,2437616,confident,GBIF Backbone Taxonomy,Rock Cavy,
Lacerta lepida,Jewelled lizard,Reptile,8033162,confident,GBIF Backbone Taxonomy,Ocellated Lizard,
Lacerta muralis,,Reptile,5201,requires_review,,Catalonian Wall Lizard,
Lacerta viridis,Eastern Green Lizard,Reptile,6159273,confident,GBIF Backbone Taxonomy,Western Green Lizard,
Lacerta vivipara,Common lizard,Reptile,2468553,confident,GBIF Backbone Taxonomy,Viviparous Lizard,
Lagidium viscacia,Bolivia,Mammal,2439834,confident,GBIF Backbone Taxonomy,Mountain Viscacha,
Lagopus lagopus,Awebo,Bird,2473421,confident,GBIF Backbone Taxonomy,Red Clover,
Lagorchestes conspicillatus,Barrow Island Spectacled Hare Wallaby,Mammal,2440156,confident,GBIF Backbone Taxonomy,Spectacled Hare Wallaby,
Lagorchestes hirsutus,,Mammal,,unresolved,,Rufous Hare Wallaby,
Lagorchestes leporides,Eastern Hare Wallaby,Mammal,2440157,confident,GBIF Backbone Taxonomy,Eastern Hare Wallaby,
Lagostrophus fasciatus,Banded Hare Wallaby,Mammal,2440134,confident,GBIF Backbone Taxonomy,Banded Hare Wallaby,
Lagothrix lagothricha,Brown Woolly Monkey,Mammal,5786085,confident,GBIF Backbone Taxonomy,Common Woolly Monkey,
Lagurus curtatus,Sagebrush Vole,Mammal,5219781,confident,GBIF Backbone Taxonomy,Sagebrush Vole,
Lalage sueurii,White-shouldered Triller,Bird,5230465,confident,GBIF Backbone Taxonomy,White-shouldered Triller,
Lama glama,Guanaco,Mammal,5220190,confident,GBIF Backbone Taxonomy,Llama,
Lampornis clemenciae,,Bird,,unresolved,,Blue-throated Mountain-gem,
Lanius cristatus,Brown Shrike,Bird,2492846,confident,GBIF Backbone Taxonomy,Brown Shrike,
Larus argentatus,European Herring Gull,Bird,2481139,confident,GBIF Backbone Taxonomy,American Herring Gull,
Larus delawarensis,,Bird,2481134,unresolved,,Ring-billed Gull,
Larus dominicanus,Dominican gull,Bird,2481173,confident,GBIF Backbone Taxonomy,Kelp Gull,
Larus pacificus,Pacific Gull,Bird,2481147,confident,GBIF Backbone Taxonomy,Pacific Gull,
Larus philadelphia,Bonaparte's Gull,Bird,2481169,confident,GBIF Backbone Taxonomy,Bonaparte's Gull,
Larvivora cyane,Siberian Blue Robin,Bird,7341250,confident,GBIF Backbone Taxonomy,Siberian Blue Robin,
Lasiorhinus latifrons,Broad-fronted Wombat,Mammal,5219996,confident,GBIF Backbone Taxonomy,Southern Hairy-nosed Wombat,
Lasius alienus,Alien Field Ant,Insect,5035777,confident,GBIF Backbone Taxonomy,Woodland Fuzzy Ant,
Lasius flavus,Blond Field Ant,Insect,5035857,confident,GBIF Backbone Taxonomy,Yellow Meadow Ant,
Lasius niger,Black Garden Ant,Insect,5035785,confident,GBIF Backbone Taxonomy,Black Garden Ant,
Lasius sitiens,,Insect,5035765,unresolved,,,
Lathamus discolor,Swift Parrot,Bird,2480052,confident,GBIF Backbone Taxonomy,Swift Parrot,
Latrodectus mactans,,Arachnid,,unresolved,,Southern Black Widow,
Leiocephalus carinatus,Carinate Curly-tailed Lizard,Reptile,5224691,confident,GBIF Backbone Taxonomy,Northern Curly-tailed Lizard,
Leipoa ocellata,Mallee fowl,Bird,2482152,confident,GBIF Backbone Taxonomy,Malleefowl,
Leipomeles dorsata,,Insect,6247514,unresolved,,,
Lemmus sibiricus,Black-footed Lemming,Mammal,5219835,confident,GBIF Backbone Taxonomy,West Siberian Brown Lemming,
Lemmus trimucronatus,Brown Lemming,Mammal,5219836,confident,GBIF Backbone Taxonomy,Nearctic Brown Lemming,
Lemur catta,,Mammal,2436412,unresolved,,Ring-tailed Lemurs,
Leontopithecus rosalia,Golden Lion Tamarin,Mammal,2436482,confident,GBIF Backbone Taxonomy,Golden Lion Tamarin,
Lepilemur ruficaudatus,Lesser Weasel Lemur,Mammal,2436490,confident,GBIF Backbone Taxonomy,Red-tailed Sportive Lemur,
Leptailurus serval,Serval,Mammal,2435172,confident,GBIF Backbone Taxonomy,Serval,
Leptogenys attenuata,,Insect,,unresolved,,Blue Razorjaw Ant,
Leptogenys nitida,,Insect,7822124,unresolved,,Common Razorjaw Ant,
Leptogenys schwabi,Schwab's Razorjaw ant,Insect,1321261,confident,GBIF Backbone Taxonomy,Schwab's Razorjaw ant,
Leptonychotes weddellii,Weddell Seal,Mammal,2434784,confident,GBIF Backbone Taxonomy,Weddell Seal,
Leptonycteris curasoae,Curacaoan Long-nosed Bat,Mammal,2433316,confident,GBIF Backbone Taxonomy,Lesser Long-nosed Bat,
Leptoptilos crumeniferus,Marabou Stork,Bird,2481946,confident,GBIF Backbone Taxonomy,Marabou Stork,
Leptothorax acerovorum,,Insect,1323916,requires_review,,,
Leptotila verreauxi,,Bird,2496060,unresolved,,White-tipped Dove,
Lepus arcticus,American Arctic Hare,Mammal,2436696,confident,GBIF Backbone Taxonomy,Arctic Hare,
Lepus californicus,,Mammal,,unresolved,,Black-tailed Jackrabbit,
Lepus capensis,Arabian Hare,Mammal,2436736,confident,GBIF Backbone Taxonomy,Cape Hare,
Lepus europaeus,Brown Hare,Mammal,7952072,confident,GBIF Backbone Taxonomy,Brown Hare,
Lepus sp.,,Mammal,9680094,requires_review,,,
Leucauge mariana,longjawed orb weavers,Arachnid,2151461,confident,GBIF Backbone Taxonomy,,
Leucocarbo atriceps,Imperial Cormorant,Bird,4848927,confident,GBIF Backbone Taxonomy,Imperial Shag,
Leucosarcia melanoleuca,Wonga Pigeon,Bird,2495910,confident,GBIF Backbone Taxonomy,Wonga Pigeon,
Lewinia pectoralis,Lewin's Rail,Bird,5228188,confident,GBIF Backbone Taxonomy,Lewin's Rail,
Liasis fuscus,(Brown) Water python,Reptile,5960718,confident,GBIF Backbone Taxonomy,Water Python,
Liasis olivaceus,Olive Python,Reptile,5960723,confident,GBIF Backbone Taxonomy,Olive Python,
Libellula auripennis,Golden-winged Skimmer,Insect,1427957,confident,GBIF Backbone Taxonomy,Golden-winged Skimmer,
Libellula needhami,Needham's Skimmer,Insect,1427959,confident,GBIF Backbone Taxonomy,Needham's Skimmer,
Libellula spp. (combined),,Insect,1427882,requires_review,,,
Lichenostomus chrysops,Yellow-faced Honeyeater,Bird,2486916,confident,GBIF Backbone Taxonomy,Yellow-faced Honeyeater,
Lichenostomus cratitius,Purple-gaped Honeyeater,Bird,2486880,confident,GBIF Backbone Taxonomy,Purple-gaped Honeyeater,
Lichenostomus flavescens,Yellow-tinted Honeyeater,Bird,2486920,confident,GBIF Backbone Taxonomy,Yellow-tinted Honeyeater,
Lichenostomus flavus,Yellow Honeyeater,Bird,2486899,confident,GBIF Backbone Taxonomy,Yellow Honeyeater,
Lichenostomus frenatus,Bridled Honeyeater,Bird,2486926,confident,GBIF Backbone Taxonomy,Bridled Honeyeater,
Lichenostomus fuscus,Fuscous Honeyeater,Bird,2486883,confident,GBIF Backbone Taxonomy,Fuscous Honeyeater,
Lichenostomus hindwoodi,Eungella Honeyeater,Bird,2486902,confident,GBIF Backbone Taxonomy,Eungella Honeyeater,
Lichenostomus keartlandi,Grey-headed Honeyeater,Bird,2486927,confident,GBIF Backbone Taxonomy,Grey-headed Honeyeater,
Lichenostomus leucotis,White-eared Honeyeater,Bird,2486886,confident,GBIF Backbone Taxonomy,White-eared Honeyeater,
Lichenostomus melanops,Yellow-tufted Honeyeater,Bird,2486903,confident,GBIF Backbone Taxonomy,Yellow-tufted Honeyeater,
Lichenostomus ornatus,Yellow-plumed Honeyeater,Bird,2486890,confident,GBIF Backbone Taxonomy,Yellow-plumed Honeyeater,
Lichenostomus penicillatus,White-plumed Honeyeater,Bird,2486891,confident,GBIF Backbone Taxonomy,White-plumed Honeyeater,
Lichenostomus plumulus,Grey-fronted Honeyeater,Bird,2486907,confident,GBIF Backbone Taxonomy,Grey-fronted Honeyeater,
Lichenostomus unicolor,White-gaped Honeyeater,Bird,2486896,confident,GBIF Backbone Taxonomy,White-gaped Honeyeater,
Lichenostomus virescens,Singing Honeyeater,Bird,2486936,confident,GBIF Backbone Taxonomy,Singing Honeyeater,
Lichmera indistincta,Brown Honeyeater,Bird,2487341,confident,GBIF Backbone Taxonomy,Brown Honeyeater,
Limax maximus,,Snail / slug,,unresolved,,Leopard Slug,
Limicola falcinellus,Broad-billed Sandpiper,Bird,2481780,confident,GBIF Backbone Taxonomy,Broad-billed Sandpiper,
Limnogale mergulus,Web-footed Tenrec,Mammal,2432145,confident,GBIF Backbone Taxonomy,Web-footed Tenrec,
Limosa lapponica,Bar-tailed Godwit,Bird,2481681,confident,GBIF Backbone Taxonomy,Bar-tailed Godwit,
Liocranoides sp.,,Arachnid,2143581,requires_review,,,
Liolaemus chiliensis,Chilean Tree Iguana,Reptile,2460439,confident,GBIF Backbone Taxonomy,Chilean Tree Iguana,
Lirimiris sp.,,Insect,1825022,requires_review,,,
Lobodon carcinophagus,,Mammal,2434762,requires_review,,Crabeater Seal,
Lonchura maja,White-Headed Munia,Bird,2493599,confident,GBIF Backbone Taxonomy,White-headed Munia,
Lonchura malacca,Black-headed Munia,Bird,2493626,confident,GBIF Backbone Taxonomy,Tricolored Munia,
Lophochroa leadbeateri,Major Mitchell's Cockatoo,Bird,7340185,confident,GBIF Backbone Taxonomy,Pink Cockatoo,
Lophoictinia isura,Square-tailed Kite,Bird,2480643,confident,GBIF Backbone Taxonomy,Square-tailed Kite,
Lopholaimus antarcticus,Flock Pigeon,Bird,5231890,confident,GBIF Backbone Taxonomy,Topknot Pigeon,
Loriculus galgulus,Blue-crowned Hanging Parrot,Bird,2479372,confident,GBIF Backbone Taxonomy,Blue-crowned Hanging-Parrot,
Loris tardigradus,Dry Zone Slender Loris,Mammal,2436626,confident,GBIF Backbone Taxonomy,Red Slender Loris,
Loxops parva,anianiau,Bird,8449879,confident,GBIF Backbone Taxonomy,,
Loxops virens,Hawaii amakihi,Bird,8626114,confident,GBIF Backbone Taxonomy,,
Loxosceles deserta,desert recluse,Arachnid,5170643,confident,GBIF Backbone Taxonomy,Desert Recluse,
Loxosceles laeta,Chilean recluse,Arachnid,5170659,confident,GBIF Backbone Taxonomy,Chilean Recluse,
Loxosceles unicolor,,Arachnid,5170612,requires_review,,,
Lugensa brevirostris,Kerguelen petrel,Bird,2481442,confident,GBIF Backbone Taxonomy,Kerguelen Petrel,
Lumbricus terrestris,Angleworm,Segmented worm,4410657,confident,GBIF Backbone Taxonomy,Nightcrawler,
Lycosa howarthi,,Arachnid,5169315,unresolved,,,
Lycosa sp.,,Arachnid,,unresolved,,,
Lygus kalmii,,Insect,10036453,unresolved,,,
Macaca arctoides,Bear Macaque,Mammal,2436605,confident,GBIF Backbone Taxonomy,Stump-tailed Macaque,
Macaca assamensis,Assam Macaque,Mammal,2436610,confident,GBIF Backbone Taxonomy,Assam Macaque,
Macaca fascicularis,Con Song Long-tailed Macaque (condorensis),Mammal,2436603,confident,GBIF Backbone Taxonomy,Long-tailed Macaque,
Macaca leonina,Burmese Pig-tailed Macaque,Mammal,4267148,confident,GBIF Backbone Taxonomy,Northern Pig-tailed Macaque,
Macaca maura,Celebes Macaque,Mammal,2436606,confident,GBIF Backbone Taxonomy,Moor Macaque,
Macaca mulatta,Macaco Rhesus,Mammal,2436604,confident,GBIF Backbone Taxonomy,Rhesus Macaque,
Macaca nemestrina,Pig-tailed Macaque,Mammal,2436611,confident,GBIF Backbone Taxonomy,Southern Pig-tailed Macaque,
Macaca pileatus,,Mammal,5786180,unresolved,,Toque Macaque,
Macaca rhesus,,Mammal,,unresolved,,Rhesus Macaque,
Macaca sylvanus,Barbary Ape,Mammal,2436618,confident,GBIF Backbone Taxonomy,Barbary Macaque,
Macacus mulatta,,Mammal,7642159,requires_review,,,
Macrochelys lacertina,,Reptile,3238927,requires_review,,Common Snapping Turtle,
Macroderma gigas,Australian False Vampire Bat,Mammal,5218772,confident,GBIF Backbone Taxonomy,Ghost Bat,
Macrodontia dejeani,,Insect,7475964,unresolved,,Big Jawed Sawyer,
Macroglossum stellatarum,Humming-bird Hawk-moth,Insect,1864652,confident,GBIF Backbone Taxonomy,Eurasian Hummingbird Hawkmoth,
Macronectes giganteus,Antarctic Giant-Petrel,Bird,2481515,confident,GBIF Backbone Taxonomy,Southern Giant Petrel,
Macropus agilis,Agile Wallaby,Mammal,5219975,confident,GBIF Backbone Taxonomy,Agile Wallaby,
Macropus antilopinus,Antilopine Kangaroo,Mammal,5219988,confident,GBIF Backbone Taxonomy,Antilopine Wallaroo,
Macropus dorsalis,Black-striped Wallaby,Mammal,5219980,confident,GBIF Backbone Taxonomy,Black-striped Wallaby,
Macropus eugenii,Tammar Wallaby,Mammal,5219989,confident,GBIF Backbone Taxonomy,Tammar Wallaby,
Macropus fuliginosus,Black-faced Kangaroo,Mammal,5219965,confident,GBIF Backbone Taxonomy,Western Grey Kangaroo,
Macropus giganteus,Eastern Gray Kangaroo,Mammal,5219981,confident,GBIF Backbone Taxonomy,Eastern Grey Kangaroo,
Macropus greyi,Toolache Wallaby,Mammal,5219961,confident,GBIF Backbone Taxonomy,Toolache Wallaby,
Macropus irma,Western Brush Wallaby,Mammal,5219969,confident,GBIF Backbone Taxonomy,Western Brush Wallaby,
Macropus parma,Parma Wallaby,Mammal,5219984,confident,GBIF Backbone Taxonomy,Parma Wallaby,
Macropus parryi,Pretty-faced Wallaby,Mammal,5219962,confident,GBIF Backbone Taxonomy,Whiptail Wallaby,
Macropus robustus,Wallaroo,Mammal,5219970,confident,GBIF Backbone Taxonomy,Common Wallaroo,
Macropus rufogriseus,Red-necked Wallaby,Mammal,2440196,confident,GBIF Backbone Taxonomy,Red-necked Wallaby,
Macropus rufus,Blue Flier (females),Mammal,5219963,confident,GBIF Backbone Taxonomy,Red Kangaroo,
Macropygia amboinensis,Amboyna Cuckoo-Dove,Bird,2496170,confident,GBIF Backbone Taxonomy,Brown Cuckoo-Dove,
Macroscelides proboscideus,Karoo Round-eared Elephant-shrew,Mammal,2440869,confident,GBIF Backbone Taxonomy,Karoo Round-eared Sengi,
Macrotis lagotis,Bilby,Mammal,5219460,confident,GBIF Backbone Taxonomy,Greater Bilby,
Macrotis leucura,Lesser Bilby,Mammal,5219459,confident,GBIF Backbone Taxonomy,Lesser Bilby,
Madoqua kirkii,,Mammal,,unresolved,,Cavendish's Dik-Dik,
Madoryx oeclus,,Insect,1863416,requires_review,,,
Makalata didelphoides,Armored spiny rat,Mammal,4262960,confident,GBIF Backbone Taxonomy,Brazilian Spiny Tree Rat,
Makalata macrura,Long-tailed Armored Tree-rat,Mammal,4262962,confident,GBIF Backbone Taxonomy,Long-tailed Spiny Tree Rat,
Malacopteron cinereum,Scaly-crowned Babbler,Bird,2493505,confident,GBIF Backbone Taxonomy,Scaly-crowned Babbler,
Malacorhynchus membranaceus,Pink Eared Duck,Bird,5232435,confident,GBIF Backbone Taxonomy,Pink-eared Duck,
Malurus coronatus,Lilac-crowned Wren,Bird,2487503,confident,GBIF Backbone Taxonomy,Purple-crowned Fairywren,
Malurus cyaneus,Superb Fairy-wren,Bird,2487516,confident,GBIF Backbone Taxonomy,Superb Fairywren,
Malurus elegans,Red-winged Fairy-wren,Bird,2487506,confident,GBIF Backbone Taxonomy,Red-winged Fairywren,
Malurus lamberti,Eastern Variegated Fairywren,Bird,2487495,confident,GBIF Backbone Taxonomy,Variegated Fairywren,
Malurus leucopterus,White-winged Fairywren,Bird,2487507,confident,GBIF Backbone Taxonomy,White-winged Fairywren,
Malurus melanocephalus,Red-backed Fairy-wren,Bird,2487524,confident,GBIF Backbone Taxonomy,Red-backed Fairywren,
Malurus pulcherrimus,Blue-breasted Fairy-wren,Bird,2487501,confident,GBIF Backbone Taxonomy,Blue-breasted Fairywren,
Malurus splendens,Splendid Fairy-wren,Bird,2487511,confident,GBIF Backbone Taxonomy,Splendid Fairywren,
Mamestra brassicae,Cabbage Moth,Insect,1788522,confident,GBIF Backbone Taxonomy,Cabbage Moth,
Manacus vitellinus,Golden-collared Manakin,Bird,2487668,confident,GBIF Backbone Taxonomy,Golden-collared Manakin,
Mandrillus sphinx,Mandril,Mammal,5219556,confident,GBIF Backbone Taxonomy,Mandrill,
Manduca corallina,,Insect,,unresolved,,,
Manduca lefeburei,,Insect,1864098,requires_review,,,
Manduca rustica,Rustic Sphinx,Insect,1864021,confident,GBIF Backbone Taxonomy,,
Manduca sexta,Carolina Sphinx,Insect,1863978,confident,GBIF Backbone Taxonomy,Carolina Sphinx,
Manis javanica,Javan Pangolin,Mammal,5219628,confident,GBIF Backbone Taxonomy,Sunda Pangolin,
Manis pentadactyla,Chinese Pangolin,Mammal,5219638,confident,GBIF Backbone Taxonomy,Chinese Pangolin,
Manis tricuspis,,Mammal,,unresolved,,White-bellied Pangolin,
Manorina flavigula,Yellow-throated Miner,Bird,2487370,confident,GBIF Backbone Taxonomy,Yellow-throated Miner,
Manorina melanocephala,Mickey,Bird,2487365,confident,GBIF Backbone Taxonomy,Noisy Miner,
Manorina melanophrys,Bell Miner,Bird,2487364,confident,GBIF Backbone Taxonomy,Bell Miner,
Marmosa elegans,,Mammal,12333728,unresolved,,,
Marmosa mexicana,Mexican Mouse Opossum,Mammal,2439876,confident,GBIF Backbone Taxonomy,Mexican Mouse Opossum,
Marmosa mitis,,Mammal,2439860,requires_review,,,
Marmosa murina,Common Mouse Opossum,Mammal,2439873,confident,GBIF Backbone Taxonomy,Linnaeus's Mouse Opossum,
Marmosa rubra,Red Mouse Opossum,Mammal,2439875,confident,GBIF Backbone Taxonomy,Red Mouse Opossum,
Marmota sibirica,Marmota de Siberia,Mammal,2437372,confident,GBIF Backbone Taxonomy,Tarbagan Marmot,
Marpissa bina,,Arachnid,2168267,unresolved,,,
Marpissa muscosa,,Arachnid,,unresolved,,Fencepost jumping spider,
Martes americana,American Marten,Mammal,5218864,confident,GBIF Backbone Taxonomy,American Marten,
Mastomys coucha,South African Multimammate Mouse,Mammal,2438907,confident,GBIF Backbone Taxonomy,Southern Multimammate Mouse,
Mecynogea lemniscata,Basilica Spider,Arachnid,2158784,confident,GBIF Backbone Taxonomy,Basilica Orbweaver,
Megadyptes antipodes,Yellow Eyed Penguin,Bird,2481632,confident,GBIF Backbone Taxonomy,Yellow-eyed Penguin,
Megalomyrmex sp.1,,Insect,1316700,requires_review,,,
Megalomyrmex sp.2,,Insect,1316700,requires_review,,,
Megalpyge sp.,,Insect,,unresolved,,,
Megalurus cruralis,Brown Songlark,Bird,5817098,confident,GBIF Backbone Taxonomy,Brown Songlark,
Megalurus gramineus,Little Grassbird,Bird,5231388,confident,GBIF Backbone Taxonomy,Little Grassbird,
Megalurus mathewsi,Rufous Songlark,Bird,7660361,confident,GBIF Backbone Taxonomy,Rufous Songlark,
Melanerpes formicivorus,Acorn Woodpecker,Bird,2478133,confident,GBIF Backbone Taxonomy,Acorn Woodpecker,
Melanodryas cucullata,Hooded Robin,Bird,2489290,confident,GBIF Backbone Taxonomy,Hooded Robin,
Melanodryas vittata,Dusky Robin,Bird,2489289,confident,GBIF Backbone Taxonomy,Dusky Robin,
Melanoplus complanipes,,Insect,1698973,requires_review,,,
Melanoplus femurrubrum,Red-legged Grasshopper,Insect,1699053,confident,GBIF Backbone Taxonomy,Red-legged Grasshopper,
Meliphaga gracilis,Graceful Honeyeater,Bird,2486832,confident,GBIF Backbone Taxonomy,Cryptic Honeyeater,
Meliphaga lewinii,Lewin's Honeyeater,Bird,2486847,confident,GBIF Backbone Taxonomy,Lewin's Honeyeater,
Meliphaga notata,Yellow-spotted Honeyeater,Bird,2486837,confident,GBIF Backbone Taxonomy,Yellow-spotted Honeyeater,
Melithreptus albogularis,White-throated Honeyeater,Bird,5230492,confident,GBIF Backbone Taxonomy,White-throated Honeyeater,
Melithreptus brevirostris,Brown-headed Honeyeater,Bird,5230485,confident,GBIF Backbone Taxonomy,Brown-headed Honeyeater,
Melithreptus lunatus,Eastern White-naped Honeyeater,Bird,5230482,confident,GBIF Backbone Taxonomy,White-naped Honeyeater,
Melithreptus validirostris,Strong-billed Honeyeater,Bird,5230477,confident,GBIF Backbone Taxonomy,Strong-billed Honeyeater,
Mellivora capensis,Honey Badger,Mammal,2433695,confident,GBIF Backbone Taxonomy,Ratel,
Melloria quoyi,,Bird,,unresolved,,Black Butcherbird,
Melopsittacus undulatus,Betcherrygah,Bird,2479798,confident,GBIF Backbone Taxonomy,Budgerigar,
Melospiza melodia,Brown Song Sparrow,Bird,2492196,confident,GBIF Backbone Taxonomy,Song Sparrow,
Menemerus bivittatus,Gray Wall Jumper,Arachnid,2169064,confident,GBIF Backbone Taxonomy,Gray Wall Jumping Spider,
Menura novaehollandiae,Native Pheasant,Bird,2488980,confident,GBIF Backbone Taxonomy,Superb Lyrebird,
Mephitis mephitis,,Mammal,,unresolved,,Striped and Hooded Skunks,
Mergus serrator,Fishing Duck,Bird,2498375,confident,GBIF Backbone Taxonomy,Red-breasted Merganser,
Meriones unguiculatus,Clawed Jird,Mammal,5219721,confident,GBIF Backbone Taxonomy,Mongolian Jird,
Merops ornatus,Australian bee eater,Bird,2475422,confident,GBIF Backbone Taxonomy,Rainbow Bee-eater,
Merops viridis,,Bird,,unresolved,,Blue-throated Bee-eater,
Mesechinus dauuricus,Daurian Hedgehog,Mammal,2437143,confident,GBIF Backbone Taxonomy,Daurian Hedgehog,
Mesomys hispidus,Ferreira s Spiny Tree-rat,Mammal,5219935,confident,GBIF Backbone Taxonomy,Ferreira's Spiny Tree Rat,
Messor capensis,Cape Harvester Ant,Insect,1316446,confident,GBIF Backbone Taxonomy,Cape Harvester Ant,
Messor pergandei,,Insect,1316497,unresolved,,Black Harvester Ant,
Metachirus nudicaudatus,Brown Four-eyed Opossum,Mammal,9686324,confident,GBIF Backbone Taxonomy,Guianan Brown Four-eyed Opossum,
Metacyrba labyrinthea,,Arachnid,2171393,requires_review,,,
Metaphidippus vitis,,Arachnid,2169535,requires_review,,,
Metazygia rogenhoferi,,Arachnid,2161081,unresolved,,,
Miathyria marcella,Hyacinth Glider,Insect,1427685,confident,GBIF Backbone Taxonomy,Hyacinth Glider,
Micrathena sagittata,Arrow-shaped Micrathena,Arachnid,2159545,confident,GBIF Backbone Taxonomy,Arrow-shaped Orbweaver,
Microcarbo melanoleucos,Little Pied Cormorant,Bird,6066513,confident,GBIF Backbone Taxonomy,Little Pied Cormorant,
Microcebus murinus,Gray Mouse Lemur,Mammal,2436447,confident,GBIF Backbone Taxonomy,Grey Mouse Lemur,
Microeca fascinans,Jacky Winter,Bird,2489296,confident,GBIF Backbone Taxonomy,Jacky Winter,
Microeca flavigaster,Lemon-bellied Flycatcher,Bird,2489293,confident,GBIF Backbone Taxonomy,Lemon-bellied Flyrobin,
Microgale cowani,Cowan's Shrew Tenrec,Mammal,2432121,confident,GBIF Backbone Taxonomy,Cowan's Shrew Tenrec,
Microgale dobsoni,Dobson's Shrew Tenrec,Mammal,2432129,confident,GBIF Backbone Taxonomy,Dobson's Shrew Tenrec,
Microperoryctes longicauda,Long-tailed Bandicoot,Mammal,2435340,confident,GBIF Backbone Taxonomy,Long-tailed Bandicoot,
Microtus breweri,Beach Meadow Mouse,Mammal,2438615,confident,GBIF Backbone Taxonomy,Muskeget Vole,
Microtus drummondi,,Mammal,8508016,unresolved,,Western Meadow Vole,
Microtus longicaudus,Coronation Island Vole (coronarius),Mammal,2438621,confident,GBIF Backbone Taxonomy,Long-tailed Vole,
Microtus montanus,Montane Vole,Mammal,2438609,confident,GBIF Backbone Taxonomy,Montane Vole,
Microtus nivalis,,Mammal,7482468,unresolved,,Caucasian Snow Vole,
Microtus oeconomus,Root Vole,Mammal,2438635,confident,GBIF Backbone Taxonomy,Tundra Vole,
Microtus pennsylvanicus,Admiralty Island Meadow Vole (admiraltiae),Mammal,2438655,confident,GBIF Backbone Taxonomy,Eastern Meadow Vole,
Microtus pinetorum,Campagnol Sylvestre,Mammal,2438638,confident,GBIF Backbone Taxonomy,Woodland Vole,
Microtus xanthognathus,Chestnut-cheeked Vole,Mammal,2438664,confident,GBIF Backbone Taxonomy,Taiga Vole,
Midas ursulus,,Mammal,1,requires_review,,,
Miloderes sp.,,Insect,1244628,requires_review,,,
Milvus migrans,BLKI,Bird,5229167,confident,GBIF Backbone Taxonomy,Black Kite,
Mimon crenulatum,Striped Hairy-nosed Bat,Mammal,2433310,confident,GBIF Backbone Taxonomy,striped hairy-nosed bat,
Miniopterus gigas,,Mammal,2432501,requires_review,,,
Miniopterus schreibers,,Mammal,9796816,requires_review,,Schreibers' Long-fingered Bat,
Miniopterus schreibersii,Schreibers' bat,Mammal,9796816,confident,GBIF Backbone Taxonomy,Schreibers' Long-fingered Bat,
Mirafra javanica,Australasian Bushlark,Bird,2490585,confident,GBIF Backbone Taxonomy,Singing Bushlark,
Mirounga leonina,Monster Sea Elephant,Mammal,2434814,confident,GBIF Backbone Taxonomy,Southern Elephant Seal,
Miscocyttarus mastigophorus,,Insect,1309933,requires_review,,,
Misumenoidea formosipes,,Arachnid,2167112,requires_review,,,
Misumenoidea sp.,,Arachnid,,unresolved,,,
Molossus ate,,Mammal,2433042,requires_review,,Black Mastiff Bat,
Molossus major,,Mammal,2433042,requires_review,,,
Molothrus ater,Brown-headed Cowbird,Bird,2484391,confident,GBIF Backbone Taxonomy,Brown-headed Cowbird,
Monachus monachus,,Mammal,,unresolved,,Monk Parakeet,
Monachus schauinslandi,Hawaiian Monk Seal,Mammal,5219376,confident,GBIF Backbone Taxonomy,Hawaiian Monk Seal,
Monachus tropicalis,Caribbean Monk Seal,Mammal,5219377,confident,GBIF Backbone Taxonomy,Caribbean Monk Seal,
Monarcha melanopsis,Black Faced Monarch,Bird,5230438,confident,GBIF Backbone Taxonomy,Black-faced Monarch,
Monodelphis brevicaudata,Guyanan Short-tailed Opossum,Mammal,2439971,confident,GBIF Backbone Taxonomy,Northern Red-sided Opossum,
Monomorium floricola,Bicolored Trailing Ant,Insect,1314699,confident,GBIF Backbone Taxonomy,Flower Ant,
Monomorium trageri,,Insect,1314574,unresolved,,,
Monoxia sp.,,Insect,1049423,requires_review,,,
Morelia spilota,Carpet Python,Reptile,5225659,confident,GBIF Backbone Taxonomy,Carpet Python,
Morelia variegata,,Reptile,5225663,unresolved,,Carpet Python,
Mormoops megalophylla,,Mammal,,unresolved,,Ghost-faced Bat,
Motacilla sp.,,Bird,729,requires_review,,,
Multareoides bifuractus,,Insect,2023605,requires_review,,,
Mungos mungo,,Mammal,,unresolved,,Small Indian Mongoose,
Murexia longicaudata,Aru Short-furred Dasyure,Mammal,2435424,confident,GBIF Backbone Taxonomy,Aru Short-furred Dasyure,
Murexia rothschildi,Broad-striped Dasyure,Mammal,2435437,confident,GBIF Backbone Taxonomy,Broad-striped Dasyure,
Mus musculus,,Mammal,,unresolved,,Southern House Wren,
Mus sp.,,Mammal,9772498,requires_review,,splitgill mushroom,
Muscardinus avellanarius,Common Dormouse,Mammal,2439658,confident,GBIF Backbone Taxonomy,Hazel Dormouse,
Mustela arctica,,Mammal,44,requires_review,,Tundra Stoat,
Mustela erminea,Armino,Mammal,5219019,confident,GBIF Backbone Taxonomy,Eurasian Stoat,
Mustela putorius,Black Polecat,Mammal,5218911,confident,GBIF Backbone Taxonomy,Western Polecat,
Mustela rixosa,,Mammal,9266296,unresolved,,Bangs' Least Weasel,
Mustela vison,American Mink,Mammal,5218823,confident,GBIF Backbone Taxonomy,American Mink,
Mycetophylax sp.,,Insect,1320500,requires_review,,,
Mycocepurus smithii,,Insect,1319446,unresolved,,,
Mydaus marchei,Palawan Stink Badger,Mammal,2434844,confident,GBIF Backbone Taxonomy,Palawan Stink-badger,
Myiagra alecto,Shining Flycatcher,Bird,2486642,confident,GBIF Backbone Taxonomy,Shining Flycatcher,
Myiagra cyanoleuca,Satin Flycatcher,Bird,2486637,confident,GBIF Backbone Taxonomy,Satin Flycatcher,
Myiagra inquieta,Restless Flycatcher,Bird,2486651,confident,GBIF Backbone Taxonomy,Restless Flycatcher,
Myiagra rubecula,Leaden Flycatcher,Bird,2486638,confident,GBIF Backbone Taxonomy,Leaden Flycatcher,
Myoictis melas,Muller’s Three-striped Dasyure,Mammal,2435443,confident,GBIF Backbone Taxonomy,Three-striped Dasyure,
Myophonus borneensis,Bornean Whistling Thrush,Bird,5789048,confident,GBIF Backbone Taxonomy,Bornean Whistling-Thrush,
Myoprocta acouchy,Curi,Mammal,2437590,confident,GBIF Backbone Taxonomy,Red Acouchi,
Myopus schisticolor,,Mammal,2439358,unresolved,,wood lemming,
Myotis bechsteini,,Mammal,2432427,requires_review,,Bechstein's bat,
Myotis bocagei,,Mammal,7261886,requires_review,,Rufous mouse-eared bat,
Myotis dasycneme,,Mammal,2432452,unresolved,,pond bat,
Myotis daubentoni,,Mammal,2432439,requires_review,,Daubenton's bat,
Myotis myotis,Greater Mouse-eared Bat,Mammal,2432416,confident,GBIF Backbone Taxonomy,Mouse-eared Bats,
Myotis mystacinus,Common Whiskered Bat,Mammal,9754263,confident,GBIF Backbone Taxonomy,,
Myotis nattereri,Murciélago de Natterer,Mammal,2432389,confident,GBIF Backbone Taxonomy,,
Myotis nigricans,Black Myotis,Mammal,2432448,confident,GBIF Backbone Taxonomy,Black Myotis,
Myotomys unisulcatus,Bush Karroo Rat,Mammal,4264856,confident,GBIF Backbone Taxonomy,Karoo Vlei Rat,
Myrmecia croslandi,,Insect,5035495,unresolved,,,
Myrmecia gulosa,Giant Red Bull Ant,Insect,5035548,confident,GBIF Backbone Taxonomy,Gulosa-group Bull Ants,
Myrmecia midas,,Insect,5035515,unresolved,,,
Myrmecia nigriceps,Black-headed Bull Ant,Insect,5035460,confident,GBIF Backbone Taxonomy,Black-headed Bull Ant,
Myrmecia nigrocincta,Jack Jumper Ant,Insect,5035519,confident,GBIF Backbone Taxonomy,Nigrocincta-group Bull Ants,
Myrmecia pyriformis,,Insect,,unresolved,,Inch Ant,
Myrmecia tarsata,Australian Jumper Ant,Insect,5035525,confident,GBIF Backbone Taxonomy,Australian Jumper Ant,
Myrmecobius fasciatus,Banded Anteater,Mammal,5219465,confident,GBIF Backbone Taxonomy,Numbat,
Myrmecophaga tridactyla,Ant Bear,Mammal,2436346,confident,GBIF Backbone Taxonomy,Giant Anteater,
Myrmecotypus rettenmeyeri,corinnid sac spiders,Arachnid,2148891,confident,GBIF Backbone Taxonomy,,
Myrmica alaskensis,Alaskan Furrowed Ant,Insect,1318970,confident,GBIF Backbone Taxonomy,Alaskan Furrowed Ant,
Myrmica rubra,European Fire Ant,Insect,1318874,confident,GBIF Backbone Taxonomy,rubra-group Myrmica,
Myrmicocrypta ednaella,,Insect,1320157,unresolved,,,
Mysmena sp.,,Arachnid,2151171,requires_review,,,
Mysmenopsis tengellacompa,minute litter spiders,Arachnid,2151205,confident,GBIF Backbone Taxonomy,,
Mystromys albicaudatus,African White-tailed Mouse,Mammal,2438522,confident,GBIF Backbone Taxonomy,African White-tailed Mouse,
Myzomela obscura,Dusky Honeyeater,Bird,9359990,confident,GBIF Backbone Taxonomy,Dusky Myzomela,
Myzomela sanguinolenta,Scarlet Honeyeater,Bird,2487319,confident,GBIF Backbone Taxonomy,Scarlet Myzomela,
Naja melanoleuca,Black and White Cobra,Reptile,2470376,confident,GBIF Backbone Taxonomy,Forest Cobra,
Nanosella sp.,,Insect,4746431,requires_review,,,
Napothera crassa,Mountain Wren-Babbler,Bird,5231407,confident,GBIF Backbone Taxonomy,Mountain Wren-Babbler,
Nasua narica,Coatimundi,Mammal,2433531,confident,GBIF Backbone Taxonomy,White-nosed Coati,
Natalus tumidirostris,Funnel-eared Bat,Mammal,2432753,confident,GBIF Backbone Taxonomy,Trinidadian Funnel-eared Bat,
Natrix helvetica,Banded Grass Snake,Reptile,9350124,confident,GBIF Backbone Taxonomy,barred grass snake,
Natrix maura,Culebra viperina,Reptile,6161340,confident,GBIF Backbone Taxonomy,Viperine Snake,
Natrix natrix,Common Grass Snake,Reptile,6161347,confident,GBIF Backbone Taxonomy,Common Watersnake,
Nauphoeta cinerea,Lobster cockroach,Insect,1995651,confident,GBIF Backbone Taxonomy,Cinereous Cockroach,
Nectarinella championi,,Insect,1311745,unresolved,,,
Nectarinia chalybea,,Bird,,unresolved,,Southern Double-collared Sunbird,
Nectarinia killmensis,,Bird,5229993,requires_review,,,
Nectarinia tacazze,TASU,Bird,5230037,confident,GBIF Backbone Taxonomy,Tacazze Sunbird,
Neochmia phaeton,Australian Crimson Finch,Bird,2493738,confident,GBIF Backbone Taxonomy,Crimson Finch,
Neochmia temporalis,Australian Red-browed Finch,Bird,2493737,confident,GBIF Backbone Taxonomy,Red-browed Finch,
Neocossus sp.,,Insect,4689372,requires_review,,,
Neofiber alleni,Florida Water Rat,Mammal,2438050,confident,GBIF Backbone Taxonomy,Round-tailed Muskrat,
Neomys fodiens,Eurasian Water Shrew,Mammal,2435767,confident,GBIF Backbone Taxonomy,Eurasian Water Shrew,
Neophascogale lorentzi,Long-clawed Marsupial Mouse,Mammal,2435364,confident,GBIF Backbone Taxonomy,Speckled Dasyure,
Neophema bourkii,,Bird,2479796,requires_review,,Bourke's Parrot,
Neophema chrysostoma,,Bird,,unresolved,,Blue-winged Parrot,
Neophema elegans,Elegant Parrot,Bird,2479505,confident,GBIF Backbone Taxonomy,Elegant Parrot,
Neophema petrophila,Rock Parrot,Bird,2479510,confident,GBIF Backbone Taxonomy,Rock Parrot,
Neophema pulchella,Turquoise Grass-parakeet,Bird,2479509,confident,GBIF Backbone Taxonomy,Turquoise Parrot,
Neophema splendida,,Bird,,unresolved,,Scarlet-chested Parrot,
Neophoca cinerea,Australian Sea Lion,Mammal,2433484,confident,GBIF Backbone Taxonomy,Australian Sea Lion,
Neopsephotus bourkii,Bourke's Parrot,Bird,2479795,confident,GBIF Backbone Taxonomy,Bourke's Parrot,
Neoscona oacavensis,,Arachnid,2158881,requires_review,,,
Neotoma sp.,,Mammal,2438433,requires_review,,,
Nephila clavipes,,Arachnid,,unresolved,,Golden Silk Spider,
Netta rufina,,Bird,,unresolved,,Red-crested Pochard,
Nettapus pulchellus,Green Pygmy Goose,Bird,2498309,confident,GBIF Backbone Taxonomy,Green Pygmy-Goose,
Neurotrichus gibbsii,American Shrew Mole,Mammal,2436208,confident,GBIF Backbone Taxonomy,American Shrewmole,
Ningaui ridei,Inland Ningaui,Mammal,2435428,confident,GBIF Backbone Taxonomy,Wongai Ningaui,
Ningaui yvonneae,Kitchener's Ningaui,Mammal,4826884,confident,GBIF Backbone Taxonomy,Mallee Ningaui,
Ninox connivens,Barking Boobook,Bird,2497798,confident,GBIF Backbone Taxonomy,Barking Owl,
Ninox novaeseelandiae,Morepork,Bird,2497817,confident,GBIF Backbone Taxonomy,Morepork,
Ninox rufa,Rufous Boobook,Bird,2497792,confident,GBIF Backbone Taxonomy,Rufous Owl,
Ninox strenua,Powerful Boobook,Bird,2497827,confident,GBIF Backbone Taxonomy,Powerful Owl,
Noctilio leporinus,Fisherman Bat,Mammal,2433343,confident,GBIF Backbone Taxonomy,Greater Bulldog Bat,
Nomamyrmex sp.,,Insect,11718517,requires_review,,,
Northiella haematogaster,,Bird,,unresolved,,Eastern Bluebonnet,
Notoryctes caurinus,Kakarratul,Mammal,2440824,confident,GBIF Backbone Taxonomy,Kakarratul,
Nucifraga caryocatactes,Eurasian Nutcracker,Bird,2482613,confident,GBIF Backbone Taxonomy,Northern Nutcracker,
Nucifraga columbiana,Clark's Crow,Bird,2482614,confident,GBIF Backbone Taxonomy,Clark's Nutcracker,
Numenius madagascariensis,Eastern Curlew,Bird,2481791,confident,GBIF Backbone Taxonomy,Far Eastern Curlew,
Numenius phaeopus,Common Whimbrel,Bird,2481784,confident,GBIF Backbone Taxonomy,Whimbrel,
Numida meleagris,Crowned Guinea-fowl,Bird,2473341,confident,GBIF Backbone Taxonomy,Helmeted Guineafowl,
Nyctalus noctula,Common Noctule,Mammal,5218524,confident,GBIF Backbone Taxonomy,Common Noctule,
Nycteris arge,Bate's Slit-faced Bat,Mammal,5218607,confident,GBIF Backbone Taxonomy,Bates's Slit-faced Bat,
Nycticebus coucang,Bengal Slow Loris,Mammal,2436629,confident,GBIF Backbone Taxonomy,Sunda Slow Loris,
Nycticebus pygmaeus,Lesser Slow Loris,Mammal,2436628,confident,GBIF Backbone Taxonomy,Pygmy Slow Loris,
Nycticebus tardigradus,,Mammal,3239561,requires_review,,Sunda Slow Loris,
Nycticorax caledonicus,Nankeen Night Heron,Bird,2480857,confident,GBIF Backbone Taxonomy,Nankeen Night Heron,
Nyctobates procerus,,Insect,7857,requires_review,,,
Nyctophilus major,Greater Long-eared Bat,Mammal,8428783,confident,GBIF Backbone Taxonomy,Western Long-eared Bat,
Nymphicus hollandicus,Cockatiel,Bird,2479977,confident,GBIF Backbone Taxonomy,Cockatiel,
Nyssicus setosus,,Insect,1145977,unresolved,,,
Oceanites oceanicus,,Bird,5229419,unresolved,,Wilson's Storm-Petrel,
Ochrotomys nuttalli,Common Golden Mouse,Mammal,2438565,confident,GBIF Backbone Taxonomy,Golden Mouse,
Ocreatus underwoodii,Booted Racket-tail,Bird,2476351,confident,GBIF Backbone Taxonomy,White-booted Racket-tail,
Octodon degus,Common Degu,Mammal,5219900,confident,GBIF Backbone Taxonomy,Octodonts and Degus,
Octodontomys gliroides,Chozchori,Mammal,2439604,confident,GBIF Backbone Taxonomy,Mountain Degu,
Octomys mimax,Common Viscacha Rat,Mammal,5219901,confident,GBIF Backbone Taxonomy,Mountain Viscacha Rat,
Ocyphaps lophotes,Crested Pigeon,Bird,2495190,confident,GBIF Backbone Taxonomy,Crested Pigeon,
Odobenus rosmarus,Atlantic Walrus,Mammal,5218819,confident,GBIF Backbone Taxonomy,Walrus,
Odocoileus hemionus,Black-tailed Deer,Mammal,2440974,confident,GBIF Backbone Taxonomy,Mule Deer,
Odontomachus bauri,,Insect,5035364,unresolved,,,
Odontomachus brunneus,Florida Trap-jaw Ant,Insect,5035323,confident,GBIF Backbone Taxonomy,Florida Trap-jaw Ant,
Odontomachus hastatus,,Insect,5035374,unresolved,,Hastatus-group Trap-jaw Ants,
Oecophylla smaragdina,Asian Weaver Ant,Insect,1317388,confident,GBIF Backbone Taxonomy,Asian Weaver Ant,
Ommatophoca rossii,Ross Seal,Mammal,2434788,confident,GBIF Backbone Taxonomy,Ross Seal,
Oncideres putator,,Insect,1132187,unresolved,,,
Ondatra zibethicus,Bisamratte,Mammal,5219858,confident,GBIF Backbone Taxonomy,Muskrat,
Onychogalea fraenata,Bridled Nail-tail Wallaby,Mammal,2440152,confident,GBIF Backbone Taxonomy,Bridled Nail-tail Wallaby,
Onychogalea lunata,Crescent Nail-tail Wallaby,Mammal,2440153,confident,GBIF Backbone Taxonomy,Crescent Nail-tail Wallaby,
Onychogalea unguifera,Left-hander,Mammal,2440151,confident,GBIF Backbone Taxonomy,Northern Nail-tail Wallaby,
Onychoprion fuscata,,Bird,5789284,requires_review,,Sooty Tern,
Onychoprion fuscatus,Egg bird,Bird,5789284,confident,GBIF Backbone Taxonomy,Sooty Tern,
Onychoprion lunatus,Gray-backed Tern,Bird,5789278,confident,GBIF Backbone Taxonomy,Gray-backed Tern,
Onymacris plana,,Insect,4724276,requires_review,,,
Onymacris unguicularis,Black Fog-basking Namib Darkling,Insect,10148688,confident,GBIF Backbone Taxonomy,Black Fog-basking Namib Darkling,
Ophisaurus apodus,Armored glass lizard,Reptile,11127359,confident,GBIF Backbone Taxonomy,European Glass Lizard,
Ophisaurus ventralis,Eastern Glass Lizard,Reptile,5226642,confident,GBIF Backbone Taxonomy,Eastern Glass Lizard,
Ophryastes varius,,Insect,5009711,unresolved,,,
Oplurus cuvieri,Collared iguana,Reptile,5843908,confident,GBIF Backbone Taxonomy,Cuvier's Madagascar Swift,
Oreamnos americanus,Mountain Goat,Mammal,2441151,confident,GBIF Backbone Taxonomy,Mountain Goat,
Oreoica gutturalis,Crested Bellbird,Bird,5229497,confident,GBIF Backbone Taxonomy,Crested Bellbird,
Oreothlypis celata,Orange-crowned Warbler,Bird,7342009,confident,GBIF Backbone Taxonomy,Orange-crowned Warbler,
Oreotrochilus estella,Andean Hillstar,Bird,2476686,confident,GBIF Backbone Taxonomy,Andean Hillstar,
Origma solitaria,Rockwarbler,Bird,2486593,confident,GBIF Backbone Taxonomy,Rockwarbler,
Oriolus flavocinctus,Australian Yellow Oriole,Bird,2488973,confident,GBIF Backbone Taxonomy,Green Oriole,
Oriolus sagittatus,Olive-backed Oriole,Bird,2488959,confident,GBIF Backbone Taxonomy,Olive-backed Oriole,
Ornithodoros moubata,African relapsing fever tick,Arachnid,2184785,confident,GBIF Backbone Taxonomy,True Tampan,
Ornithorhynchus anatinus,Duck-Mole,Mammal,2433376,confident,GBIF Backbone Taxonomy,Platypus,
Orthonyx spaldingii,Chowchilla,Bird,2490708,confident,GBIF Backbone Taxonomy,Chowchilla,
Orthonyx temminckii,Australian Logrunner,Bird,2490707,confident,GBIF Backbone Taxonomy,Australian Logrunner,
Orthorhyncus cristatus,Antillea crested hummingbird,Bird,2476284,confident,GBIF Backbone Taxonomy,Antillean Crested Hummingbird,
Orthotomus cuculatus,,Bird,2493025,unresolved,,Mountain Tailorbird,
Oryba achemenides,,Insect,5123704,unresolved,,,
Orycteropus afer,Aardvark,Mammal,5218416,confident,GBIF Backbone Taxonomy,Aardvark,
Oryctolagus cuniculus,Common Rabbit,Mammal,2436940,confident,GBIF Backbone Taxonomy,European Rabbit,
Oryzomys longicaudatus,,Mammal,12381173,unresolved,,,
Oryzorictes hova,Eigentlicher Reiswthler,Mammal,2432112,confident,GBIF Backbone Taxonomy,Hova Rice Tenrec,
Ostrinia nubilalis,,Insect,,unresolved,,,
Otaria byronia,Le 6 n marino de Sudamérica,Mammal,5218774,confident,GBIF Backbone Taxonomy,South American Sea Lion,
Otocyon megalotis,Bat-ear Fox,Mammal,2434349,confident,GBIF Backbone Taxonomy,Bat-eared Fox,
Otomys sloggetti,Ice Rat,Mammal,5219875,confident,GBIF Backbone Taxonomy,Sloggett's Vlei Rat,
Otospermophilus beecheyi,Ardilla terrestre de California,Mammal,8080937,confident,GBIF Backbone Taxonomy,California Ground Squirrel,
Otus scops,Common Scops Owl,Bird,2497701,confident,GBIF Backbone Taxonomy,Eurasian Scops-Owl,
Oxymycterus roberti,Robert s Hocicudo,Mammal,2438943,confident,GBIF Backbone Taxonomy,,
Oxyura australis,Australian blue-billed duck,Bird,5232471,confident,GBIF Backbone Taxonomy,Blue-billed Duck,
Pachycephala hypoxantha,Bornean Whistler,Bird,5959182,confident,GBIF Backbone Taxonomy,Bornean Whistler,
Pachycephala olivacea,Olive Whistler,Bird,5959175,confident,GBIF Backbone Taxonomy,Olive Whistler,
Pachycephala pectoralis,Australian Golden Whistler,Bird,5959188,confident,GBIF Backbone Taxonomy,Golden Whistler,
Pachycephala rufiventris,Rufous Whistler,Bird,5959190,confident,GBIF Backbone Taxonomy,Rufous Whistler,
Pachycephala rufogularis,,Bird,,unresolved,,Red-lored Whistler,
Pachycephala simplex,Brown Whistler,Bird,5959192,confident,GBIF Backbone Taxonomy,Grey Whistler,
Pachycondyla apicalis,,Insect,1319873,unresolved,,,
Pachycondyla obscuricornis,,Insect,,unresolved,,,
Pachycondyla sp.1,,Insect,1319685,requires_review,,,
Pachycondyla sp.2,,Insect,1319685,requires_review,,,
Pachycondyla sp.3,,Insect,1319685,requires_review,,,
Pachycondyla villosa,,Insect,1319824,unresolved,,,
Pachydiplax longipennis,Blue Dasher,Insect,1428054,confident,GBIF Backbone Taxonomy,Blue Dasher,
Pachygonia drucei,,Insect,3256884,requires_review,,,
Pachylia ficus,Fig Sphinx,Insect,1863856,confident,GBIF Backbone Taxonomy,Fig Sphinx,
Pachylomerus femoralis,,Insect,1,requires_review,,Popeye Dung Beetle,
Pachyptila belcheri,Narrow-billed prion,Bird,5229320,confident,GBIF Backbone Taxonomy,Slender-billed Prion,
Pachyptila desolata,Antarctic Prion,Bird,5229327,confident,GBIF Backbone Taxonomy,Antarctic Prion,
Pachyptila salvini,Salvin's Prion,Bird,5229328,confident,GBIF Backbone Taxonomy,Salvin's Prion,
Pachyptila turtur,Fairy Prion,Bird,5229332,confident,GBIF Backbone Taxonomy,Fairy Prion,
Paguma larvata,Gem-faced Civet,Mammal,2434654,confident,GBIF Backbone Taxonomy,Masked Palm Civet,
Pan troglodytes,Chimp,Mammal,5219534,confident,GBIF Backbone Taxonomy,Chimpanzee,
Pandion cristatus,,Bird,,unresolved,,Australasian Osprey,
Pantala flavescens,Globe Skimmer,Insect,1427855,confident,GBIF Backbone Taxonomy,Wandering Glider,
Panthera leo,African Lion,Mammal,5219404,confident,GBIF Backbone Taxonomy,Roaring Cats,
Panthera onca,American Tiger,Mammal,5219426,confident,GBIF Backbone Taxonomy,Jaguar,
Panthera pardus,Black Leopard,Mammal,5219436,confident,GBIF Backbone Taxonomy,Leopard,
Panthera tigris,Bagh,Mammal,5219416,confident,GBIF Backbone Taxonomy,Roaring Cats,
Pantophthalmus tabaninus,,Insect,1445037,unresolved,,,
Papio anubis,Anubis Baboon,Mammal,5707341,confident,GBIF Backbone Taxonomy,Olive Baboon,
Papio cynocephalus,Central Yellow Baboon (cynocephalus),Mammal,7262027,confident,GBIF Backbone Taxonomy,Yellow Baboon,
Parachartergus smithii,,Insect,1310092,unresolved,,,
Paracynictis selousi,Selous Meerkat,Mammal,2434109,confident,GBIF Backbone Taxonomy,Selous' Mongoose,
Paradoxurus hermaphroditus,Asian Palm Civet,Mammal,2434708,confident,GBIF Backbone Taxonomy,Northern Palm Civet,
Parantechinus apicalis,Dibbler,Mammal,2435446,confident,GBIF Backbone Taxonomy,Dibbler,
Parantechinus bilarni,sandstone dibbler,Mammal,2435384,confident,GBIF Backbone Taxonomy,Sandstone False Antechinus,
Parantechinus macdonnellensis,,Mammal,2435445,requires_review,,,
Parantechinus roryi,,Mammal,2435445,requires_review,,,
Parantechinus rosamondae,,Mammal,2435445,requires_review,,,
Paraponera clavata,bullet ant,Insect,1320410,confident,GBIF Backbone Taxonomy,Bullet Ant,
Paratrechina longicornis,BCA,Insect,1325561,confident,GBIF Backbone Taxonomy,Longhorn Crazy Ant,
Pardalotus punctatus,Diamondbird,Bird,2486622,confident,GBIF Backbone Taxonomy,Spotted Pardalote,
Pardalotus striatus,Striated Pardalote,Bird,2486621,confident,GBIF Backbone Taxonomy,Striated Pardalote,
Pardosa lugubris,,Arachnid,2146140,unresolved,,Common Forest Wolf Spider Complex,
Parotomys brantsii,Brants s Whistling Rat,Mammal,2438856,confident,GBIF Backbone Taxonomy,Brants's Whistling Rat,
Parus gambeli,Mountain Chickadee,Bird,2487832,confident,GBIF Backbone Taxonomy,Mountain Chickadee,
Passer domesticus,Common House Sparrow,Bird,5231190,confident,GBIF Backbone Taxonomy,House Sparrow,
Passer montanus,,Bird,,unresolved,,Eurasian Tree Sparrow,
Passerella iliaca,Fox Sparrow,Bird,2491872,confident,GBIF Backbone Taxonomy,Fox Sparrow,
Patagona gigas,Giant Hummingbird,Bird,2476964,confident,GBIF Backbone Taxonomy,Giant Hummingbird,
Pecari tajacu,Collared Peccary,Mammal,2440995,confident,GBIF Backbone Taxonomy,Collared Peccary,
Pedionomus torquatus,Goldilocks Bird,Bird,5229423,confident,GBIF Backbone Taxonomy,Plains-wanderer,
Pelagodroma marina,Frigate Petrel,Bird,2481991,confident,GBIF Backbone Taxonomy,White-faced Storm-Petrel,
Pelecanoides georgicus,Georgian diving petrel,Bird,2481429,confident,GBIF Backbone Taxonomy,South Georgia Diving Petrel,
Pelecanoides urinatrix,Common Diving Petrel,Bird,2481418,confident,GBIF Backbone Taxonomy,Common Diving Petrel,
Pelecanus conspicillatus,Australian Pelican,Bird,5229156,confident,GBIF Backbone Taxonomy,Australian Pelican,
Pelicanus occidentalis,,Bird,5229158,requires_review,,,
Pelidnota sp.,,Insect,4759822,requires_review,,,
Peneonanthe pulverulenta,,Bird,4847003,requires_review,,,
Perameles bougainville,,Mammal,,unresolved,,Western Barred Bandicoot,
Perameles gunnii,Eastern Barred Bandicoot,Mammal,5219455,confident,GBIF Backbone Taxonomy,Eastern Barred Bandicoot,
Perameles nasuta,Long-nosed Bandicoot,Mammal,5219457,confident,GBIF Backbone Taxonomy,Long-nosed Bandicoot,
Pergamasus crassipes,,Arachnid,2185010,unresolved,,,
Perigonia lusca,Half-blind Sphinx,Insect,1861559,confident,GBIF Backbone Taxonomy,Half-blind Sphinx,
Periplaneta americana,American Cockroach,Insect,2000152,confident,GBIF Backbone Taxonomy,American Cockroach,
Perisoreus canadensis,Camp Robber,Bird,2482436,confident,GBIF Backbone Taxonomy,Canada Jay,
Perisoreus infaustus,Siberian Jay,Bird,2482449,confident,GBIF Backbone Taxonomy,Siberian Jay,
Peristeptus sp.,,Insect,4722604,requires_review,,,
Perithemis tenera,Eastern Amberwing,Insect,1428077,confident,GBIF Backbone Taxonomy,Eastern Amberwing,
Perodicticus potto,Bosman' ’ s Potto (potto),Mammal,2436624,confident,GBIF Backbone Taxonomy,East African Potto,
Perognathus californicus,,Mammal,,unresolved,,California Pocket Mouse,
Perognathus hispidus,hispid pocket mouse,Mammal,2439584,confident,GBIF Backbone Taxonomy,Hispid Pocket Mouse,
Perognathus longimembris,Little Pocket Mouse,Mammal,2439563,confident,GBIF Backbone Taxonomy,Little Pocket Mouse,
Peromyscus pirrensis,,Mammal,2437961,requires_review,,,
Peromyscus sp.,,Mammal,11795240,requires_review,,Gleaning Deermouse,
Peropteryx macrotis,,Mammal,,unresolved,,Lesser Dog-like Bat,
Peroryctes raffrayana,Long-legged Bandicoot,Mammal,2435329,confident,GBIF Backbone Taxonomy,Raffray's Bandicoot,
Petauroides volans,Central Greater Glider,Mammal,2440068,confident,GBIF Backbone Taxonomy,Greater Glider,
Petaurus abidi,Northern Glider,Mammal,2440048,confident,GBIF Backbone Taxonomy,Northern Glider,
Petaurus australis,Yellow-bellied Glider,Mammal,2440050,confident,GBIF Backbone Taxonomy,Yellow-bellied Glider,
Petaurus biacensis,Biak Glider,Mammal,2440042,confident,GBIF Backbone Taxonomy,Biak Glider,
Petaurus breviceps,Coastal Sugar Glider,Mammal,2440043,confident,GBIF Backbone Taxonomy,Sugar Glider,
Petaurus norfolcensis,Squirrel Glider,Mammal,2440049,confident,GBIF Backbone Taxonomy,Squirrel Glider,
Petrochelidon ariel,Bottle Swallow,Bird,4846800,confident,GBIF Backbone Taxonomy,Fairy Martin,
Petrochelidon nigricans,Australian Tree Martin,Bird,6094910,confident,GBIF Backbone Taxonomy,Tree Martin,
Petrodromus tetradactylus,Forest Elephant Shrew,Mammal,2440858,confident,GBIF Backbone Taxonomy,Four-toed Sengi,
Petrogale assimilis,Allied Rock Wallaby,Mammal,2440127,confident,GBIF Backbone Taxonomy,Allied Rock Wallaby,
Petrogale brachyotis,Brush-tailed Rock Wallaby,Mammal,2440112,confident,GBIF Backbone Taxonomy,Western Short-eared Rock Wallaby,
Petrogale concinna,Little Rock Wallaby,Mammal,2440128,confident,GBIF Backbone Taxonomy,,
Petrogale godmani,Godman s Rock-wallaby,Mammal,2440119,confident,GBIF Backbone Taxonomy,Godman's Rock Wallaby,
Petrogale herberti,Herbert s Rock-wallaby,Mammal,2440125,confident,GBIF Backbone Taxonomy,Herbert's Rock Wallaby,
Petrogale inornata,Plain Rock Wallaby,Mammal,2440121,confident,GBIF Backbone Taxonomy,Unadorned Rock Wallaby,
Petrogale lateralis,Black-flanked Rock Wallaby,Mammal,2440114,confident,GBIF Backbone Taxonomy,Black-flanked Rock Wallaby,
Petrogale mareeba,Mareeba Rock Wallaby,Mammal,2440131,confident,GBIF Backbone Taxonomy,Mareeba Rock Wallaby,
Petrogale penicillata,Brush-tailed Rock Wallaby,Mammal,2440113,confident,GBIF Backbone Taxonomy,Brush-tailed Rock Wallaby,
Petrogale persephone,Proserpine Rock Wallaby,Mammal,2440129,confident,GBIF Backbone Taxonomy,Proserpine Rock Wallaby,
Petrogale venusta,,Mammal,4826270,requires_review,,,
Petrogale xanthopus,Gelbful 3 - Felskanguru,Mammal,2440122,confident,GBIF Backbone Taxonomy,Yellow-footed Rock Wallaby,
Petroica boodang,Scarlet Robin,Bird,7341308,confident,GBIF Backbone Taxonomy,Scarlet Robin,
Petroica goodenovii,Red-capped Robin,Bird,2489322,confident,GBIF Backbone Taxonomy,Red-capped Robin,
Petroica phoenicea,Flame Robin,Bird,2489321,confident,GBIF Backbone Taxonomy,Flame Robin,
Petroica rodinogaster,Pink Robin,Bird,2489314,confident,GBIF Backbone Taxonomy,Pink Robin,
Petroica rosea,Rose Robin,Bird,2489320,confident,GBIF Backbone Taxonomy,Rose Robin,
Petrophassa albipennis,White-quilled Rock Pigeon,Bird,2496039,confident,GBIF Backbone Taxonomy,White-quilled Rock Pigeon,
Petropseudes dahli,Falangero rupicola de ¢ ola anillada,Mammal,2440058,confident,GBIF Backbone Taxonomy,Rock Ringtail Possum,
Peucetia longipalpis,Green Lynx,Arachnid,2178556,confident,GBIF Backbone Taxonomy,Lesser Green Lynx Spider,
Peucetia viridans,green lynx spider,Arachnid,2178540,confident,GBIF Backbone Taxonomy,Green Lynx Spider,
Pezoporus wallicus,Eastern Ground Parrot,Bird,2479462,confident,GBIF Backbone Taxonomy,Ground Parrot,
Phaethon rubricauda,,Bird,,unresolved,,Red-tailed Tropicbird,
Phalacrocorax carbo,Black Shag,Bird,2481890,confident,GBIF Backbone Taxonomy,Great Cormorant,
Phalacrocorax fuscescens,Black-faced Cormorant,Bird,2481867,confident,GBIF Backbone Taxonomy,Black-faced Cormorant,
Phalacrocorax sulcirostris,Little Black Cormorant,Bird,2481895,confident,GBIF Backbone Taxonomy,Little Black Cormorant,
Phalacrocorax varius,Australian Pied Cormorant,Bird,2481860,confident,GBIF Backbone Taxonomy,Pied Cormorant,
Phalanger carmelitae,Mountain Cuscus,Mammal,2440278,confident,GBIF Backbone Taxonomy,Mountain Cuscus,
Phalanger gymnotis,Aru Island Ground Cuscus,Mammal,2440266,confident,GBIF Backbone Taxonomy,Ground Cuscus,
Phalanger intercastellanus,Eastern Common Cuscus,Mammal,2440276,confident,GBIF Backbone Taxonomy,Eastern Common Cuscus,
Phalanger lullulae,The Woodlark Cuscus,Mammal,2440258,confident,GBIF Backbone Taxonomy,Woodlark Cuscus,
Phalanger mimicus,Australian Common Cuscus,Mammal,2440270,confident,GBIF Backbone Taxonomy,Southern Common Cuscus,
Phalanger orientalis,Common Phalanger,Mammal,2440259,confident,GBIF Backbone Taxonomy,Northern Common Cuscus,
Phalanger ornatus,Blue-eyed Cuscus,Mammal,2440274,confident,GBIF Backbone Taxonomy,Ornate Cuscus,
Phalanger rothschildi,Obi Cuscus,Mammal,2440265,confident,GBIF Backbone Taxonomy,Rothschild's Cuscus,
Phalanger sericeus,Silky Cuscus,Mammal,2440262,confident,GBIF Backbone Taxonomy,Silky Cuscus,
Phalanger vestitus,Stein s Cuscus,Mammal,2440275,confident,GBIF Backbone Taxonomy,Stein's Cuscus,
Phalaropus lobatus,,Bird,5739290,unresolved,,Red-necked Phalarope,
Phaps chalcoptera,Common Bronzewing,Bird,2495195,confident,GBIF Backbone Taxonomy,Common Bronzewing,
Phaps elegans,,Bird,,unresolved,,Brush Bronzewing,
Phaps histrionica,Flock Bronzewing,Bird,2495196,confident,GBIF Backbone Taxonomy,Flock Bronzewing,
Phascogale calura,Red-tailed,Mammal,2435449,confident,GBIF Backbone Taxonomy,Red-tailed Phascogale,
Phascogale tapoatafa,Black-tailed Phascogale,Mammal,2435448,confident,GBIF Backbone Taxonomy,Brush-tailed Phascogale,
Phascolarctos cinereus,Australian Koala,Mammal,2440012,confident,GBIF Backbone Taxonomy,Koala,
Phascolosorex dorsalis,Dasyure & bande dorsale,Mammal,2435431,confident,GBIF Backbone Taxonomy,Narrow-striped Marsupial Shrew,
Phasianus colchicus,Common Pheasant,Bird,9752149,confident,GBIF Backbone Taxonomy,Ring-necked Pheasant,
Pheidole obscurithorax,Large Imported Big-headed Ant,Insect,8223587,confident,GBIF Backbone Taxonomy,Large Imported Big-headed Ant,
Pheidole sp.1,,Insect,1321654,requires_review,,,
Pheidole sp.2,,Insect,1321654,requires_review,,,
Pheidole sp.3,,Insect,1321654,requires_review,,,
Pheidole sp.4,,Insect,1321654,requires_review,,,
Pheidole sp.5,,Insect,1321654,requires_review,,,
Pheidole sp.6,,Insect,1321654,requires_review,,,
Pheidole sp.7,,Insect,1321654,requires_review,,,
Pheidole sp.8,,Insect,1321654,requires_review,,,
Pheidole sp.9,,Insect,1321654,requires_review,,,
Phelsuma cepediana,Bluetail Day Gecko,Reptile,2447483,confident,GBIF Backbone Taxonomy,Bluetail Day Gecko,
Phenacomys intermedius,Heather Vole,Mammal,2438114,confident,GBIF Backbone Taxonomy,Western Heather Vole,
Phidippus clarus,Brilliant Jumper,Arachnid,5173135,confident,GBIF Backbone Taxonomy,Brilliant Jumping Spider,
Phidippus johnsoni,Johnson jumper,Arachnid,5173184,confident,GBIF Backbone Taxonomy,,
Phidippus regius,Regal Jumping Spider,Arachnid,5173161,confident,GBIF Backbone Taxonomy,Regal Jumping Spider,
Philander opossum,Gray Four-Eyed Opossum,Mammal,5219950,confident,GBIF Backbone Taxonomy,Northern Four-eyed Opossum,
Philemon argenticeps,Silver-crowned Friarbird,Bird,2487094,confident,GBIF Backbone Taxonomy,Silver-crowned Friarbird,
Philemon buceroides,Helmeted Friarbird,Bird,2487072,confident,GBIF Backbone Taxonomy,Helmeted Friarbird,
Philemon citreogularis,Little Friarbird,Bird,2487057,confident,GBIF Backbone Taxonomy,Little Friarbird,
Philemon corniculatus,Noisy Friarbird,Bird,2487086,confident,GBIF Backbone Taxonomy,Noisy Friarbird,
Phoca caspica,Caspian seal,Mammal,2434777,confident,GBIF Backbone Taxonomy,Caspian Seal,
Phoca fasciata,Ribbon Seal,Mammal,2434811,confident,GBIF Backbone Taxonomy,Ribbon Seal,
Phoca groenlandica,Harp seal,Mammal,2434802,confident,GBIF Backbone Taxonomy,Harp Seal,
Phoca hispida,Ringed seal,Mammal,2434773,confident,GBIF Backbone Taxonomy,Ringed Seal,
Phoca largha,,Mammal,,unresolved,,Spotted Seal,
Phoca sibirica,Baikal seal,Mammal,2434766,confident,GBIF Backbone Taxonomy,Baikal Seal,
Phoca vitulina,Atlantic harbor seal,Mammal,2434793,confident,GBIF Backbone Taxonomy,Harbor Seal,
Phocarctos hookeri,Auckland sea lion,Mammal,2433467,confident,GBIF Backbone Taxonomy,New Zealand Sea Lion,
Phoebastria immutabilis,Laysan Albatross,Bird,2481381,confident,GBIF Backbone Taxonomy,Laysan Albatross,
Phoebetria fusca,Dark-mantled Albatross,Bird,2481376,confident,GBIF Backbone Taxonomy,Sooty Albatross,
Phoebetria palpebrata,,Bird,2481374,unresolved,,Light-mantled Albatross,
Phoeniconaias minor,Lesser Flamingo,Bird,2481104,confident,GBIF Backbone Taxonomy,Lesser Flamingo,
Pholcus phalangioideus,,Arachnid,2149937,requires_review,,,
Phrynocephalus przewalskii,Przewalski's Toadhead Agama,Reptile,2466304,confident,GBIF Backbone Taxonomy,Przewalski's Toadhead Agama,
Phrynocolus auriculatus,,Insect,11030463,unresolved,,,
Phrynocolus petrosus,,Insect,11018195,unresolved,,,
Phrynocolus sp.,,Insect,4724715,requires_review,,,
Phrynosoma coronatum,Blainville Horned Lizard,Reptile,5222429,confident,GBIF Backbone Taxonomy,Blainville's Horned Lizard,
Phylidonyris niger,White-cheeked Honeyeater,Bird,2487006,confident,GBIF Backbone Taxonomy,White-cheeked Honeyeater,
Phylidonyris novaehollandiae,New Holland Honeyeater,Bird,2487015,confident,GBIF Backbone Taxonomy,New Holland Honeyeater,
Phylidonyris pyrrhopterus,Crescent Honeyeater,Bird,2487011,confident,GBIF Backbone Taxonomy,Crescent Honeyeater,
Phyllodactylus gerrophygus,,Reptile,,unresolved,,,
Phyllostomus discolor,Murciélago pálido nariz de lanza,Mammal,2433280,confident,GBIF Backbone Taxonomy,pale spear-nosed bat,
Phyllotis darwini,Darwin s Pericote,Mammal,5219758,confident,GBIF Backbone Taxonomy,Darwin's Leaf-eared Mouse,
Phyllotis magister,Majestic Pericote,Mammal,5219760,confident,GBIF Backbone Taxonomy,master leaf-eared mouse,
Phyllotis rupestris,,Mammal,2438117,requires_review,,,
Physadesmia globosa,,Insect,,unresolved,,,
Physosterna cribripes,,Insect,,unresolved,,,
Phytocoris nigripubescens,,Insect,7837854,unresolved,,,
Phytoseiulus persimilis,Mite,Arachnid,2186348,confident,GBIF Backbone Taxonomy,Mediterranean Mite Predator,
Phytotoma rara,Rufous-tailed Plantcutter,Bird,2486493,confident,GBIF Backbone Taxonomy,Rufous-tailed Plantcutter,
Pica nuttalli,Yellow-billed Magpie,Bird,5229489,confident,GBIF Backbone Taxonomy,Yellow-billed Magpie,
Pimelia cenchronota,,Insect,1208967,requires_review,,,
Pipilo chlorurus,Green-tailed Towhee,Bird,2491276,confident,GBIF Backbone Taxonomy,Green-tailed Towhee,
Piranga ludoviciana,Louisiana Tanager,Bird,2488484,confident,GBIF Backbone Taxonomy,Western Tanager,
Pitta versicolor,Noisy Pitta,Bird,2489546,confident,GBIF Backbone Taxonomy,Noisy Pitta,
Planigale gilesi,Giles' Planigale,Mammal,2435457,confident,GBIF Backbone Taxonomy,Giles' Planigale,
Planigale ingrami,,Mammal,,unresolved,,Long-tailed Planigale,
Planigale maculata,Common Planigale,Mammal,2435458,confident,GBIF Backbone Taxonomy,Common Planigale,
Planigale novaeguineae,New Guinean Planigale,Mammal,2435456,confident,GBIF Backbone Taxonomy,Papuan Planigale,
Planigale tenuirostris,Narrow-nosed Planigale,Mammal,2435465,confident,GBIF Backbone Taxonomy,Narrow-nosed Planigale,
Platalea flavipes,Yellow Billed Spoonbill,Bird,2480806,confident,GBIF Backbone Taxonomy,Yellow-billed Spoonbill,
Platalea regia,Royal Spoonbill,Bird,2480799,confident,GBIF Backbone Taxonomy,Royal Spoonbill,
Platycercus adscitus,Pale-headed Rosella,Bird,2479308,confident,GBIF Backbone Taxonomy,Pale-headed Rosella,
Platycercus caledonicus,Green Rosella,Bird,2479326,confident,GBIF Backbone Taxonomy,Green Rosella,
Platycercus elegans,Blue-cheeked Rosella,Bird,2479311,confident,GBIF Backbone Taxonomy,Crimson Rosella,
Platycercus eximius,Eastern Rosella,Bird,2479329,confident,GBIF Backbone Taxonomy,Eastern Rosella,
Platycercus icterotis,Western Rosella,Bird,2479320,confident,GBIF Backbone Taxonomy,Western Rosella,
Platycercus venustus,Northern Rosella,Bird,2479323,confident,GBIF Backbone Taxonomy,Northern Rosella,
Platylophus galericulatus,Crested Jay,Bird,5229486,confident,GBIF Backbone Taxonomy,Crested Jayshrike,
Platymantis vitiensis,,Amphibian,2421501,unresolved,,Fiji Tree Frog,
Plectorhyncha lanceolata,Lanceolated Honeyeater,Bird,2487236,confident,GBIF Backbone Taxonomy,Striped Honeyeater,
Plectreurys sp.,,Arachnid,2138969,requires_review,,,
Plectreurys tristis,,Arachnid,2138991,unresolved,,,
Plegadis falcinellus,,Bird,2480773,unresolved,,Glossy Ibis,
Pluvialis fulva,,Bird,2480331,unresolved,,Pacific Golden-Plover,
Pluvialis squatarola,,Bird,,unresolved,,Black-bellied Plover,
Podargus strigoides,Tawny Frogmouth,Bird,2497109,confident,GBIF Backbone Taxonomy,Tawny Frogmouth,
Podiceps cristatus,Crested Grebe,Bird,2482054,confident,GBIF Backbone Taxonomy,Great Crested Grebe,
Podoces hendersoni,Henderson's Ground Jay,Bird,5229501,confident,GBIF Backbone Taxonomy,Mongolian Ground-Jay,
Podoces panderi,Pander's Ground Jay,Bird,5229500,confident,GBIF Backbone Taxonomy,Turkestan Ground-Jay,
Poecilodryas cerviniventris,Buff-sided Robin,Bird,4846997,confident,GBIF Backbone Taxonomy,Buff-sided Robin,
Poecilodryas superciliosa,White-browed Robin,Bird,2489274,confident,GBIF Backbone Taxonomy,White-browed Robin,
Poecilogale albinucha,African Striped Weasel,Mammal,2433887,confident,GBIF Backbone Taxonomy,Striped Weasel,
Poephila acuticauda,Long-tailed Finch,Bird,5231425,confident,GBIF Backbone Taxonomy,Long-tailed Finch,
Poephila cincta,Australian Black-throated Finch,Bird,5231424,confident,GBIF Backbone Taxonomy,Black-throated Finch,
Poephila personata,,Bird,,unresolved,,Masked Finch,
Pogonomymex maricopa,,Insect,1325392,requires_review,,,
Pogonomyrmex badius,Florida harvester ant,Insect,1325394,confident,GBIF Backbone Taxonomy,Florida Harvester Ant,
Pogonomyrmex sp.,,Insect,1325341,requires_review,,,
Poliocephalus poliocephalus,Hoary Headed Grebe,Bird,2482036,confident,GBIF Backbone Taxonomy,Gray-headed Swamphen,
Polistes dominulus,,Insect,5871389,requires_review,,European Paper Wasp,
Polistes flavus,Yellow Paper Wasp,Insect,1310816,confident,GBIF Backbone Taxonomy,Yellow Paper Wasp,
Polistes fuscatus,Common Paper Wasp,Insect,1310556,confident,GBIF Backbone Taxonomy,Northern Paper Wasp,
Polistes instabilis,Guitarrilla Paper Wasp,Insect,1310836,confident,GBIF Backbone Taxonomy,Unstable Paper Wasp,
Polybia aequatorialis,,Insect,5032764,unresolved,,,
Polybia dimidiata,,Insect,5032820,unresolved,,,
Polybia emaciata,,Insect,5032844,unresolved,,,
Polybia flavitincta,,Insect,5032832,unresolved,,,
Polybia jurinei,,Insect,5032821,unresolved,,,
Polybia plebeja,,Insect,5032769,unresolved,,,
Polybia raui,,Insect,5032790,unresolved,,,
Polybia rejecta,Ferocious polybia wasp,Insect,5032861,confident,GBIF Backbone Taxonomy,Ferocious polybia wasp,
Polybia richardsi,,Insect,5032834,unresolved,,,
Polytelis alexandrae,Alexandra's Parrot,Bird,2479497,confident,GBIF Backbone Taxonomy,Princess Parrot,
Polytelis anthopeplus,Regent Parrot,Bird,2479498,confident,GBIF Backbone Taxonomy,Regent Parrot,
Polytelis swainsonii,Barraband Parakeet,Bird,2479501,confident,GBIF Backbone Taxonomy,Superb Parrot,
Pomatostomus halli,,Bird,,unresolved,,Hall's Babbler,
Pomatostomus ruficeps,Chestnut-crowned Babbler,Bird,2492267,confident,GBIF Backbone Taxonomy,Chestnut-crowned Babbler,
Pomatostomus superciliosus,White-browed Babbler,Bird,2492266,confident,GBIF Backbone Taxonomy,White-browed Babbler,
Pomatostomus temporalis,Gray-crowned Babbler,Bird,2492269,confident,GBIF Backbone Taxonomy,Grey-crowned Babbler,
Pongo pygmaeus,Bornean Orangutan,Mammal,5219532,confident,GBIF Backbone Taxonomy,Bornean Orangutan,
Popilius sp.,,Insect,4293548,requires_review,,,
Porcellio laevis,Swift woodlouse,Crustacean,6284535,confident,GBIF Backbone Taxonomy,,
Porphyrio porphyrio,Kalim,Bird,2474416,confident,GBIF Backbone Taxonomy,Swamphens and Blue Gallinules,
Porzana fluminea,Australian Crake,Bird,2474614,confident,GBIF Backbone Taxonomy,Australian Crake,
Porzana pusilla,Baillon's Crake,Bird,2474628,confident,GBIF Backbone Taxonomy,Baillon's Crake,
Potamogale velox,Giant Otter Shrew,Mammal,2432147,confident,GBIF Backbone Taxonomy,Giant Ottershrew,
Potorous platyops,Broad-faced Potoroo,Mammal,2440016,confident,GBIF Backbone Taxonomy,Broad-faced Potoroo,
Potorous tridactylus,Long-nosed Potoroo,Mammal,2440019,confident,GBIF Backbone Taxonomy,Long-nosed Potoroo,
Potos flavus,Kinkajou,Mammal,2433573,confident,GBIF Backbone Taxonomy,Kinkajou,
Prinia maculosa,KAPR,Bird,2492750,confident,GBIF Backbone Taxonomy,Karoo Prinia,
Probosciger aterrimus,Black Palm Cockatoo,Bird,2479187,confident,GBIF Backbone Taxonomy,Palm Cockatoo,
Procavia capensis,Cape Hyrax (capensis),Mammal,5219598,confident,GBIF Backbone Taxonomy,Rock Hyrax,
Procellaria aequinoctialis,Cape Hen,Bird,2481495,confident,GBIF Backbone Taxonomy,White-chinned Petrel,
Procellaria cinerea,Brown Petrel,Bird,2481500,confident,GBIF Backbone Taxonomy,Grey Petrel,
Procyon lotor,American Raccoon,Mammal,5218786,confident,GBIF Backbone Taxonomy,Common Raccoon,
Proechimys brevicauda,Huallaga Spiny Rat,Mammal,2439788,confident,GBIF Backbone Taxonomy,Huallaga Spiny Rat,
Prolemur simus,Broad-nosed Bamboo Lemur,Mammal,4266938,confident,GBIF Backbone Taxonomy,Greater Bamboo Lemur,
Propithecus coquereli,Coquerel s Sifaka,Mammal,5707433,confident,GBIF Backbone Taxonomy,Coquerel's Sifaka,
Propithecus coronatus,Crowned Sifaka,Mammal,5786024,confident,GBIF Backbone Taxonomy,Crowned Sifaka,
Protambulyx strigilis,Streaked Sphinx,Insect,1862547,confident,GBIF Backbone Taxonomy,,
Proteles cristata,Aardwolf,Mammal,2433502,confident,GBIF Backbone Taxonomy,Southern Aardwolf,
Protopolybia exigua,,Insect,1311872,unresolved,,,
Psaltriparus minimus,American Bushtit,Bird,2494988,confident,GBIF Backbone Taxonomy,Bushtit,
Psammodromus algirus,Algerian Psammodromus,Reptile,2469763,confident,GBIF Backbone Taxonomy,Large Psammodromus,
Psammodromus hispanicus,Central Iberian Sand Racer,Reptile,7917188,confident,GBIF Backbone Taxonomy,,
Psephotus chrysopterygius,Golden-shouldered Parakeet,Bird,2480088,confident,GBIF Backbone Taxonomy,Golden-shouldered Parrot,
Psephotus dissimilis,Hooded Parrot,Bird,2480092,confident,GBIF Backbone Taxonomy,Hooded Parrot,
Psephotus haematonotus,Grass Parrot,Bird,2480089,confident,GBIF Backbone Taxonomy,Red-rumped Parrot,
Psephotus varius,Mulga Parrot,Bird,2480086,confident,GBIF Backbone Taxonomy,Mulga Parrot,
Pseudacris triseriata,Midland Chorus Frog,Amphibian,2428141,confident,GBIF Backbone Taxonomy,Boreal Chorus Frog,
Pseudoautomeris salmonea,,Insect,1864852,requires_review,,,
Pseudocheirus occidentalis,Ngwayir,Mammal,4825917,confident,GBIF Backbone Taxonomy,Western Ring-tailed Possum,
Pseudocheirus peregrinus,Common Ring-tailed Possum,Mammal,2440062,confident,GBIF Backbone Taxonomy,Common Ring-tailed Possum,
Pseudochirops albertisii,D Albertis Ringtail,Mammal,2440078,confident,GBIF Backbone Taxonomy,D'Albertis' Ringtail,
Pseudochirops archeri,Green Ring-tailed Possum,Mammal,2440076,confident,GBIF Backbone Taxonomy,Green Ringtail,
Pseudochirops corinnae,Golden Ringtail Possum,Mammal,2440072,confident,GBIF Backbone Taxonomy,Plush-coated Ringtail,
Pseudochirops coronatus,Reclusive Ring-tailed Possum,Mammal,2440082,confident,GBIF Backbone Taxonomy,Reclusive Ringtail,
Pseudochirops cupreus,Coppery Ring-tailed Possum,Mammal,2440077,confident,GBIF Backbone Taxonomy,Coppery Ringtail,
Pseudochirulus canescens,Lowland Ring-tailed Possum,Mammal,2440088,confident,GBIF Backbone Taxonomy,Lowland Ring-tailed Possum,
Pseudochirulus caroli,Weyland Ring-tailed Possum,Mammal,2440101,confident,GBIF Backbone Taxonomy,Weyland Ring-tailed Possum,
Pseudochirulus forbesi,Moss-forest Ringtail,Mammal,2440086,confident,GBIF Backbone Taxonomy,Painted Ring-tailed Possum,
Pseudochirulus herbertensis,Herbert River Ring-tailed Possum,Mammal,2440099,confident,GBIF Backbone Taxonomy,Herbert River Ring-tailed Possum,
Pseudochirulus mayeri,Pygmy Ring-tailed Possum,Mammal,2440084,confident,GBIF Backbone Taxonomy,Pygmy Ring-tailed Possum,
Pseudochirulus schlegeli,Arfak Ring-tailed Possum,Mammal,2440097,confident,GBIF Backbone Taxonomy,Vogelkop Ring-tailed Possum,
Pseudomyrmex sp.1,,Insect,1327003,requires_review,,,
Pseudomyrmex sp.2,,Insect,1327003,requires_review,,,
Pseudomyrmex sp.3,,Insect,1327003,requires_review,,,
Pseudonaja nuchalis,Gwardar,Reptile,2450217,confident,GBIF Backbone Taxonomy,Dugite,
Psilochorus utahensis,,Arachnid,2149795,unresolved,,,
Psilorhinus morio,Brown Jay,Bird,5229495,confident,GBIF Backbone Taxonomy,Brown Jay,
Psitteuteles versicolor,,Bird,,unresolved,,Varied Lorikeet,
Psophodes cristatus,Chirruping Wedgebill,Bird,2495058,confident,GBIF Backbone Taxonomy,Chirruping Wedgebill,
Psophodes occidentalis,Chiming Wedgebill,Bird,2495059,confident,GBIF Backbone Taxonomy,Chiming Wedgebill,
Psophodes olivaceus,Eastern Whipbird,Bird,2495057,confident,GBIF Backbone Taxonomy,Eastern Whipbird,
Pterodroma brevirostris,Kerguelen petrel,Bird,2481441,confident,GBIF Backbone Taxonomy,Kerguelen Petrel,
Pterodroma hypoleuca,Bonin Petrel,Bird,2481470,confident,GBIF Backbone Taxonomy,Bonin Petrel,
Pterodroma lessonii,White-headed Petrel,Bird,2481480,confident,GBIF Backbone Taxonomy,White-headed Petrel,
Pterodroma leucoptera,Collared Petrel,Bird,2481452,confident,GBIF Backbone Taxonomy,Gould's Petrel,
Pterodroma macroptera,Great-winged Petrel,Bird,2481481,confident,GBIF Backbone Taxonomy,Grey-faced Petrel,
Pterodroma mollis,Soft Plumaged Petrel,Bird,2481457,confident,GBIF Backbone Taxonomy,Soft-plumaged Petrel,
Pterohelaeus sp.,,Insect,4573598,requires_review,,,
Pteronotus davyi,Davy's Naked-backed Bat,Mammal,5218622,confident,GBIF Backbone Taxonomy,Tawny Naked-backed Bat,
Pteropus edwarsi,,Mammal,2432854,requires_review,,,
Pteropus giganteus,Indian Flying Fox,Mammal,5218642,confident,GBIF Backbone Taxonomy,Indian Flying Fox,
Pteropus vampyru,,Mammal,,unresolved,,Large Flying-fox,
Ptilinopus magnificus,Wompoo Fruit Dove,Bird,2495643,confident,GBIF Backbone Taxonomy,Wompoo Fruit Dove,
Ptilinopus regina,Rose-crowned Fruit Dove,Bird,2495614,confident,GBIF Backbone Taxonomy,Rose-crowned Fruit Dove,
Ptilinopus superbus,Eastern Superb Fruit-dove,Bird,2495594,confident,GBIF Backbone Taxonomy,Superb Fruit Dove,
Ptilonorhynchus maculatus,,Bird,,unresolved,,Spotted Bowerbird,
Ptilonorhynchus nuchalis,,Bird,9970525,unresolved,,Great Bowerbird,
Ptilonorhynchus violaceus,Satin Bowerbird,Bird,5231665,confident,GBIF Backbone Taxonomy,Satin Bowerbird,
Ptiloris magnificus,Magnificent Riflebird,Bird,2494897,confident,GBIF Backbone Taxonomy,Magnificent Riflebird,
Ptiloris paradiseus,Paradise Riflebird,Bird,2494898,confident,GBIF Backbone Taxonomy,Paradise Riflebird,
Ptiloris victoriae,Queen Victoria riflebird,Bird,2494896,confident,GBIF Backbone Taxonomy,Victoria's Riflebird,
Ptilostomus afer,Piapiac,Bird,2482461,confident,GBIF Backbone Taxonomy,Piapiac,
Ptyodactylus hasselquistii,Common fan-footed gecko,Reptile,8705240,confident,GBIF Backbone Taxonomy,Yellow Fan-fingered Gecko,
Puffinus gavia,Black-vented or Fluttering Shearwater,Bird,5229341,confident,GBIF Backbone Taxonomy,Fluttering Shearwater,
Puffinus griseus,Sooty Shear Water,Bird,5739277,confident,GBIF Backbone Taxonomy,Sooty Shearwater,
Puffinus nativitatis,Christmas Island Shearwater,Bird,5229340,confident,GBIF Backbone Taxonomy,Christmas Shearwater,
Puma concolor,American Lion,Mammal,2435099,confident,GBIF Backbone Taxonomy,Mountain Lion,
Purnella albifrons,White-fronted Honeyeater,Bird,6094315,confident,GBIF Backbone Taxonomy,White-fronted Honeyeater,
Purpureicephalus spurius,Red-capped Parrot,Bird,2479363,confident,GBIF Backbone Taxonomy,Red-capped Parrot,
Pycnonotus capensis,CABU,Bird,2486138,confident,GBIF Backbone Taxonomy,Cape Bulbul,
Pycnonotus finlaysoni,Stripe-throated Bulbul,Bird,2486127,confident,GBIF Backbone Taxonomy,Stripe-throated Bulbul,
Pycnonotus goiavier,,Bird,,unresolved,,Yellow-vented Bulbul,
Pycnonotus jocosus,,Bird,2486151,unresolved,,Red-whiskered Bulbul,
Pycnoptilus floccosus,Pilotbird,Bird,2486595,confident,GBIF Backbone Taxonomy,Pilotbird,
Pygoscelis adeliae,Adelie Penguin,Bird,2481663,confident,GBIF Backbone Taxonomy,Adelie Penguin,
Pyroderus scutatus,Indian Crow,Bird,2486243,confident,GBIF Backbone Taxonomy,Red-ruffed Fruitcrow,
Pyrrhocorax graculus,Alpine Chough,Bird,2482553,confident,GBIF Backbone Taxonomy,Yellow-billed Chough,
Pyrrhocorax pyrrhocorax,Chough,Bird,2482552,confident,GBIF Backbone Taxonomy,Choughs,
Pyrrholaemus brunneus,Redthroat,Bird,2486589,confident,GBIF Backbone Taxonomy,Redthroat,
Python bivittatus,Banana Snake,Reptile,4820533,confident,GBIF Backbone Taxonomy,Burmese Python,
Python molurus,Asian Rock Python,Reptile,2465369,confident,GBIF Backbone Taxonomy,Burmese Python,
Quiscalus quiscula aeneus,,Bird,2484155,requires_review,,,
Ramsayornis modestus,Brown-backed Honeyeater,Bird,2486877,confident,GBIF Backbone Taxonomy,Brown-backed Honeyeater,
Rana catesbeiana,American Bullfrog,Amphibian,2427092,confident,GBIF Backbone Taxonomy,American Bullfrog,
Rana clamitans,Green Frog,Amphibian,2427174,confident,GBIF Backbone Taxonomy,Green Frog,
Rana pipiens,Northern Leopard Frog,Amphibian,2427186,confident,GBIF Backbone Taxonomy,Northern Leopard Frog,
Rana sylvatica,Wood Frog,Amphibian,2427077,confident,GBIF Backbone Taxonomy,Wood Frog,
Rangifer tarandus,Caribou,Mammal,5220114,confident,GBIF Backbone Taxonomy,Caribou,
Raphicerus campestris,Limpopo Grysbok,Mammal,2441141,confident,GBIF Backbone Taxonomy,Steenbok,
Rattus norvegicus,Brown Rat,Mammal,2439261,confident,GBIF Backbone Taxonomy,Brown Rat,
Rattus sp.,,Mammal,2439223,requires_review,,,
Recurvirostra novaehollandiae,Australian Red Necked Avocet,Bird,2480257,confident,GBIF Backbone Taxonomy,Red-necked Avocet,
Requena verticalis,Common Western Requena,Insect,1685970,confident,GBIF Backbone Taxonomy,,
Reticlitermes flavipes,,Insect,2007366,requires_review,,,
Rhescyntis hippodamia,,Insect,1865837,unresolved,,,
Rhinolophus hipposideros,Lesser Horseshoe Bat,Mammal,2432614,confident,GBIF Backbone Taxonomy,Lesser Horseshoe Bat,
Rhinomyias gularis,Eyebrowed Jungle Flycatcher,Bird,2492665,confident,GBIF Backbone Taxonomy,Eyebrowed Jungle-Flycatcher,
Rhinonicteris aurantia,Go den H rseshoe Bat Orange H rseshoe Bat Orange Leaf n sed Bar P barn Leal nosed Bat,Mammal,2432738,confident,GBIF Backbone Taxonomy,Orange Leaf-nosed Bat,
Rhinophrynus dorsalis,Burrowing Toad,Amphibian,2426369,confident,GBIF Backbone Taxonomy,Mexican Burrowing Toad,
Rhipidura albicollis,White-throated Fantail,Bird,5231750,confident,GBIF Backbone Taxonomy,White-throated Fantail,
Rhipidura albiscapa,Gray Fantail,Bird,9283578,confident,GBIF Backbone Taxonomy,Grey Fantail,
Rhipidura fuliginosa,,Bird,,unresolved,,New Zealand Fantail,
Rhipidura leucophrys,Black-and-white Fantail,Bird,5231722,confident,GBIF Backbone Taxonomy,Willie Wagtail,
Rhipidura rufifrons,Australian Rufous Fantail,Bird,5231742,confident,GBIF Backbone Taxonomy,Australian Rufous Fantail,
Rhipidura rufiventris,,Bird,,unresolved,,Northern Fantail,
Rhodnius prolixus,,Insect,8743956,unresolved,,,
Rhynchocyon petersi,Black and Rufous Elephant Shrew,Mammal,5220100,confident,GBIF Backbone Taxonomy,Black-and-rufous Sengi,
Rhynchocyon stuhlmanni,,Mammal,,unresolved,,White-tailed Sengi,
Rhyncholestes raphanurus,Chilean 'shrew' opossum,Mammal,2433370,confident,GBIF Backbone Taxonomy,Chilean Shrew Opossum,
Rhynchomeles prattorum,Ceram Bandicoot,Mammal,2435315,confident,GBIF Backbone Taxonomy,Ceram Island Long-nosed Bandicoot,
Rhynchonycteris naso,Brazilian Long-nosed Bat,Mammal,2433095,confident,GBIF Backbone Taxonomy,Proboscis Bat,
Rhytinota praelonga,,Insect,8413099,requires_review,,,
Rostratula australis,Australian Painted Snipe,Bird,4849640,confident,GBIF Backbone Taxonomy,Australian Painted-Snipe,
Rothschildea orizaba,,Insect,5806244,requires_review,,,
Rousettus aegyptiacus,Egyptian Fruit Bat,Mammal,2432953,confident,GBIF Backbone Taxonomy,Egyptian Rousette,
Rubrisciurus rubriventer,Ardilla gigante de Célebes,Mammal,2437286,confident,GBIF Backbone Taxonomy,Sulawesi Giant Squirrel,
Rusa timorensis,Javan Deer,Mammal,4262397,confident,GBIF Backbone Taxonomy,Javan Rusa,
Saccopteryx bilineata,Greater Sac-Winged Bat,Mammal,5218731,confident,GBIF Backbone Taxonomy,Greater Sac-winged Bat,
Saguinus geoffroyi,Geoffroy s Tamarin,Mammal,2436466,confident,GBIF Backbone Taxonomy,Geoffroy’s Tamarin,
Saguinus oedipus,Cotton-headed Tamarin,Mammal,2436469,confident,GBIF Backbone Taxonomy,Cotton-headed Tamarin,
Saimiri boliviensis,Black-capped Squirrel Monkey,Mammal,2436663,confident,GBIF Backbone Taxonomy,Black-capped Squirrel Monkey,
Saimiri oerstedii,Black-crowned Central American Squirrel Monkey,Mammal,2436664,confident,GBIF Backbone Taxonomy,Central American Squirrel Monkey,
Saimiri sciureus,Collins's Squirrel Monkey,Mammal,2436661,confident,GBIF Backbone Taxonomy,Common Squirrel Monkey,
Sapajus libidinosus,Bearded Capuchin,Mammal,7785578,confident,GBIF Backbone Taxonomy,Black-striped Capuchin,
Saprinus sp.,,Insect,1044805,requires_review,,,
Sarcophilus harrisii,Bear Devil,Mammal,2435451,confident,GBIF Backbone Taxonomy,Tasmanian Devil,
Sarinda hentzi,,Arachnid,2177085,unresolved,,,
Sauromalus hispidus,Angel Island chuckwalla,Reptile,2459711,confident,GBIF Backbone Taxonomy,Black Chuckwalla,
Sayornis phoebe,,Bird,,unresolved,,Eastern Phoebe,
Scalopus aquaticus,Common American Shrew Mole,Mammal,2436230,confident,GBIF Backbone Taxonomy,Eastern Mole,
Scarabaeus bacchus,,Insect,5811340,unresolved,,,
Scarabaeus flavicornis,,Insect,4997077,unresolved,,,
Scarabaeus rusticus,,Insect,4996974,unresolved,,,
Sceloporus occidentalis,Pacific blue-bellied lizard,Reptile,2451234,confident,GBIF Backbone Taxonomy,Western Fence Lizard,
Sceloporus olivaceus,Texas Spiny Lizard,Reptile,2451154,confident,GBIF Backbone Taxonomy,Texas Spiny Lizard,
Scenopoeetes dentirostris,Stagemaker,Bird,2494792,confident,GBIF Backbone Taxonomy,Tooth-billed Bowerbird,
Schistocerca gregaria,Desert Locust,Insect,1707320,confident,GBIF Backbone Taxonomy,Desert Locust,
Schizocosa pacifica,,Arachnid,8018852,unresolved,,,
Scincella lateralis,Girard's Ground Skink,Reptile,2461434,confident,GBIF Backbone Taxonomy,Little Brown Skink,
Scincus scincus,Burrowing Sand Skink,Reptile,8961476,confident,GBIF Backbone Taxonomy,Little Brown Skink,
Sciurus aberti,Abert's Squirrel,Mammal,5219667,confident,GBIF Backbone Taxonomy,Abert's Squirrel,
Sciurus niger,American Fox Squirrel,Mammal,5219683,confident,GBIF Backbone Taxonomy,Eastern Fox Squirrel,
Scolopendra michelbacheri,,Centipede,5179367,unresolved,,,
Scopus umbretta,Hamerkop,Bird,5229154,confident,GBIF Backbone Taxonomy,Hamerkop,
Scotophilus gigas,,Mammal,1,requires_review,,,
Scythrops novaehollandiae,Channel Billed Cuckoo,Bird,2496204,confident,GBIF Backbone Taxonomy,Channel-billed Cuckoo,
Semnopithecus entellus,Bengal Gray Langur,Mammal,2436564,confident,GBIF Backbone Taxonomy,Bengal Sacred Langur,
Sericomyrmex sp.,,Insect,1316616,requires_review,,,
Sericornis citreogularis,Yellow-throated Scrubwren,Bird,2486597,confident,GBIF Backbone Taxonomy,Yellow-throated Scrubwren,
Sericornis frontalis,Spotted Scrubwren,Bird,2486602,confident,GBIF Backbone Taxonomy,White-browed Scrubwren,
Sericornis magnirostra,Large-billed Scrubwren,Bird,7341498,confident,GBIF Backbone Taxonomy,Large-billed Scrubwren,
Sericornis magnirostris,,Bird,2486607,unresolved,,Large-billed Scrubwren,
Sericulus chrysocephalus,Regent Bowerbird,Bird,2494814,confident,GBIF Backbone Taxonomy,Regent Bowerbird,
Serinus albogularis,White-throated Canary,Bird,5231487,confident,GBIF Backbone Taxonomy,White-throated Canary,
Serinus canaria,Atlantic Canary,Bird,2494303,confident,GBIF Backbone Taxonomy,Island Canary,
Serinus flaviventris,Yellow Canary,Bird,5231556,confident,GBIF Backbone Taxonomy,Yellow Canary,
Setifer setosus,Grand Tenrec-hérisson,Mammal,5218437,confident,GBIF Backbone Taxonomy,Greater Hedgehog Tenrec,
Setonix brachyurus,Quokka,Mammal,2440110,confident,GBIF Backbone Taxonomy,Quokka,
Setophaga coronata,Butterbutt,Bird,7341805,confident,GBIF Backbone Taxonomy,Yellow-rumped Warbler,
Sialia mexicana,,Bird,2490936,unresolved,,Western Bluebird,
Sialia sialis,Blue-bird,Bird,2490941,confident,GBIF Backbone Taxonomy,Eastern Bluebird,
Sisyphus fasciculatus,,Insect,4996814,unresolved,,,
Sitta canadensis,Red-Breasted Nuthatch,Bird,2484879,confident,GBIF Backbone Taxonomy,Red-breasted Nuthatch,
Sitta carolinensis,Devil Downhead,Bird,2484892,confident,GBIF Backbone Taxonomy,White-breasted Nuthatch,
Slaterocoris sp.,,Insect,2009336,requires_review,,,
Smicronyx imbricata,,Insect,1217515,requires_review,,,
Smicrornis brevirostris,Weebill,Bird,2486541,confident,GBIF Backbone Taxonomy,Weebill,
Sminthopsis bindi,Kakadu Dunnart,Mammal,2435404,confident,GBIF Backbone Taxonomy,Kakadu Dunnart,
Sminthopsis crassicaudata,Fat-tailed Dunnart,Mammal,2435393,confident,GBIF Backbone Taxonomy,Fat-tailed Dunnart,
Sminthopsis douglasi,Julia Creek Dunnart,Mammal,2435406,confident,GBIF Backbone Taxonomy,Julia Creek Dunnart,
Sminthopsis griseoventer,Boullanger Island Dunnart,Mammal,2435401,confident,GBIF Backbone Taxonomy,Grey-bellied Dunnart,
Sminthopsis hirtipes,Fringe-footed Sminthopsis,Mammal,2435408,confident,GBIF Backbone Taxonomy,Hairy-footed Dunnart,
Sminthopsis leucopus,Rippsohlen-Schmalful 3 beutelmaus,Mammal,2435409,confident,GBIF Backbone Taxonomy,White-footed Dunnart,
Sminthopsis macroura,Darling Downs Dunnart,Mammal,2435402,confident,GBIF Backbone Taxonomy,Stripe-faced Dunnart,
Sminthopsis murina,Common Dunnart,Mammal,2435410,confident,GBIF Backbone Taxonomy,Slender-tailed Dunnart,
Sminthopsis virginiae,Eastern Red-cheeked Dunnart,Mammal,2435387,confident,GBIF Backbone Taxonomy,Red-cheeked Dunnart,
Solenodon paradoxus,Haitian Solenodon,Mammal,5219470,confident,GBIF Backbone Taxonomy,Hispaniolan Solenodon,
Solenopsis invicta,Argentinian Fire Ant,Insect,5035230,confident,GBIF Backbone Taxonomy,Red Imported Fire Ant,
Solenopsis sp.1,,Insect,5035071,requires_review,,,
Solenopsis sp.2,,Insect,5035071,requires_review,,,
Sorex araneus,Common Shrew,Mammal,8316400,confident,GBIF Backbone Taxonomy,Common Shrew,
Sorex minutus,Eurasian Pygmy Shrew,Mammal,7571319,confident,GBIF Backbone Taxonomy,Eurasian Pygmy Shrew,
Spalacopus cyanus,Coruro,Mammal,2439602,confident,GBIF Backbone Taxonomy,Coruro,
Spalax ehrenbergi,Middle East Blind Mole Rat,Mammal,4264694,confident,GBIF Backbone Taxonomy,Middle Eastern Molerat,
Spermophilus tridecemlineatus,Thirteen-lined Ground Squirrel,Mammal,2437302,confident,GBIF Backbone Taxonomy,Thirteen-lined Ground Squirrel,
Sphaeriontis dilatata,,Insect,4762841,requires_review,,,
Sphaerodactylus cinereus,Gray Gecko,Reptile,2445356,confident,GBIF Backbone Taxonomy,,
Sphaerodactylus notatus,Brown-speckled Least Gecko,Reptile,2445379,confident,GBIF Backbone Taxonomy,Reef Gecko,
Sphecotheres vieilloti,Australasian Figbird,Bird,7340924,confident,GBIF Backbone Taxonomy,Australasian Figbird,
Spheniscus humboldti,Humboldt Penguin,Bird,5229386,confident,GBIF Backbone Taxonomy,Humboldt Penguin,
Sphenoeacus afer,CAGR,Bird,2493014,confident,GBIF Backbone Taxonomy,Cape Grassbird,
Sphiggurus vestitus,Brown Hairy Dwarf Porcupine,Mammal,2437607,confident,GBIF Backbone Taxonomy,Brown Hairy Dwarf Porcupine,
Sphingicampa quadrilineata,,Insect,1866632,requires_review,,,
Spilocuscus kraemeri,Admiralty Cuscus,Mammal,2440247,confident,GBIF Backbone Taxonomy,Manus Island Spotted Cuscus,
Spilocuscus maculatus,Common Spotted Cuscus,Mammal,9818309,confident,GBIF Backbone Taxonomy,Common Spotted Cuscus,
Spilocuscus rufoniger,Black Spotted Cuscus,Mammal,2440248,confident,GBIF Backbone Taxonomy,Black-spotted Cuscus,
Spilogale arizonae,,Mammal,2434820,requires_review,,,
Spilogale gracilis,Western Spotted Skunk,Mammal,2434835,confident,GBIF Backbone Taxonomy,Desert Spotted Skunk,
Spilogale putorius,Alleghanian Spotted Skunk,Mammal,2434831,confident,GBIF Backbone Taxonomy,Alleghanian Spotted Skunk,
Spizella arborea,,Bird,,unresolved,,American Tree Sparrow,
Stachyris nigriceps,Gray-throated Babbler,Bird,2493424,confident,GBIF Backbone Taxonomy,Grey-throated Babbler,
Stagonopleura bella,Beautiful Firetail,Bird,2493731,confident,GBIF Backbone Taxonomy,Beautiful Firetail,
Steatoda medialis,,Arachnid,2157199,requires_review,,,
Stenodontes molaria,,Insect,4900419,unresolved,,,
Stenodontes sp.,,Insect,1144423,requires_review,,,
Stercorarius longicaudus,Arctic Jager,Bird,2481613,confident,GBIF Backbone Taxonomy,Long-tailed Jaeger,
Stercorarius maccormicki,,Bird,2481616,unresolved,,South Polar Skua,
Stercorarius parasiticus,Arctic Jaeger,Bird,2481621,confident,GBIF Backbone Taxonomy,Parasitic Jaeger,
Stercorarius pomarinus,Gull-hunter,Bird,2481609,confident,GBIF Backbone Taxonomy,Pomarine Jaeger,
Sterna dougallii,Dougall's Tern,Bird,5229249,confident,GBIF Backbone Taxonomy,Roseate Tern,
Sterna hirundo,Booby,Bird,9367409,confident,GBIF Backbone Taxonomy,Common Tern,
Sterna sumatrana,BNTE,Bird,5229214,confident,GBIF Backbone Taxonomy,Black-naped Tern,
Sterna vittata,ANTE,Bird,9606968,confident,GBIF Backbone Taxonomy,Antarctic Tern,
Sternula albifrons,Little Tern,Bird,5789279,confident,GBIF Backbone Taxonomy,Little Tern,
Stictonetta naevosa,Freckled Duck,Bird,2498226,confident,GBIF Backbone Taxonomy,Freckled Duck,
Stiltia isabella,Australian Pratincole,Bird,2480749,confident,GBIF Backbone Taxonomy,Australian Pratincole,
Stipiturus malachurus,Southern Emu-wren,Bird,2487565,confident,GBIF Backbone Taxonomy,Southern Emuwren,
Strategus aloeus,Aloeus Ox Beetle,Insect,4995788,confident,GBIF Backbone Taxonomy,Aloeus Ox Beetle,
Strepera fuliginosa,Black Currawong,Bird,2489447,confident,GBIF Backbone Taxonomy,Black Currawong,
Strepera graculina,Pied Currawong,Bird,2489448,confident,GBIF Backbone Taxonomy,Pied Currawong,
Strepera versicolor,Gray Currawong,Bird,2489446,confident,GBIF Backbone Taxonomy,Grey Currawong,
Strigocuscus pelengensis,Banggai Cuscus,Mammal,2440283,confident,GBIF Backbone Taxonomy,Peleng Cuscus,
Struthidea cinerea,Apostlebird,Bird,2494854,confident,GBIF Backbone Taxonomy,Apostlebird,
Struthio camelus,African Ostrich,Bird,2495150,confident,GBIF Backbone Taxonomy,Common Ostrich,
Sturnira lilium,Little Yellow-Shouldered Bat,Mammal,2433327,confident,GBIF Backbone Taxonomy,Northern Yellow-shouldered Bat,
Sturnus vulgaris,COST,Bird,9809229,confident,GBIF Backbone Taxonomy,European Starling,
Sugomel niger,Black Honeyeater,Bird,6094093,confident,GBIF Backbone Taxonomy,Black Honeyeater,
Sula leucogaster,Booby,Bird,2480975,confident,GBIF Backbone Taxonomy,Brown Booby,
Suncus murinus,Asian House Shrew,Mammal,2435520,confident,GBIF Backbone Taxonomy,Asian House Shrew,
Sus scrofa,Boar,Mammal,7705930,confident,GBIF Backbone Taxonomy,Wild Boar,
Sylvia subcaerulea,Rufous-vented Warbler,Bird,5789155,confident,GBIF Backbone Taxonomy,Chestnut-vented Warbler,
Sylvietta rufescens,CACR,Bird,2493540,confident,GBIF Backbone Taxonomy,Long-billed Crombec,
Sylvilagus audubonii,Audubon's Cottontail,Mammal,2436910,confident,GBIF Backbone Taxonomy,Desert Cottontail,
Sylvilagus gabbi,Central American Forest Rabbit,Mammal,8450537,confident,GBIF Backbone Taxonomy,Central American Tapeti,
Sylvisorex lunaris,Crescent Shrew,Mammal,2435802,confident,GBIF Backbone Taxonomy,crescent shrew,
Sylvisorex megalura,Climbing Shrew,Mammal,2435511,confident,GBIF Backbone Taxonomy,Climbing Shrew,
Syma torotoro,Yellow-billed Kingfisher,Bird,9541141,confident,GBIF Backbone Taxonomy,Yellow-billed Kingfisher,
Symposiarchus trivirgatus,,Bird,,unresolved,,,
Syncerus caffer,African Buffalo,Mammal,2441034,confident,GBIF Backbone Taxonomy,African Buffalo,
Synoeca septentrionalis,Armadillo Wasp,Insect,1311727,confident,GBIF Backbone Taxonomy,Northern Warrior Wasp,
Syspira eclectica,,Arachnid,2164073,unresolved,,,
Syssphinx molina,,Insect,,unresolved,,,
Tachybaptus novaehollandiae,Australasian Dabchick,Bird,2482043,confident,GBIF Backbone Taxonomy,Australasian Grebe,
Tachyglossus aculeatus,Australian Echidna,Mammal,2433378,confident,GBIF Backbone Taxonomy,Short-beaked Echidna,
Tachyglossus setosus,,Mammal,2433377,requires_review,,Tasmanian Echidna,
Tadarida albiventer,,Mammal,2433008,requires_review,,,
Tadorna ferruginea,,Bird,2498015,unresolved,,Ruddy Shelduck,
Tadorna radjah,Radjah Shelduck,Bird,2498012,confident,GBIF Backbone Taxonomy,Radjah Shelduck,
Tadorna tadorna,COSH,Bird,2498009,confident,GBIF Backbone Taxonomy,Typical Shelducks,
Tadorna tadornoides,Australian Shelduck,Bird,2498007,confident,GBIF Backbone Taxonomy,Australian Shelduck,
Tadorna variegate,,Bird,2498011,requires_review,,,
Taeinotes scalaris,,Insect,,unresolved,,,
Taeniopygia bichenovii,Double-barred Finch,Bird,2493634,confident,GBIF Backbone Taxonomy,Double-barred Finch,
Taeniopygia guttata,Spotted-sided Finch,Bird,2493633,confident,GBIF Backbone Taxonomy,Zebra Finch,
Talpa europaea,Common Mole,Mammal,7872906,confident,GBIF Backbone Taxonomy,European Mole,
Tamandua mexicana,Collared Anteater | Nortern Tamandua,Mammal,2436335,confident,GBIF Backbone Taxonomy,Northern Tamandua,
Tamandua tetradactyla,Collared Anteater,Mammal,2436340,confident,GBIF Backbone Taxonomy,Southern Tamandua,
Tamanduas tetradactyla,,Mammal,2436340,requires_review,,,
Tamias striatus,Ardilla Listada Oriental,Mammal,2437438,confident,GBIF Backbone Taxonomy,Eastern Chipmunk,
Tamiasciurus hudsonicus,American Red Squirrel,Mammal,2437282,confident,GBIF Backbone Taxonomy,American Red Squirrel,
Tanaocerus koebeli,,Insect,1715976,requires_review,,,
Tanysiptera sylvia,Buff-breasted Paradise Kingfisher,Bird,2475639,confident,GBIF Backbone Taxonomy,Buff-breasted Paradise Kingfisher,
Tapinoma melanocephalum,"Black-headed ant, Ghost ant",Insect,1316805,confident,GBIF Backbone Taxonomy,Ghost Ant,
Tarentola mauritanica,Common Wall Gecko,Reptile,2445034,confident,GBIF Backbone Taxonomy,Moorish Gecko,
Tarsipes rostratus,Honey Mouse,Mammal,2440056,confident,GBIF Backbone Taxonomy,Honey Possum,
Tarsius bancanus,Horsfield s Tarsier,Mammal,2436487,confident,GBIF Backbone Taxonomy,Horsfield's Tarsier,
Tarsius spectrum,Spectral Tarsier,Mammal,2436486,confident,GBIF Backbone Taxonomy,Gursky's Spectral Tarsier,
Tatera afra,Cape gerbil,Mammal,2438132,confident,GBIF Backbone Taxonomy,Cape Gerbil,
Taxidea taxus,American Badger,Mammal,2434102,confident,GBIF Backbone Taxonomy,American Badger,
Teleogryllus commodus,Black Field Cricket,Insect,1723473,confident,GBIF Backbone Taxonomy,Australian Black Field Cricket,
Telophorus zeylonus,Bokmakierie,Bird,2484853,confident,GBIF Backbone Taxonomy,Bokmakierie,
Tenrec ecaudatus,Common Tenrec,Mammal,5218435,confident,GBIF Backbone Taxonomy,Tailless Tenrec,
Terrapene ornata,Ornate Box Turtle,Reptile,2443168,confident,GBIF Backbone Taxonomy,Ornate Box Turtle,
Testudo gracea,,Reptile,11696477,unresolved,,,
Testudo graeca,Common Tortoise,Reptile,2441461,confident,GBIF Backbone Taxonomy,Hermann's Tortoise,
Testudo hermanni,Eastern Hermann’s Tortoise [boettgeri],Reptile,2441454,confident,GBIF Backbone Taxonomy,Hermann's Tortoise,
Tetramorium caespitum,Pavement Ant,Insect,1323381,confident,GBIF Backbone Taxonomy,Pavement Ants,
Tetranychus cinnabarinus,,Arachnid,2130191,unresolved,,Carmine Spider Mite,
Thalassarche cauta,,Bird,2481401,unresolved,,Shy Albatross,
Thalassarche chrysostoma,Gray-headed Albatross,Bird,2481408,confident,GBIF Backbone Taxonomy,Gray-headed Albatross,
Thalasseus bergii,Crested Tern,Bird,5789283,confident,GBIF Backbone Taxonomy,Great Crested Tern,
Thamnophilus punctatus,Northern Slaty Antshrike,Bird,5959204,confident,GBIF Backbone Taxonomy,Northern Slaty-Antshrike,
Thamnophis butleri,Butler's Garter Snake,Reptile,2457520,confident,GBIF Backbone Taxonomy,Butler's Garter Snake,
Thamnophis sirtalis,Common Garter Snake,Reptile,2457522,confident,GBIF Backbone Taxonomy,Common Garter Snake,
Thinornis rubricollis,Hooded Dotterel,Bird,4849941,confident,GBIF Backbone Taxonomy,Hooded Plover,
Thomomys sp.,,Mammal,2439381,requires_review,,Alpine Pocket Gopher,
Threskiornis molucca,Australian Bin Chicken,Bird,2480765,confident,GBIF Backbone Taxonomy,Australian Ibis,
Threskiornis spinicollis,,Bird,,unresolved,,Straw-necked Ibis,
Thylacinus cynocephalus,Tasmanian tiger,Mammal,2435474,confident,GBIF Backbone Taxonomy,Thylacine,
Thylamys elegans,Chilean Mouse Opossum,Mammal,2439908,confident,GBIF Backbone Taxonomy,Elegant Fat-tailed Mouse Opossum,
Thylamys pallidior,Fenestra's Fat-tailed Mouse Opossum,Mammal,2439916,confident,GBIF Backbone Taxonomy,White-bellied Fat-tailed Mouse Opossum,
Thylogale billardieri,,Mammal,2440162,requires_review,,Rufous-bellied Pademelon,
Thylogale browni,Brown s Pademelon,Mammal,2440169,confident,GBIF Backbone Taxonomy,Brown's Pademelon,
Thylogale brunii,Dusky Pademelon,Mammal,2440170,confident,GBIF Backbone Taxonomy,Dusky Pademelon,
Thylogale stigmatica,Pademelon,Mammal,2440164,confident,GBIF Backbone Taxonomy,Red-legged Pademelon,
Thylogale thetis,Pademelon Wallaby,Mammal,2440161,confident,GBIF Backbone Taxonomy,Red-necked Pademelon,
Tiliqua rugosa,Bobtail,Reptile,2462522,confident,GBIF Backbone Taxonomy,Shingleback,
Titaea tamerlan,,Insect,5124873,unresolved,,,
Todiramphus chloris,Asian Collared Kingfisher,Bird,2475742,confident,GBIF Backbone Taxonomy,Collared Kingfisher,
Todiramphus macleayii,Forest Kingfisher,Bird,2475735,confident,GBIF Backbone Taxonomy,Forest Kingfisher,
Todiramphus pyrrhopygius,Red-backed Kingfisher,Bird,2475733,confident,GBIF Backbone Taxonomy,Red-backed Kingfisher,
Todiramphus sanctus,Sacred Kingfisher,Bird,2475802,confident,GBIF Backbone Taxonomy,Sacred Kingfisher,
Tolypeutes matacus,Azara's Domed Armadillo,Mammal,2440792,confident,GBIF Backbone Taxonomy,Southern Three-banded Armadillo,
Trachemys scripta,Common Slider,Reptile,2443002,confident,GBIF Backbone Taxonomy,Pond Slider,
Trachymyrmex coniktzi,,Insect,1326422,requires_review,,,
Trachymyrmex sp.1,,Insect,1326422,requires_review,,,
Trachymyrmex sp.2,,Insect,1326422,requires_review,,,
Trachymyrmex zeteki,,Insect,1326464,unresolved,,,
Trachypithecus francoisi,Black Leaf Monkey,Mammal,2436539,confident,GBIF Backbone Taxonomy,François' Lutung,
Trachysomus peregrinus,,Insect,1146123,unresolved,,,
Tragelaphus eurycerus,Bongo,Mammal,5220180,confident,GBIF Backbone Taxonomy,Bongo,
Tragelaphus sylvaticus,Cape Bushbuck,Mammal,11378190,confident,GBIF Backbone Taxonomy,Southern Bushbuck,
Tragulus javanicus,Java Mouse-deer,Mammal,5220187,confident,GBIF Backbone Taxonomy,Javan Chevrotain,
Tramea carolina,Carolina Saddlebags,Insect,1428483,confident,GBIF Backbone Taxonomy,Carolina Saddlebags,
Tregellasia capito,Pale-yellow Robin,Bird,2489283,confident,GBIF Backbone Taxonomy,Pale-yellow Robin,
Tregellasia leucops,White-faced Robin,Bird,2489284,confident,GBIF Backbone Taxonomy,White-faced Robin,
Triaenogenius sculpturatus,,Insect,8020588,unresolved,,,
Tribonyx ventralis,Black-tailed Native-hen,Bird,2474778,confident,GBIF Backbone Taxonomy,Black-tailed Nativehen,
Trichastoma pyrrogenys,,Bird,5788960,unresolved,,Temminck's Babbler,
Trichodere cockerelli,White-streaked Honeyeater,Bird,2487198,confident,GBIF Backbone Taxonomy,White-streaked Honeyeater,
Trichoglossus chlorolepidotus,Scaly-breasted Lorikeet,Bird,2479704,confident,GBIF Backbone Taxonomy,Scaly-breasted Lorikeet,
Trichoglossus haematodus,Coconut Lorikeet,Bird,2479686,confident,GBIF Backbone Taxonomy,Rainbow Lorikeet,
Trichomys apereoides,,Mammal,11311868,requires_review,,,
Trichoniscus pusillus,Common Pygmy Woodlouse,Crustacean,2207872,confident,GBIF Backbone Taxonomy,Common Pygmy Woodlouse,
Trichosurus caninus,Bobuck,Mammal,2440251,confident,GBIF Backbone Taxonomy,Short-eared Brush-tailed Possum,
Trichosurus fuliginosus,,Mammal,2440250,requires_review,,Tasmanian Brush-tailed Possum,
Trichosurus vulpecula,Australian Brushtail Possum,Mammal,2440254,confident,GBIF Backbone Taxonomy,Common Brushtail Possum,
Trichys fasciculata,Asian Long-tailed Porcupine,Mammal,2439429,confident,GBIF Backbone Taxonomy,Long-tailed Porcupine,
Trimerotropis sp.,,Insect,9793490,requires_review,,Thomas' Slender Grasshopper,
Tringa brevipes,Gray-tailed Tattler,Bird,2481722,confident,GBIF Backbone Taxonomy,Grey-tailed Tattler,
Tringa glareola,,Bird,2481713,unresolved,,Wood Sandpiper,
Tringa incana,Wandering (Alaskan) Tattler,Bird,9733156,confident,GBIF Backbone Taxonomy,Wandering Tattler,
Tringa nebularia,Common Greenshank,Bird,2481726,confident,GBIF Backbone Taxonomy,Common Greenshank,
Tringa ochropus,,Bird,2481728,unresolved,,Green Sandpiper,
Tringa stagnatilis,,Bird,2481719,unresolved,,Marsh Sandpiper,
Triorophus laevis,,Insect,9740927,unresolved,,,
Trochilus scitulus,Black-billed Streamertail,Bird,5228505,confident,GBIF Backbone Taxonomy,Black-billed Streamertail,
Trogloderus costatus,,Insect,9768692,unresolved,,,
Trogonophis wiegmanni,Checkerboard Worm Lizard,Reptile,2451019,confident,GBIF Backbone Taxonomy,Checkerboard Worm Lizard,
Tupaia glis,,Mammal,,unresolved,,Common Treeshrew,
Tupaia javanica,Horsfield s Treeshrew,Mammal,2436298,confident,GBIF Backbone Taxonomy,Horsfield's Treeshrew,
Tupinambis teguinix,,Reptile,2471948,requires_review,,,
Turdus merula,Blackbird,Bird,2490719,confident,GBIF Backbone Taxonomy,Eurasian Blackbird,
Turdus migratorius,American Robin,Bird,9510564,confident,GBIF Backbone Taxonomy,American Robin,
Turnix melanogaster,Black-breasted Button-quail,Bird,2474966,confident,GBIF Backbone Taxonomy,Black-breasted Buttonquail,
Turnix pyrrhothorax,Red-chested Button-quail,Bird,2474967,confident,GBIF Backbone Taxonomy,Red-chested Buttonquail,
Turnix varius,Painted Buttonquail,Bird,2474976,confident,GBIF Backbone Taxonomy,Painted Buttonquail,
Turnix velox,Little Button-quail,Bird,2475016,confident,GBIF Backbone Taxonomy,Little Buttonquail,
Tympanoctomys barrerae,Plains Viscacha Rat,Mammal,2439645,confident,GBIF Backbone Taxonomy,Plains Viscacha Rat,
Tyto javanica,Eastern Barn Owl,Bird,5789316,confident,GBIF Backbone Taxonomy,Eastern Barn Owl,
Tyto longimembris,Australasian Grass-Owl,Bird,5232369,confident,GBIF Backbone Taxonomy,Australasian Grass-Owl,
Tyto novaehollandiae,Australasian Masked-owl,Bird,5232413,confident,GBIF Backbone Taxonomy,Australian Masked Owl,
Tyto tenebricosa,Greater Sooty Owl,Bird,5232358,confident,GBIF Backbone Taxonomy,Sooty Owl,
Upupa epops,COHO,Bird,2498415,confident,GBIF Backbone Taxonomy,Common Hoopoe,
Urocissa caerulea,Formosan Magpie,Bird,2482421,confident,GBIF Backbone Taxonomy,Taiwan Blue-Magpie,
Urocissa erythrorhyncha,,Bird,6100962,requires_review,,Red-billed Blue-Magpie,
Urocyon cinereoargenteus,Chacalillo Gris,Mammal,2434566,confident,GBIF Backbone Taxonomy,Gray Fox,
Uroderma bilobatum,Common Tent-making Bat,Mammal,2433156,confident,GBIF Backbone Taxonomy,Common tent-making Bat,
Urogale everetti,Mindanao Tree Shrew,Mammal,2436324,confident,GBIF Backbone Taxonomy,Mindanao Treeshrew,
Uromastyx acanthinurus,,Reptile,2466109,requires_review,,Moroccan Spiny-tailed Lizard,
Uromastyx microlepis,,Reptile,2466142,requires_review,,Egyptian Spiny–tailed Lizard,
Urosphena whiteheadi,Bornean Stubtail,Bird,2493224,confident,GBIF Backbone Taxonomy,Bornean Stubtail,
Urosticte benjamini,Purple-bibbed Whitetip,Bird,2476279,confident,GBIF Backbone Taxonomy,Purple-bibbed Whitetip,
Ursus arctos,Brown Bear,Mammal,2433433,confident,GBIF Backbone Taxonomy,Brown Bear,
Ursus maritimus,,Mammal,2433451,unresolved,,Polar Bear,
Vampyrops helleri,,Mammal,9079756,unresolved,,,
Vanellus miles,Australasian Spur-winged Plover,Bird,5229134,confident,GBIF Backbone Taxonomy,Masked Lapwing,
Vanellus tricolor,Banded Lapwing,Bird,5229135,confident,GBIF Backbone Taxonomy,Banded Lapwing,
Varanus albigularis,,Reptile,,unresolved,,Rock Monitor,
Varanus giganteus,Perentie,Reptile,2470739,confident,GBIF Backbone Taxonomy,Perentie,
Varanus gilleni,Pigmy mulga monitor,Reptile,2470711,confident,GBIF Backbone Taxonomy,Pygmy Mulga Monitor,
Varanus gouldii,Gould's Goanna,Reptile,8875670,confident,GBIF Backbone Taxonomy,Sand Monitor,
Varanus griseus,Agra Lizard,Reptile,9628941,confident,GBIF Backbone Taxonomy,Desert Monitor,
Varanus mertensi,Mertens' Water Monitor,Reptile,2470735,confident,GBIF Backbone Taxonomy,Mertens' Water Monitor,
Varanus panoptes,Yellow-spotted Monitor,Reptile,2470772,confident,GBIF Backbone Taxonomy,Yellow-spotted Monitor,
Varanus rosenbergi,Heath Monitor,Reptile,2470793,confident,GBIF Backbone Taxonomy,Heath Monitor,
Vespertilio murinus,Eurasian Parti-colored Bat,Mammal,2432564,confident,GBIF Backbone Taxonomy,Particoloured Bat,
Vespertilio serotinus,,Mammal,9205248,unresolved,,,
Vieta bulbifera,,Insect,10785222,unresolved,,,
Vieta muscosa,,Insect,10836422,unresolved,,,
Vipera aspis,,Reptile,,unresolved,,Asp Viper,
Vipera berus,,Reptile,,unresolved,,Adder,
Viverra tangalunga,Malay Civet,Mammal,5219330,confident,GBIF Backbone Taxonomy,Malay Civet,
Vombatus ursinus,Bare-nosed Wombat,Mammal,2440301,confident,GBIF Backbone Taxonomy,Bare-nosed Wombat,
Vormela peregusna,European Marbled Polecat,Mammal,2433709,confident,GBIF Backbone Taxonomy,Marbled Polecat,
Vulpes fulva,,Mammal,5219282,requires_review,,Red Fox,
Vulpes lagopus,Arctic Fox,Mammal,5219303,confident,GBIF Backbone Taxonomy,Arctic Fox,
Vulpes vulpes,American Cross Fox,Mammal,5219243,confident,GBIF Backbone Taxonomy,Typical Foxes,
Vulpes zerda,Fennec,Mammal,5219310,confident,GBIF Backbone Taxonomy,Fennec Fox,
Wallabia bicolor,Black Wallaby,Mammal,2440149,confident,GBIF Backbone Taxonomy,Swamp Wallaby,
Wasmannia aurpunctata,,Insect,1315391,requires_review,,,
Wyulda squamicaudata,Ilangnalya,Mammal,2440239,confident,GBIF Backbone Taxonomy,Scaly-tailed Possum,
Xanthotis flaviventer,Tawny-breasted Honeyeater,Bird,2487213,confident,GBIF Backbone Taxonomy,Tawny-breasted Honeyeater,
Xanthotis macleayana,,Bird,2487223,requires_review,,Macleay's Honeyeater,
Xenambyx laticauda,,Insect,1156614,unresolved,,,
Xenopus laevis,African Clawed Frog,Amphibian,5217334,confident,GBIF Backbone Taxonomy,African Clawed Frog,
Xenus cinereus,,Bird,2481703,unresolved,,Terek Sandpiper,
Xiphorhynchus guttatus,Buff-Throated Woodcreeper,Bird,5230139,confident,GBIF Backbone Taxonomy,Buff-throated Woodcreeper,
Xylophanes chiron,Leafy Sphinx,Insect,1862123,confident,GBIF Backbone Taxonomy,Leafy Sphinx,
Xylophanes libya,,Insect,1862187,unresolved,,,
Xylophanes pluto,Pluto Sphinx,Insect,1862181,confident,GBIF Backbone Taxonomy,Pluto Sphinx,
Yuhina everetti,Chestnut-crested Yuhina,Bird,2493179,confident,GBIF Backbone Taxonomy,Chestnut-crested Yuhina,
Zaedyus pichiy,,Mammal,,unresolved,,Pichi,
Zaglossus bruijni,Long-beaked Echidna,Mammal,2433391,confident,GBIF Backbone Taxonomy,Western Long-beaked Echidna,
Zalophus californianus,California Sea Lion,Mammal,2433458,confident,GBIF Backbone Taxonomy,California Sea Lion,
Zamenis longissima,,Reptile,2458538,requires_review,,Aesculapian Snake,
Zapus hudsonicus,meadow jumping mouse,Mammal,9437791,confident,GBIF Backbone Taxonomy,,
Zapus hudsonius,Hudson Bay Jumping Mouse,Mammal,2439467,confident,GBIF Backbone Taxonomy,Northern Meadow Jumping Mouse,
Zelotes rusticus,,Arachnid,11234508,unresolved,,,
Zonosaurus maximus,Giant zonosaur,Reptile,2451662,confident,GBIF Backbone Taxonomy,Southeastern Girdled Lizard,
Zonosaurus quadrilineatus,Four-lined Girdled Lizard,Reptile,2451663,confident,GBIF Backbone Taxonomy,Four-striped Girdled Lizard,
Zonotrichia albicollis,,Bird,5231140,unresolved,,White-throated Sparrow,
Zoothera heinei,Russet-tailed Thrush,Bird,2490919,confident,GBIF Backbone Taxonomy,Russet-tailed Thrush,
Zoothera lunulata,Australian ground thrush,Bird,2490897,confident,GBIF Backbone Taxonomy,Bassian Thrush,
Zophobas sp.,,Insect,7401343,requires_review,,,
Zophosis congesta,,Insect,4404350,requires_review,,,
Zosis geniculata,Humped Spider,Arachnid,2142547,confident,GBIF Backbone Taxonomy,Ninja-star Ceiling Spider,
Zosterops atricapilla,Black-capped White-eye,Bird,7341506,confident,GBIF Backbone Taxonomy,Black-capped White-eye,
Zosterops lateralis,Silver-eye,Bird,2489396,confident,GBIF Backbone Taxonomy,Silvereye,
Zosterops virens,CAWE,Bird,7857709,confident,GBIF Backbone Taxonomy,Cape White-eye,
Zygiella x-notata,,Arachnid,,unresolved,,Silver-sided Sector Spider,
Zygoballus rufipes,Hammer-jawed Jumping Spider,Arachnid,2174789,confident,GBIF Backbone Taxonomy,Hammer-jawed Jumping Spider,
